InvoiceNo,StockCode,Description,Quantity,InvoiceDate,UnitPrice,CustomerID,Country
536365,85123A,WHITE HANGING HEART T-LIGHT HOLDER,6,12/1/2010 8:26,2.55,17850.0,United Kingdom
536365,71053,WHITE METAL LANTERN,6,12/1/2010 8:26,3.39,17850.0,United Kingdom
536365,84406B,CREAM CUPID HEARTS COAT HANGER,8,12/1/2010 8:26,2.75,17850.0,United Kingdom
536365,84029G,KNITTED UNION FLAG HOT WATER BOTTLE,6,12/1/2010 8:26,3.39,17850.0,United Kingdom
536365,84029E,RED WOOLLY HOTTIE WHITE HEART.,6,12/1/2010 8:26,3.39,17850.0,United Kingdom
536365,22752,SET 7 BABUSHKA NESTING BOXES,2,12/1/2010 8:26,7.65,17850.0,United Kingdom
536365,21730,GLASS STAR FROSTED T-LIGHT HOLDER,6,12/1/2010 8:26,4.25,17850.0,United Kingdom
536414,85123A,WHITE HANGING HEART T-LIGHT HOLDER,8,12/2/2010 8:54,2.55,15118.0,United Kingdom
536414,22310,IVORY KNITTED MUG COSY,8,12/2/2010 8:54,1.65,15118.0,United Kingdom
536414,21777,RECIPE BOX WITH METAL HEART,8,12/2/2010 8:54,7.95,15118.0,United Kingdom
536414,85099B,JUMBO BAG RED RETROSPOT,4,12/2/2010 8:54,1.95,15118.0,United Kingdom
536414,21754,HOME BUILDING BLOCK WORD,8,12/2/2010 8:54,5.95,15118.0,United Kingdom
536414,21754,HOME BUILDING BLOCK WORD,2,12/2/2010 8:54,5.95,15118.0,United Kingdom
536474,21212,PACK OF 72 RETROSPOT CAKE CASES,6,12/2/2010 17:31,0.55,15492.0,United Kingdom
536474,84406B,CREAM CUPID HEARTS COAT HANGER,24,12/2/2010 17:31,2.75,15492.0,United Kingdom
536474,20725,LUNCH BAG RED RETROSPOT,48,12/2/2010 17:31,1.65,15492.0,United Kingdom
536474,22310,IVORY KNITTED MUG COSY,1,12/2/2010 17:31,1.65,15492.0,United Kingdom
536474,21755,LOVE BUILDING BLOCK WORD,2,12/2/2010 17:31,5.95,15492.0,United Kingdom
536552,20725,LUNCH BAG RED RETROSPOT,48,12/3/2010 8:42,1.65,17517.0,United Kingdom
536552,22960,JAM MAKING SET WITH JARS,1,12/3/2010 8:42,4.25,17517.0,United Kingdom
536552,84029G,KNITTED UNION FLAG HOT WATER BOTTLE,1,12/3/2010 8:42,3.39,17517.0,United Kingdom
536552,48187,DOORMAT NEW ENGLAND,6,12/3/2010 8:42,7.95,17517.0,United Kingdom
536552,22633,HAND WARMER UNION JACK,8,12/3/2010 8:42,1.85,17517.0,United Kingdom
536552,22960,JAM MAKING SET WITH JARS,6,12/3/2010 8:42,4.25,17517.0,United Kingdom
536552,84969,BOX OF 6 ASSORTED COLOUR TEASPOONS,12,12/3/2010 8:42,4.25,17517.0,United Kingdom
536552,22960,JAM MAKING SET WITH JARS,6,12/3/2010 8:42,4.25,17517.0,United Kingdom
536552,22310,IVORY KNITTED MUG COSY,24,12/3/2010 8:42,1.65,17517.0,United Kingdom
536552,21777,RECIPE BOX WITH METAL HEART,48,12/3/2010 8:42,7.95,17517.0,United Kingdom
536552,21730,GLASS STAR FROSTED T-LIGHT HOLDER,4,12/3/2010 8:42,4.25,17517.0,United Kingdom
536552,22613,PACK OF 20 SPACEBOY NAPKINS,4,12/3/2010 8:42,0.85,17517.0,United Kingdom
536552,84029G,KNITTED UNION FLAG HOT WATER BOTTLE,8,12/3/2010 8:42,3.39,17517.0,United Kingdom
536552,22623,BOX OF VINTAGE JIGSAW BLOCKS,12,12/3/2010 8:42,4.95,17517.0,United Kingdom
536552,22720,SET OF 3 CAKE TINS PANTRY DESIGN,3,12/3/2010 8:42,4.95,17517.0,United Kingdom
536552,48187,DOORMAT NEW ENGLAND,12,12/3/2010 8:42,7.95,17517.0,United Kingdom
536552,22423,REGENCY CAKESTAND 3 TIER,2,12/3/2010 8:42,12.75,17517.0,United Kingdom
536552,22423,REGENCY CAKESTAND 3 TIER,4,12/3/2010 8:42,12.75,17517.0,United Kingdom
536552,85123A,WHITE HANGING HEART T-LIGHT HOLDER,8,12/3/2010 8:42,2.55,17517.0,United Kingdom
536552,22720,SET OF 3 CAKE TINS PANTRY DESIGN,6,12/3/2010 8:42,4.95,17517.0,United Kingdom
536552,22960,JAM MAKING SET WITH JARS,12,12/3/2010 8:42,4.25,17517.0,United Kingdom
536552,21755,LOVE BUILDING BLOCK WORD,24,12/3/2010 8:42,5.95,17517.0,United Kingdom
536619,84029G,KNITTED UNION FLAG HOT WATER BOTTLE,1,12/3/2010 11:51,3.39,,United Kingdom
536619,22960,JAM MAKING SET WITH JARS,12,12/3/2010 11:51,4.25,,United Kingdom
536619,84029G,KNITTED UNION FLAG HOT WATER BOTTLE,1,12/3/2010 11:51,3.39,,United Kingdom
536619,84879,ASSORTED COLOUR BIRD ORNAMENT,4,12/3/2010 11:51,1.69,,United Kingdom
536619,84029E,RED WOOLLY HOTTIE WHITE HEART.,24,12/3/2010 11:51,3.39,,United Kingdom
536619,22623,BOX OF VINTAGE JIGSAW BLOCKS,48,12/3/2010 11:51,4.95,,United Kingdom
536619,85099B,,4,12/3/2010 11:51,1.95,,United Kingdom
536619,85123A,,48,12/3/2010 11:51,2.55,,United Kingdom
536619,22310,IVORY KNITTED MUG COSY,3,12/3/2010 11:51,1.65,,United Kingdom
536619,84969,BOX OF 6 ASSORTED COLOUR TEASPOONS,1,12/3/2010 11:51,4.25,,United Kingdom
536619,84879,ASSORTED COLOUR BIRD ORNAMENT,4,12/3/2010 11:51,1.69,,United Kingdom
536619,22197,SMALL POPCORN HOLDER,4,12/3/2010 11:51,0.85,,United Kingdom
536619,85099B,JUMBO BAG RED RETROSPOT,1,12/3/2010 11:51,1.95,,United Kingdom
536619,85099B,JUMBO BAG RED RETROSPOT,12,12/3/2010 11:51,1.95,,United Kingdom
536619,71053,WHITE METAL LANTERN,1,12/3/2010 11:51,3.39,,United Kingdom
536619,84406B,CREAM CUPID HEARTS COAT HANGER,6,12/3/2010 11:51,2.75,,United Kingdom
536619,22197,SMALL POPCORN HOLDER,8,12/3/2010 11:51,0.85,,United Kingdom
536619,22960,JAM MAKING SET WITH JARS,2,12/3/2010 11:51,4.25,,United Kingdom
536685,22960,JAM MAKING SET WITH JARS,4,12/3/2010 16:40,4.25,17427.0,United Kingdom
536685,21754,HOME BUILDING BLOCK WORD,6,12/3/2010 16:40,5.95,17427.0,United Kingdom
536685,21755,LOVE BUILDING BLOCK WORD,3,12/3/2010 16:40,5.95,17427.0,United Kingdom
536685,21754,HOME BUILDING BLOCK WORD,3,12/3/2010 16:40,5.95,17427.0,United Kingdom
536685,22752,SET 7 BABUSHKA NESTING BOXES,2,12/3/2010 16:40,7.65,17427.0,United Kingdom
536685,71053,WHITE METAL LANTERN,2,12/3/2010 16:40,3.39,17427.0,United Kingdom
536685,22632,HAND WARMER RED POLKA DOT,12,12/3/2010 16:40,1.85,17427.0,United Kingdom
536685,85123A,WHITE HANGING HEART T-LIGHT HOLDER,12,12/3/2010 16:40,2.55,17427.0,United Kingdom
536735,22423,REGENCY CAKESTAND 3 TIER,6,12/4/2010 9:31,12.75,15217.0,United Kingdom
536735,22633,HAND WARMER UNION JACK,24,12/4/2010 9:31,1.85,15217.0,United Kingdom
536735,85099B,JUMBO BAG RED RETROSPOT,48,12/4/2010 9:31,1.95,15217.0,United Kingdom
536735,22720,SET OF 3 CAKE TINS PANTRY DESIGN,4,12/4/2010 9:31,4.95,15217.0,United Kingdom
536735,21755,LOVE BUILDING BLOCK WORD,8,12/4/2010 9:31,5.95,15217.0,United Kingdom
536735,21730,GLASS STAR FROSTED T-LIGHT HOLDER,48,12/4/2010 9:31,4.25,15217.0,United Kingdom
536735,84969,BOX OF 6 ASSORTED COLOUR TEASPOONS,2,12/4/2010 9:31,4.25,15217.0,United Kingdom
536735,21212,PACK OF 72 RETROSPOT CAKE CASES,3,12/4/2010 9:31,0.55,15217.0,United Kingdom
536735,47566,PARTY BUNTING,8,12/4/2010 9:31,4.95,15217.0,United Kingdom
536735,85099B,JUMBO BAG RED RETROSPOT,48,12/4/2010 9:31,1.95,15217.0,United Kingdom
536735,20725,LUNCH BAG RED RETROSPOT,12,12/4/2010 9:31,1.65,15217.0,United Kingdom
536735,85099B,JUMBO BAG RED RETROSPOT,24,12/4/2010 9:31,1.95,15217.0,United Kingdom
536735,48187,DOORMAT NEW ENGLAND,4,12/4/2010 9:31,7.95,15217.0,United Kingdom
536735,21777,RECIPE BOX WITH METAL HEART,3,12/4/2010 9:31,7.95,15217.0,United Kingdom
536735,84029G,KNITTED UNION FLAG HOT WATER BOTTLE,1,12/4/2010 9:31,3.39,15217.0,United Kingdom
536735,23084,RABBIT NIGHT LIGHT,48,12/4/2010 9:31,2.08,15217.0,United Kingdom
536813,22633,HAND WARMER UNION JACK,48,12/4/2010 12:51,1.85,13189.0,United Kingdom
536813,22623,BOX OF VINTAGE JIGSAW BLOCKS,6,12/4/2010 12:51,4.95,13189.0,United Kingdom
536813,22748,POPPY'S PLAYHOUSE KITCHEN,1,12/4/2010 12:51,2.1,13189.0,United Kingdom
536813,21730,GLASS STAR FROSTED T-LIGHT HOLDER,8,12/4/2010 12:51,4.25,13189.0,United Kingdom
536813,22613,PACK OF 20 SPACEBOY NAPKINS,1,12/4/2010 12:51,0.85,13189.0,United Kingdom
536813,20725,LUNCH BAG RED RETROSPOT,6,12/4/2010 12:51,1.65,13189.0,United Kingdom
536813,85123A,WHITE HANGING HEART T-LIGHT HOLDER,24,12/4/2010 12:51,2.55,13189.0,United Kingdom
536813,21777,RECIPE BOX WITH METAL HEART,48,12/4/2010 12:51,7.95,13189.0,United Kingdom
536856,22745,POPPY'S PLAYHOUSE BEDROOM,12,12/5/2010 8:17,2.1,18247.0,United Kingdom
536856,20725,LUNCH BAG RED RETROSPOT,3,12/5/2010 8:17,1.65,18247.0,United Kingdom
536914,20725,LUNCH BAG RED RETROSPOT,6,12/5/2010 15:00,1.65,13778.0,United Kingdom
536914,22310,IVORY KNITTED MUG COSY,1,12/5/2010 15:00,1.65,13778.0,United Kingdom
536914,22913,RED COAT RACK PARIS FASHION,8,12/5/2010 15:00,4.95,13778.0,United Kingdom
536914,20725,LUNCH BAG RED RETROSPOT,6,12/5/2010 15:00,1.65,13778.0,United Kingdom
536914,21212,PACK OF 72 RETROSPOT CAKE CASES,12,12/5/2010 15:00,0.55,13778.0,United Kingdom
536914,22960,JAM MAKING SET WITH JARS,6,12/5/2010 15:00,4.25,13778.0,United Kingdom
536975,21754,HOME BUILDING BLOCK WORD,4,12/6/2010 8:51,5.95,14729.0,United Kingdom
536975,84969,BOX OF 6 ASSORTED COLOUR TEASPOONS,2,12/6/2010 8:51,4.25,14729.0,United Kingdom
536975,23084,RABBIT NIGHT LIGHT,24,12/6/2010 8:51,2.08,14729.0,United Kingdom
537043,22423,REGENCY CAKESTAND 3 TIER,48,12/6/2010 16:32,12.75,17741.0,United Kingdom
537104,22748,POPPY'S PLAYHOUSE KITCHEN,48,12/7/2010 10:41,2.1,17635.0,United Kingdom
537104,23084,RABBIT NIGHT LIGHT,3,12/7/2010 10:41,2.08,17635.0,United Kingdom
537166,22745,POPPY'S PLAYHOUSE BEDROOM,1,12/8/2010 8:17,2.1,15088.0,United Kingdom
537166,85099B,JUMBO BAG RED RETROSPOT,3,12/8/2010 8:17,1.95,15088.0,United Kingdom
537166,23084,RABBIT NIGHT LIGHT,3,12/8/2010 8:17,2.08,15088.0,United Kingdom
537166,22720,SET OF 3 CAKE TINS PANTRY DESIGN,3,12/8/2010 8:17,4.95,15088.0,United Kingdom
537166,22633,HAND WARMER UNION JACK,1,12/8/2010 8:17,1.85,15088.0,United Kingdom
537166,22623,BOX OF VINTAGE JIGSAW BLOCKS,2,12/8/2010 8:17,4.95,15088.0,United Kingdom
537166,22623,BOX OF VINTAGE JIGSAW BLOCKS,48,12/8/2010 8:17,4.95,15088.0,United Kingdom
537166,85123A,WHITE HANGING HEART T-LIGHT HOLDER,48,12/8/2010 8:17,2.55,15088.0,United Kingdom
537166,22613,PACK OF 20 SPACEBOY NAPKINS,8,12/8/2010 8:17,0.85,15088.0,United Kingdom
537166,22752,SET 7 BABUSHKA NESTING BOXES,24,12/8/2010 8:17,7.65,15088.0,United Kingdom
537166,20725,LUNCH BAG RED RETROSPOT,2,12/8/2010 8:17,1.65,15088.0,United Kingdom
537166,22623,BOX OF VINTAGE JIGSAW BLOCKS,6,12/8/2010 8:17,4.95,15088.0,United Kingdom
537166,23084,RABBIT NIGHT LIGHT,3,12/8/2010 8:17,2.08,15088.0,United Kingdom
537166,21212,PACK OF 72 RETROSPOT CAKE CASES,24,12/8/2010 8:17,0.55,15088.0,United Kingdom
537166,21754,HOME BUILDING BLOCK WORD,1,12/8/2010 8:17,5.95,15088.0,United Kingdom
537166,84879,ASSORTED COLOUR BIRD ORNAMENT,24,12/8/2010 8:17,1.69,15088.0,United Kingdom
537166,23084,RABBIT NIGHT LIGHT,6,12/8/2010 8:17,2.08,15088.0,United Kingdom
537166,22197,SMALL POPCORN HOLDER,48,12/8/2010 8:17,0.85,15088.0,United Kingdom
537166,23084,RABBIT NIGHT LIGHT,4,12/8/2010 8:17,2.08,15088.0,United Kingdom
537166,22423,REGENCY CAKESTAND 3 TIER,6,12/8/2010 8:17,12.75,15088.0,United Kingdom
537166,22613,PACK OF 20 SPACEBOY NAPKINS,4,12/8/2010 8:17,0.85,15088.0,United Kingdom
537166,22720,SET OF 3 CAKE TINS PANTRY DESIGN,12,12/8/2010 8:17,4.95,15088.0,United Kingdom
537166,71053,WHITE METAL LANTERN,6,12/8/2010 8:17,3.39,15088.0,United Kingdom
537207,22623,BOX OF VINTAGE JIGSAW BLOCKS,2,12/8/2010 15:39,4.95,13702.0,United Kingdom
537207,22720,SET OF 3 CAKE TINS PANTRY DESIGN,48,12/8/2010 15:39,4.95,13702.0,United Kingdom
537207,48187,DOORMAT NEW ENGLAND,6,12/8/2010 15:39,7.95,13702.0,United Kingdom
537207,22748,POPPY'S PLAYHOUSE KITCHEN,24,12/8/2010 15:39,2.1,13702.0,United Kingdom
537207,21777,RECIPE BOX WITH METAL HEART,6,12/8/2010 15:39,7.95,13702.0,United Kingdom
537207,21730,GLASS STAR FROSTED T-LIGHT HOLDER,1,12/8/2010 15:39,4.25,13702.0,United Kingdom
537207,47566,PARTY BUNTING,8,12/8/2010 15:39,4.95,13702.0,United Kingdom
537207,22960,JAM MAKING SET WITH JARS,3,12/8/2010 15:39,4.25,13702.0,United Kingdom
537207,84879,ASSORTED COLOUR BIRD ORNAMENT,6,12/8/2010 15:39,1.69,13702.0,United Kingdom
537207,84969,BOX OF 6 ASSORTED COLOUR TEASPOONS,1,12/8/2010 15:39,4.25,13702.0,United Kingdom
537207,21777,RECIPE BOX WITH METAL HEART,1,12/8/2010 15:39,7.95,13702.0,United Kingdom
537207,21730,GLASS STAR FROSTED T-LIGHT HOLDER,2,12/8/2010 15:39,4.25,13702.0,United Kingdom
537207,85123A,WHITE HANGING HEART T-LIGHT HOLDER,3,12/8/2010 15:39,2.55,13702.0,United Kingdom
537207,21730,GLASS STAR FROSTED T-LIGHT HOLDER,6,12/8/2010 15:39,4.25,13702.0,United Kingdom
537207,21754,HOME BUILDING BLOCK WORD,6,12/8/2010 15:39,5.95,13702.0,United Kingdom
537207,21730,GLASS STAR FROSTED T-LIGHT HOLDER,1,12/8/2010 15:39,4.25,13702.0,United Kingdom
537207,21755,LOVE BUILDING BLOCK WORD,3,12/8/2010 15:39,5.95,13702.0,United Kingdom
537207,84879,ASSORTED COLOUR BIRD ORNAMENT,1,12/8/2010 15:39,1.69,13702.0,United Kingdom
537207,84969,BOX OF 6 ASSORTED COLOUR TEASPOONS,12,12/8/2010 15:39,4.25,13702.0,United Kingdom
537207,85099B,JUMBO BAG RED RETROSPOT,6,12/8/2010 15:39,1.95,13702.0,United Kingdom
537207,84029G,KNITTED UNION FLAG HOT WATER BOTTLE,6,12/8/2010 15:39,3.39,13702.0,United Kingdom
537207,22310,IVORY KNITTED MUG COSY,8,12/8/2010 15:39,1.65,13702.0,United Kingdom
537207,22310,IVORY KNITTED MUG COSY,12,12/8/2010 15:39,1.65,13702.0,United Kingdom
C537254,21755,LOVE BUILDING BLOCK WORD,-4,12/9/2010 8:13,5.95,14744.0,United Kingdom
C537254,85123A,WHITE HANGING HEART T-LIGHT HOLDER,-48,12/9/2010 8:13,2.55,14744.0,United Kingdom
C537254,22913,RED COAT RACK PARIS FASHION,-4,12/9/2010 8:13,4.95,14744.0,United Kingdom
C537254,22632,HAND WARMER RED POLKA DOT,-6,12/9/2010 8:13,1.85,14744.0,United Kingdom
C537254,84029G,KNITTED UNION FLAG HOT WATER BOTTLE,-3,12/9/2010 8:13,3.39,14744.0,United Kingdom
C537254,22720,SET OF 3 CAKE TINS PANTRY DESIGN,-8,12/9/2010 8:13,4.95,14744.0,United Kingdom
C537254,22745,POPPY'S PLAYHOUSE BEDROOM,-1,12/9/2010 8:13,2.1,14744.0,United Kingdom
C537254,22623,BOX OF VINTAGE JIGSAW BLOCKS,-8,12/9/2010 8:13,4.95,14744.0,United Kingdom
C537254,22633,HAND WARMER UNION JACK,-2,12/9/2010 8:13,1.85,14744.0,United Kingdom
C537254,84029G,KNITTED UNION FLAG HOT WATER BOTTLE,-4,12/9/2010 8:13,3.39,14744.0,United Kingdom
C537254,22745,POPPY'S PLAYHOUSE BEDROOM,-8,12/9/2010 8:13,2.1,14744.0,United Kingdom
C537254,22310,IVORY KNITTED MUG COSY,-2,12/9/2010 8:13,1.65,14744.0,United Kingdom
C537254,22310,IVORY KNITTED MUG COSY,-24,12/9/2010 8:13,1.65,14744.0,United Kingdom
C537254,71053,WHITE METAL LANTERN,-8,12/9/2010 8:13,3.39,14744.0,United Kingdom
C537254,21212,PACK OF 72 RETROSPOT CAKE CASES,-24,12/9/2010 8:13,0.55,14744.0,United Kingdom
C537254,84029G,KNITTED UNION FLAG HOT WATER BOTTLE,-2,12/9/2010 8:13,3.39,14744.0,United Kingdom
537313,84879,ASSORTED COLOUR BIRD ORNAMENT,24,12/9/2010 15:39,1.69,13676.0,United Kingdom
537313,22752,SET 7 BABUSHKA NESTING BOXES,4,12/9/2010 15:39,7.65,13676.0,United Kingdom
537313,22423,REGENCY CAKESTAND 3 TIER,8,12/9/2010 15:39,12.75,13676.0,United Kingdom
537313,22423,REGENCY CAKESTAND 3 TIER,8,12/9/2010 15:39,12.75,13676.0,United Kingdom
537313,21754,HOME BUILDING BLOCK WORD,8,12/9/2010 15:39,5.95,13676.0,United Kingdom
537313,22960,JAM MAKING SET WITH JARS,6,12/9/2010 15:39,4.25,13676.0,United Kingdom
537313,22960,JAM MAKING SET WITH JARS,48,12/9/2010 15:39,4.25,13676.0,United Kingdom
537313,21212,PACK OF 72 RETROSPOT CAKE CASES,12,12/9/2010 15:39,0.55,13676.0,United Kingdom
537313,21730,GLASS STAR FROSTED T-LIGHT HOLDER,6,12/9/2010 15:39,4.25,13676.0,United Kingdom
537313,22310,IVORY KNITTED MUG COSY,4,12/9/2010 15:39,1.65,13676.0,United Kingdom
537313,20725,LUNCH BAG RED RETROSPOT,3,12/9/2010 15:39,1.65,13676.0,United Kingdom
537313,22423,REGENCY CAKESTAND 3 TIER,8,12/9/2010 15:39,12.75,13676.0,United Kingdom
537313,22310,IVORY KNITTED MUG COSY,24,12/9/2010 15:39,1.65,13676.0,United Kingdom
537313,21755,LOVE BUILDING BLOCK WORD,8,12/9/2010 15:39,5.95,13676.0,United Kingdom
537313,84969,BOX OF 6 ASSORTED COLOUR TEASPOONS,6,12/9/2010 15:39,4.25,13676.0,United Kingdom
537313,22960,JAM MAKING SET WITH JARS,1,12/9/2010 15:39,4.25,13676.0,United Kingdom
537313,85099B,JUMBO BAG RED RETROSPOT,24,12/9/2010 15:39,1.95,13676.0,United Kingdom
537313,22423,REGENCY CAKESTAND 3 TIER,12,12/9/2010 15:39,12.75,13676.0,United Kingdom
537369,21777,RECIPE BOX WITH METAL HEART,48,12/10/2010 8:48,7.95,17075.0,United Kingdom
537369,21754,HOME BUILDING BLOCK WORD,48,12/10/2010 8:48,5.95,17075.0,United Kingdom
537369,22913,RED COAT RACK PARIS FASHION,3,12/10/2010 8:48,4.95,17075.0,United Kingdom
537369,22752,SET 7 BABUSHKA NESTING BOXES,2,12/10/2010 8:48,7.65,17075.0,United Kingdom
537369,47566,PARTY BUNTING,1,12/10/2010 8:48,4.95,17075.0,United Kingdom
537369,21754,HOME BUILDING BLOCK WORD,48,12/10/2010 8:48,5.95,17075.0,United Kingdom
537369,47566,PARTY BUNTING,6,12/10/2010 8:48,4.95,17075.0,United Kingdom
537369,84406B,CREAM CUPID HEARTS COAT HANGER,8,12/10/2010 8:48,2.75,17075.0,United Kingdom
537369,21730,GLASS STAR FROSTED T-LIGHT HOLDER,12,12/10/2010 8:48,4.25,17075.0,United Kingdom
537369,47566,PARTY BUNTING,3,12/10/2010 8:48,4.95,17075.0,United Kingdom
537369,22310,IVORY KNITTED MUG COSY,12,12/10/2010 8:48,1.65,17075.0,United Kingdom
537369,21212,PACK OF 72 RETROSPOT CAKE CASES,4,12/10/2010 8:48,0.55,17075.0,United Kingdom
537369,20725,LUNCH BAG RED RETROSPOT,24,12/10/2010 8:48,1.65,17075.0,United Kingdom
537369,85099B,JUMBO BAG RED RETROSPOT,8,12/10/2010 8:48,1.95,17075.0,United Kingdom
537369,23084,RABBIT NIGHT LIGHT,4,12/10/2010 8:48,2.08,17075.0,United Kingdom
537369,22960,JAM MAKING SET WITH JARS,1,12/10/2010 8:48,4.25,17075.0,United Kingdom
537435,22748,POPPY'S PLAYHOUSE KITCHEN,24,12/11/2010 11:09,2.1,,United Kingdom
537435,22623,BOX OF VINTAGE JIGSAW BLOCKS,3,12/11/2010 11:09,4.95,,United Kingdom
537435,22633,HAND WARMER UNION JACK,1,12/11/2010 11:09,1.85,,United Kingdom
537435,21754,,12,12/11/2010 11:09,5.95,,United Kingdom
537435,22623,,1,12/11/2010 11:09,4.95,,United Kingdom
537435,22913,RED COAT RACK PARIS FASHION,24,12/11/2010 11:09,4.95,,United Kingdom
537493,71053,WHITE METAL LANTERN,8,12/11/2010 17:01,3.39,,United Kingdom
537493,22960,JAM MAKING SET WITH JARS,3,12/11/2010 17:01,4.25,,United Kingdom
537493,47566,PARTY BUNTING,12,12/11/2010 17:01,4.95,,United Kingdom
537493,85099B,JUMBO BAG RED RETROSPOT,4,12/11/2010 17:01,1.95,,United Kingdom
537493,84406B,CREAM CUPID HEARTS COAT HANGER,24,12/11/2010 17:01,2.75,,United Kingdom
537493,22197,SMALL POPCORN HOLDER,12,12/11/2010 17:01,0.85,,United Kingdom
537493,22913,RED COAT RACK PARIS FASHION,2,12/11/2010 17:01,4.95,,United Kingdom
537493,22613,PACK OF 20 SPACEBOY NAPKINS,1,12/11/2010 17:01,0.85,,United Kingdom
537493,21777,RECIPE BOX WITH METAL HEART,3,12/11/2010 17:01,7.95,,United Kingdom
537493,22960,JAM MAKING SET WITH JARS,4,12/11/2010 17:01,4.25,,United Kingdom
537493,84969,BOX OF 6 ASSORTED COLOUR TEASPOONS,4,12/11/2010 17:01,4.25,,United Kingdom
537493,84879,ASSORTED COLOUR BIRD ORNAMENT,12,12/11/2010 17:01,1.69,,United Kingdom
537493,21730,GLASS STAR FROSTED T-LIGHT HOLDER,3,12/11/2010 17:01,4.25,,United Kingdom
537493,21730,GLASS STAR FROSTED T-LIGHT HOLDER,4,12/11/2010 17:01,4.25,,United Kingdom
537493,85123A,,4,12/11/2010 17:01,2.55,,United Kingdom
537493,22613,PACK OF 20 SPACEBOY NAPKINS,3,12/11/2010 17:01,0.85,,United Kingdom
537493,21730,GLASS STAR FROSTED T-LIGHT HOLDER,3,12/11/2010 17:01,4.25,,United Kingdom
537493,22623,BOX OF VINTAGE JIGSAW BLOCKS,24,12/11/2010 17:01,4.95,,United Kingdom
537493,22632,HAND WARMER RED POLKA DOT,24,12/11/2010 17:01,1.85,,United Kingdom
537493,22960,JAM MAKING SET WITH JARS,1,12/11/2010 17:01,4.25,,United Kingdom
537493,21777,RECIPE BOX WITH METAL HEART,24,12/11/2010 17:01,7.95,,United Kingdom
537493,47566,PARTY BUNTING,2,12/11/2010 17:01,4.95,,United Kingdom
537493,85099B,JUMBO BAG RED RETROSPOT,24,12/11/2010 17:01,1.95,,United Kingdom
537567,84406B,CREAM CUPID HEARTS COAT HANGER,24,12/12/2010 11:58,2.75,13132.0,United Kingdom
537567,22623,BOX OF VINTAGE JIGSAW BLOCKS,1,12/12/2010 11:58,4.95,13132.0,United Kingdom
537567,22745,POPPY'S PLAYHOUSE BEDROOM,48,12/12/2010 11:58,2.1,13132.0,United Kingdom
537567,21730,GLASS STAR FROSTED T-LIGHT HOLDER,6,12/12/2010 11:58,4.25,13132.0,United Kingdom
537567,21777,RECIPE BOX WITH METAL HEART,4,12/12/2010 11:58,7.95,13132.0,United Kingdom
537567,71053,WHITE METAL LANTERN,2,12/12/2010 11:58,3.39,13132.0,United Kingdom
537567,21777,RECIPE BOX WITH METAL HEART,2,12/12/2010 11:58,7.95,13132.0,United Kingdom
537567,84879,ASSORTED COLOUR BIRD ORNAMENT,3,12/12/2010 11:58,1.69,13132.0,United Kingdom
537567,21777,RECIPE BOX WITH METAL HEART,48,12/12/2010 11:58,7.95,13132.0,United Kingdom
537567,22632,HAND WARMER RED POLKA DOT,24,12/12/2010 11:58,1.85,13132.0,United Kingdom
537567,22745,POPPY'S PLAYHOUSE BEDROOM,6,12/12/2010 11:58,2.1,13132.0,United Kingdom
537567,84029G,KNITTED UNION FLAG HOT WATER BOTTLE,12,12/12/2010 11:58,3.39,13132.0,United Kingdom
537567,22623,BOX OF VINTAGE JIGSAW BLOCKS,1,12/12/2010 11:58,4.95,13132.0,United Kingdom
537567,84406B,CREAM CUPID HEARTS COAT HANGER,4,12/12/2010 11:58,2.75,13132.0,United Kingdom
537567,22748,POPPY'S PLAYHOUSE KITCHEN,8,12/12/2010 11:58,2.1,13132.0,United Kingdom
537567,22623,BOX OF VINTAGE JIGSAW BLOCKS,24,12/12/2010 11:58,4.95,13132.0,United Kingdom
537567,22748,POPPY'S PLAYHOUSE KITCHEN,12,12/12/2010 11:58,2.1,13132.0,United Kingdom
537613,22613,PACK OF 20 SPACEBOY NAPKINS,48,12/13/2010 8:15,0.85,,United Kingdom
537613,21212,PACK OF 72 RETROSPOT CAKE CASES,24,12/13/2010 8:15,0.55,,United Kingdom
537613,84879,ASSORTED COLOUR BIRD ORNAMENT,1,12/13/2010 8:15,1.69,,United Kingdom
537613,21212,PACK OF 72 RETROSPOT CAKE CASES,2,12/13/2010 8:15,0.55,,United Kingdom
537613,84029G,KNITTED UNION FLAG HOT WATER BOTTLE,2,12/13/2010 8:15,3.39,,United Kingdom
537613,22613,PACK OF 20 SPACEBOY NAPKINS,3,12/13/2010 8:15,0.85,,United Kingdom
537613,84029G,KNITTED UNION FLAG HOT WATER BOTTLE,24,12/13/2010 8:15,3.39,,United Kingdom
537613,22310,IVORY KNITTED MUG COSY,1,12/13/2010 8:15,1.65,,United Kingdom
537613,22423,REGENCY CAKESTAND 3 TIER,12,12/13/2010 8:15,12.75,,United Kingdom
537613,22197,SMALL POPCORN HOLDER,2,12/13/2010 8:15,0.85,,United Kingdom
537613,22623,BOX OF VINTAGE JIGSAW BLOCKS,12,12/13/2010 8:15,4.95,,United Kingdom
537613,22745,POPPY'S PLAYHOUSE BEDROOM,4,12/13/2010 8:15,2.1,,United Kingdom
537613,21730,GLASS STAR FROSTED T-LIGHT HOLDER,1,12/13/2010 8:15,4.25,,United Kingdom
537613,21754,HOME BUILDING BLOCK WORD,48,12/13/2010 8:15,5.95,,United Kingdom
537613,22748,POPPY'S PLAYHOUSE KITCHEN,6,12/13/2010 8:15,2.1,,United Kingdom
537613,21212,PACK OF 72 RETROSPOT CAKE CASES,3,12/13/2010 8:15,0.55,,United Kingdom
537613,22197,SMALL POPCORN HOLDER,2,12/13/2010 8:15,0.85,,United Kingdom
537613,21212,PACK OF 72 RETROSPOT CAKE CASES,2,12/13/2010 8:15,0.55,,United Kingdom
537672,21777,RECIPE BOX WITH METAL HEART,48,12/13/2010 19:34,7.95,15920.0,United Kingdom
537740,21755,LOVE BUILDING BLOCK WORD,24,12/14/2010 10:50,5.95,15883.0,United Kingdom
537740,21754,HOME BUILDING BLOCK WORD,12,12/14/2010 10:50,5.95,15883.0,United Kingdom
537740,22752,SET 7 BABUSHKA NESTING BOXES,48,12/14/2010 10:50,7.65,15883.0,United Kingdom
537740,22720,SET OF 3 CAKE TINS PANTRY DESIGN,8,12/14/2010 10:50,4.95,15883.0,United Kingdom
537740,84029E,RED WOOLLY HOTTIE WHITE HEART.,4,12/14/2010 10:50,3.39,15883.0,United Kingdom
537740,22633,HAND WARMER UNION JACK,1,12/14/2010 10:50,1.85,15883.0,United Kingdom
537740,22423,REGENCY CAKESTAND 3 TIER,4,12/14/2010 10:50,12.75,15883.0,United Kingdom
537807,22310,IVORY KNITTED MUG COSY,24,12/14/2010 19:13,1.65,17912.0,United Kingdom
537807,22632,HAND WARMER RED POLKA DOT,24,12/14/2010 19:13,1.85,17912.0,United Kingdom
537807,22613,PACK OF 20 SPACEBOY NAPKINS,12,12/14/2010 19:13,0.85,17912.0,United Kingdom
537807,22633,HAND WARMER UNION JACK,1,12/14/2010 19:13,1.85,17912.0,United Kingdom
537807,22623,BOX OF VINTAGE JIGSAW BLOCKS,48,12/14/2010 19:13,4.95,17912.0,United Kingdom
537807,85123A,WHITE HANGING HEART T-LIGHT HOLDER,24,12/14/2010 19:13,2.55,17912.0,United Kingdom
537807,84029E,RED WOOLLY HOTTIE WHITE HEART.,24,12/14/2010 19:13,3.39,17912.0,United Kingdom
537807,21754,HOME BUILDING BLOCK WORD,1,12/14/2010 19:13,5.95,17912.0,United Kingdom
537807,22748,POPPY'S PLAYHOUSE KITCHEN,2,12/14/2010 19:13,2.1,17912.0,United Kingdom
537807,22623,BOX OF VINTAGE JIGSAW BLOCKS,2,12/14/2010 19:13,4.95,17912.0,United Kingdom
537807,21777,RECIPE BOX WITH METAL HEART,12,12/14/2010 19:13,7.95,17912.0,United Kingdom
537807,22613,PACK OF 20 SPACEBOY NAPKINS,4,12/14/2010 19:13,0.85,17912.0,United Kingdom
537807,22633,HAND WARMER UNION JACK,1,12/14/2010 19:13,1.85,17912.0,United Kingdom
537807,84406B,CREAM CUPID HEARTS COAT HANGER,8,12/14/2010 19:13,2.75,17912.0,United Kingdom
537807,85123A,WHITE HANGING HEART T-LIGHT HOLDER,24,12/14/2010 19:13,2.55,17912.0,United Kingdom
537807,84029G,KNITTED UNION FLAG HOT WATER BOTTLE,1,12/14/2010 19:13,3.39,17912.0,United Kingdom
537807,20725,LUNCH BAG RED RETROSPOT,8,12/14/2010 19:13,1.65,17912.0,United Kingdom
537807,21212,PACK OF 72 RETROSPOT CAKE CASES,1,12/14/2010 19:13,0.55,17912.0,United Kingdom
537807,85099B,JUMBO BAG RED RETROSPOT,8,12/14/2010 19:13,1.95,17912.0,United Kingdom
537807,84879,ASSORTED COLOUR BIRD ORNAMENT,3,12/14/2010 19:13,1.69,17912.0,United Kingdom
537807,85123A,WHITE HANGING HEART T-LIGHT HOLDER,24,12/14/2010 19:13,2.55,17912.0,United Kingdom
537807,85099B,JUMBO BAG RED RETROSPOT,4,12/14/2010 19:13,1.95,17912.0,United Kingdom
537859,22613,PACK OF 20 SPACEBOY NAPKINS,2,12/15/2010 9:41,0.85,17765.0,United Kingdom
537859,85099B,JUMBO BAG RED RETROSPOT,24,12/15/2010 9:41,1.95,17765.0,United Kingdom
537859,21730,GLASS STAR FROSTED T-LIGHT HOLDER,6,12/15/2010 9:41,4.25,17765.0,United Kingdom
537859,22913,RED COAT RACK PARIS FASHION,8,12/15/2010 9:41,4.95,17765.0,United Kingdom
537859,84879,ASSORTED COLOUR BIRD ORNAMENT,4,12/15/2010 9:41,1.69,17765.0,United Kingdom
537859,22960,JAM MAKING SET WITH JARS,2,12/15/2010 9:41,4.25,17765.0,United Kingdom
537859,84879,ASSORTED COLOUR BIRD ORNAMENT,48,12/15/2010 9:41,1.69,17765.0,United Kingdom
537859,47566,PARTY BUNTING,4,12/15/2010 9:41,4.95,17765.0,United Kingdom
537859,22632,HAND WARMER RED POLKA DOT,4,12/15/2010 9:41,1.85,17765.0,United Kingdom
537859,21730,GLASS STAR FROSTED T-LIGHT HOLDER,2,12/15/2010 9:41,4.25,17765.0,United Kingdom
537859,84029G,KNITTED UNION FLAG HOT WATER BOTTLE,3,12/15/2010 9:41,3.39,17765.0,United Kingdom
537859,48187,DOORMAT NEW ENGLAND,1,12/15/2010 9:41,7.95,17765.0,United Kingdom
537859,84029G,KNITTED UNION FLAG HOT WATER BOTTLE,48,12/15/2010 9:41,3.39,17765.0,United Kingdom
537859,21777,RECIPE BOX WITH METAL HEART,1,12/15/2010 9:41,7.95,17765.0,United Kingdom
537859,21730,GLASS STAR FROSTED T-LIGHT HOLDER,1,12/15/2010 9:41,4.25,17765.0,United Kingdom
537859,22197,SMALL POPCORN HOLDER,2,12/15/2010 9:41,0.85,17765.0,United Kingdom
537859,22748,POPPY'S PLAYHOUSE KITCHEN,8,12/15/2010 9:41,2.1,17765.0,United Kingdom
537859,21755,LOVE BUILDING BLOCK WORD,1,12/15/2010 9:41,5.95,17765.0,United Kingdom
537859,22633,HAND WARMER UNION JACK,6,12/15/2010 9:41,1.85,17765.0,United Kingdom
537859,22913,RED COAT RACK PARIS FASHION,8,12/15/2010 9:41,4.95,17765.0,United Kingdom
537935,22197,SMALL POPCORN HOLDER,8,12/15/2010 15:34,0.85,15400.0,United Kingdom
537935,84406B,CREAM CUPID HEARTS COAT HANGER,6,12/15/2010 15:34,2.75,15400.0,United Kingdom
537935,22960,JAM MAKING SET WITH JARS,8,12/15/2010 15:34,4.25,15400.0,United Kingdom
537935,47566,PARTY BUNTING,48,12/15/2010 15:34,4.95,15400.0,United Kingdom
537935,21754,HOME BUILDING BLOCK WORD,24,12/15/2010 15:34,5.95,15400.0,United Kingdom
537935,22960,JAM MAKING SET WITH JARS,1,12/15/2010 15:34,4.25,15400.0,United Kingdom
537975,21212,PACK OF 72 RETROSPOT CAKE CASES,24,12/16/2010 11:31,0.55,17051.0,United Kingdom
537975,23084,RABBIT NIGHT LIGHT,1,12/16/2010 11:31,2.08,17051.0,United Kingdom
537975,71053,WHITE METAL LANTERN,6,12/16/2010 11:31,3.39,17051.0,United Kingdom
537975,84029E,RED WOOLLY HOTTIE WHITE HEART.,24,12/16/2010 11:31,3.39,17051.0,United Kingdom
537975,84406B,CREAM CUPID HEARTS COAT HANGER,1,12/16/2010 11:31,2.75,17051.0,United Kingdom
537975,85099B,JUMBO BAG RED RETROSPOT,2,12/16/2010 11:31,1.95,17051.0,United Kingdom
537975,85123A,WHITE HANGING HEART T-LIGHT HOLDER,48,12/16/2010 11:31,2.55,17051.0,United Kingdom
537975,85123A,WHITE HANGING HEART T-LIGHT HOLDER,2,12/16/2010 11:31,2.55,17051.0,United Kingdom
537975,84029G,KNITTED UNION FLAG HOT WATER BOTTLE,3,12/16/2010 11:31,3.39,17051.0,United Kingdom
537975,22633,HAND WARMER UNION JACK,4,12/16/2010 11:31,1.85,17051.0,United Kingdom
537975,22720,SET OF 3 CAKE TINS PANTRY DESIGN,24,12/16/2010 11:31,4.95,17051.0,United Kingdom
537975,21777,RECIPE BOX WITH METAL HEART,8,12/16/2010 11:31,7.95,17051.0,United Kingdom
537975,22748,POPPY'S PLAYHOUSE KITCHEN,1,12/16/2010 11:31,2.1,17051.0,United Kingdom
537975,22960,JAM MAKING SET WITH JARS,3,12/16/2010 11:31,4.25,17051.0,United Kingdom
537975,21755,LOVE BUILDING BLOCK WORD,2,12/16/2010 11:31,5.95,17051.0,United Kingdom
537975,21754,HOME BUILDING BLOCK WORD,6,12/16/2010 11:31,5.95,17051.0,United Kingdom
537975,22633,HAND WARMER UNION JACK,24,12/16/2010 11:31,1.85,17051.0,United Kingdom
537975,84969,BOX OF 6 ASSORTED COLOUR TEASPOONS,1,12/16/2010 11:31,4.25,17051.0,United Kingdom
537975,84029E,RED WOOLLY HOTTIE WHITE HEART.,1,12/16/2010 11:31,3.39,17051.0,United Kingdom
537975,22745,POPPY'S PLAYHOUSE BEDROOM,1,12/16/2010 11:31,2.1,17051.0,United Kingdom
537975,48187,DOORMAT NEW ENGLAND,24,12/16/2010 11:31,7.95,17051.0,United Kingdom
537975,84406B,CREAM CUPID HEARTS COAT HANGER,12,12/16/2010 11:31,2.75,17051.0,United Kingdom
537975,22745,POPPY'S PLAYHOUSE BEDROOM,48,12/16/2010 11:31,2.1,17051.0,United Kingdom
538030,84406B,CREAM CUPID HEARTS COAT HANGER,48,12/16/2010 18:21,2.75,14109.0,United Kingdom
538030,84969,BOX OF 6 ASSORTED COLOUR TEASPOONS,4,12/16/2010 18:21,4.25,14109.0,United Kingdom
538030,21755,LOVE BUILDING BLOCK WORD,3,12/16/2010 18:21,5.95,14109.0,United Kingdom
538030,21730,GLASS STAR FROSTED T-LIGHT HOLDER,8,12/16/2010 18:21,4.25,14109.0,United Kingdom
538030,85099B,JUMBO BAG RED RETROSPOT,12,12/16/2010 18:21,1.95,14109.0,United Kingdom
538030,21730,GLASS STAR FROSTED T-LIGHT HOLDER,4,12/16/2010 18:21,4.25,14109.0,United Kingdom
538030,22752,SET 7 BABUSHKA NESTING BOXES,1,12/16/2010 18:21,7.65,14109.0,United Kingdom
538030,47566,PARTY BUNTING,4,12/16/2010 18:21,4.95,14109.0,United Kingdom
538030,84029E,RED WOOLLY HOTTIE WHITE HEART.,4,12/16/2010 18:21,3.39,14109.0,United Kingdom
538030,22913,RED COAT RACK PARIS FASHION,2,12/16/2010 18:21,4.95,14109.0,United Kingdom
538030,22632,HAND WARMER RED POLKA DOT,48,12/16/2010 18:21,1.85,14109.0,United Kingdom
538030,22632,HAND WARMER RED POLKA DOT,6,12/16/2010 18:21,1.85,14109.0,United Kingdom
538030,22613,PACK OF 20 SPACEBOY NAPKINS,24,12/16/2010 18:21,0.85,14109.0,United Kingdom
538030,21212,PACK OF 72 RETROSPOT CAKE CASES,2,12/16/2010 18:21,0.55,14109.0,United Kingdom
538030,22423,REGENCY CAKESTAND 3 TIER,2,12/16/2010 18:21,12.75,14109.0,United Kingdom
538030,21754,HOME BUILDING BLOCK WORD,8,12/16/2010 18:21,5.95,14109.0,United Kingdom
538030,71053,WHITE METAL LANTERN,8,12/16/2010 18:21,3.39,14109.0,United Kingdom
538030,20725,LUNCH BAG RED RETROSPOT,48,12/16/2010 18:21,1.65,14109.0,United Kingdom
538030,20725,LUNCH BAG RED RETROSPOT,48,12/16/2010 18:21,1.65,14109.0,United Kingdom
538030,22613,PACK OF 20 SPACEBOY NAPKINS,8,12/16/2010 18:21,0.85,14109.0,United Kingdom
538030,22310,IVORY KNITTED MUG COSY,3,12/16/2010 18:21,1.65,14109.0,United Kingdom
538108,84969,BOX OF 6 ASSORTED COLOUR TEASPOONS,8,12/17/2010 11:23,4.25,12779.0,United Kingdom
538108,22623,BOX OF VINTAGE JIGSAW BLOCKS,1,12/17/2010 11:23,4.95,12779.0,United Kingdom
538108,71053,WHITE METAL LANTERN,4,12/17/2010 11:23,3.39,12779.0,United Kingdom
538174,21755,LOVE BUILDING BLOCK WORD,1,12/17/2010 18:03,5.95,14403.0,EIRE
538174,22752,SET 7 BABUSHKA NESTING BOXES,4,12/17/2010 18:03,7.65,14403.0,EIRE
538174,22745,POPPY'S PLAYHOUSE BEDROOM,8,12/17/2010 18:03,2.1,14403.0,EIRE
538174,84406B,CREAM CUPID HEARTS COAT HANGER,8,12/17/2010 18:03,2.75,14403.0,EIRE
538174,47566,PARTY BUNTING,24,12/17/2010 18:03,4.95,14403.0,EIRE
538174,22913,RED COAT RACK PARIS FASHION,3,12/17/2010 18:03,4.95,14403.0,EIRE
538174,84406B,CREAM CUPID HEARTS COAT HANGER,4,12/17/2010 18:03,2.75,14403.0,EIRE
538174,20725,LUNCH BAG RED RETROSPOT,4,12/17/2010 18:03,1.65,14403.0,EIRE
538174,22633,HAND WARMER UNION JACK,8,12/17/2010 18:03,1.85,14403.0,EIRE
538174,21730,GLASS STAR FROSTED T-LIGHT HOLDER,24,12/17/2010 18:03,4.25,14403.0,EIRE
538174,84029E,RED WOOLLY HOTTIE WHITE HEART.,4,12/17/2010 18:03,3.39,14403.0,EIRE
538174,22623,BOX OF VINTAGE JIGSAW BLOCKS,24,12/17/2010 18:03,4.95,14403.0,EIRE
538174,48187,DOORMAT NEW ENGLAND,24,12/17/2010 18:03,7.95,14403.0,EIRE
538174,22632,HAND WARMER RED POLKA DOT,3,12/17/2010 18:03,1.85,14403.0,EIRE
538174,21755,LOVE BUILDING BLOCK WORD,8,12/17/2010 18:03,5.95,14403.0,EIRE
538174,85123A,WHITE HANGING HEART T-LIGHT HOLDER,6,12/17/2010 18:03,2.55,14403.0,EIRE
538174,47566,PARTY BUNTING,12,12/17/2010 18:03,4.95,14403.0,EIRE
538174,85099B,JUMBO BAG RED RETROSPOT,48,12/17/2010 18:03,1.95,14403.0,EIRE
538174,22310,IVORY KNITTED MUG COSY,2,12/17/2010 18:03,1.65,14403.0,EIRE
538174,84029E,RED WOOLLY HOTTIE WHITE HEART.,2,12/17/2010 18:03,3.39,14403.0,EIRE
538245,71053,WHITE METAL LANTERN,2,12/18/2010 11:13,3.39,17769.0,United Kingdom
538245,22960,JAM MAKING SET WITH JARS,2,12/18/2010 11:13,4.25,17769.0,United Kingdom
538245,20725,LUNCH BAG RED RETROSPOT,24,12/18/2010 11:13,1.65,17769.0,United Kingdom
538245,84969,BOX OF 6 ASSORTED COLOUR TEASPOONS,48,12/18/2010 11:13,4.25,17769.0,United Kingdom
538245,48187,DOORMAT NEW ENGLAND,1,12/18/2010 11:13,7.95,17769.0,United Kingdom
538245,23084,RABBIT NIGHT LIGHT,2,12/18/2010 11:13,2.08,17769.0,United Kingdom
538245,21730,GLASS STAR FROSTED T-LIGHT HOLDER,3,12/18/2010 11:13,4.25,17769.0,United Kingdom
538245,21755,LOVE BUILDING BLOCK WORD,24,12/18/2010 11:13,5.95,17769.0,United Kingdom
538245,21754,HOME BUILDING BLOCK WORD,4,12/18/2010 11:13,5.95,17769.0,United Kingdom
538303,22960,JAM MAKING SET WITH JARS,12,12/19/2010 11:53,4.25,17414.0,United Kingdom
538303,20725,LUNCH BAG RED RETROSPOT,48,12/19/2010 11:53,1.65,17414.0,United Kingdom
538303,85099B,JUMBO BAG RED RETROSPOT,3,12/19/2010 11:53,1.95,17414.0,United Kingdom
538303,21777,RECIPE BOX WITH METAL HEART,6,12/19/2010 11:53,7.95,17414.0,United Kingdom
538303,21730,GLASS STAR FROSTED T-LIGHT HOLDER,12,12/19/2010 11:53,4.25,17414.0,United Kingdom
538303,22752,SET 7 BABUSHKA NESTING BOXES,4,12/19/2010 11:53,7.65,17414.0,United Kingdom
538303,22720,SET OF 3 CAKE TINS PANTRY DESIGN,1,12/19/2010 11:53,4.95,17414.0,United Kingdom
538303,21777,RECIPE BOX WITH METAL HEART,12,12/19/2010 11:53,7.95,17414.0,United Kingdom
538303,85123A,WHITE HANGING HEART T-LIGHT HOLDER,3,12/19/2010 11:53,2.55,17414.0,United Kingdom
538303,22633,HAND WARMER UNION JACK,1,12/19/2010 11:53,1.85,17414.0,United Kingdom
538303,22197,SMALL POPCORN HOLDER,48,12/19/2010 11:53,0.85,17414.0,United Kingdom
538303,22623,BOX OF VINTAGE JIGSAW BLOCKS,12,12/19/2010 11:53,4.95,17414.0,United Kingdom
538303,22310,IVORY KNITTED MUG COSY,3,12/19/2010 11:53,1.65,17414.0,United Kingdom
538303,84029G,KNITTED UNION FLAG HOT WATER BOTTLE,6,12/19/2010 11:53,3.39,17414.0,United Kingdom
538303,47566,PARTY BUNTING,8,12/19/2010 11:53,4.95,17414.0,United Kingdom
538303,21212,PACK OF 72 RETROSPOT CAKE CASES,12,12/19/2010 11:53,0.55,17414.0,United Kingdom
538303,22633,HAND WARMER UNION JACK,8,12/19/2010 11:53,1.85,17414.0,United Kingdom
538303,85099B,JUMBO BAG RED RETROSPOT,1,12/19/2010 11:53,1.95,17414.0,United Kingdom
538303,71053,WHITE METAL LANTERN,8,12/19/2010 11:53,3.39,17414.0,United Kingdom
538303,85099B,JUMBO BAG RED RETROSPOT,8,12/19/2010 11:53,1.95,17414.0,United Kingdom
538303,84969,BOX OF 6 ASSORTED COLOUR TEASPOONS,3,12/19/2010 11:53,4.25,17414.0,United Kingdom
C538368,84969,BOX OF 6 ASSORTED COLOUR TEASPOONS,-48,12/19/2010 18:43,4.25,15120.0,United Kingdom
C538368,22720,SET OF 3 CAKE TINS PANTRY DESIGN,-4,12/19/2010 18:43,4.95,15120.0,United Kingdom
C538368,21755,LOVE BUILDING BLOCK WORD,-6,12/19/2010 18:43,5.95,15120.0,United Kingdom
C538368,84969,BOX OF 6 ASSORTED COLOUR TEASPOONS,-4,12/19/2010 18:43,4.25,15120.0,United Kingdom
C538368,84029G,KNITTED UNION FLAG HOT WATER BOTTLE,-3,12/19/2010 18:43,3.39,15120.0,United Kingdom
C538368,84029G,KNITTED UNION FLAG HOT WATER BOTTLE,-4,12/19/2010 18:43,3.39,15120.0,United Kingdom
C538368,84879,ASSORTED COLOUR BIRD ORNAMENT,-2,12/19/2010 18:43,1.69,15120.0,United Kingdom
538443,22197,SMALL POPCORN HOLDER,1,12/20/2010 8:05,0.85,,Portugal
538443,85123A,WHITE HANGING HEART T-LIGHT HOLDER,24,12/20/2010 8:05,2.55,,Portugal
538443,22197,SMALL POPCORN HOLDER,3,12/20/2010 8:05,0.85,,Portugal
538488,23084,RABBIT NIGHT LIGHT,48,12/20/2010 15:11,2.08,,United Kingdom
538488,84029G,,1,12/20/2010 15:11,3.39,,United Kingdom
538488,21777,RECIPE BOX WITH METAL HEART,1,12/20/2010 15:11,7.95,,United Kingdom
538488,22960,JAM MAKING SET WITH JARS,24,12/20/2010 15:11,4.25,,United Kingdom
538488,84029G,KNITTED UNION FLAG HOT WATER BOTTLE,48,12/20/2010 15:11,3.39,,United Kingdom
538488,23084,RABBIT NIGHT LIGHT,2,12/20/2010 15:11,2.08,,United Kingdom
538488,22748,POPPY'S PLAYHOUSE KITCHEN,8,12/20/2010 15:11,2.1,,United Kingdom
538488,84029G,KNITTED UNION FLAG HOT WATER BOTTLE,4,12/20/2010 15:11,3.39,,United Kingdom
538488,22197,SMALL POPCORN HOLDER,3,12/20/2010 15:11,0.85,,United Kingdom
538488,22310,IVORY KNITTED MUG COSY,6,12/20/2010 15:11,1.65,,United Kingdom
538488,84969,BOX OF 6 ASSORTED COLOUR TEASPOONS,12,12/20/2010 15:11,4.25,,United Kingdom
538488,21777,RECIPE BOX WITH METAL HEART,24,12/20/2010 15:11,7.95,,United Kingdom
538488,22310,IVORY KNITTED MUG COSY,4,12/20/2010 15:11,1.65,,United Kingdom
538488,21777,RECIPE BOX WITH METAL HEART,48,12/20/2010 15:11,7.95,,United Kingdom
538488,22623,BOX OF VINTAGE JIGSAW BLOCKS,12,12/20/2010 15:11,4.95,,United Kingdom
538488,22720,SET OF 3 CAKE TINS PANTRY DESIGN,24,12/20/2010 15:11,4.95,,United Kingdom
538488,21754,HOME BUILDING BLOCK WORD,6,12/20/2010 15:11,5.95,,United Kingdom
538488,23084,RABBIT NIGHT LIGHT,4,12/20/2010 15:11,2.08,,United Kingdom
538488,22423,REGENCY CAKESTAND 3 TIER,12,12/20/2010 15:11,12.75,,United Kingdom
538488,22423,REGENCY CAKESTAND 3 TIER,48,12/20/2010 15:11,12.75,,United Kingdom
538488,22748,POPPY'S PLAYHOUSE KITCHEN,4,12/20/2010 15:11,2.1,,United Kingdom
538488,48187,DOORMAT NEW ENGLAND,8,12/20/2010 15:11,7.95,,United Kingdom
538488,84029G,KNITTED UNION FLAG HOT WATER BOTTLE,8,12/20/2010 15:11,3.39,,United Kingdom
538542,21755,LOVE BUILDING BLOCK WORD,12,12/21/2010 8:15,5.95,13340.0,United Kingdom
538542,84969,BOX OF 6 ASSORTED COLOUR TEASPOONS,48,12/21/2010 8:15,4.25,13340.0,United Kingdom
538542,22633,HAND WARMER UNION JACK,3,12/21/2010 8:15,1.85,13340.0,United Kingdom
538542,22197,SMALL POPCORN HOLDER,4,12/21/2010 8:15,0.85,13340.0,United Kingdom
538542,22613,PACK OF 20 SPACEBOY NAPKINS,12,12/21/2010 8:15,0.85,13340.0,United Kingdom
538542,71053,WHITE METAL LANTERN,1,12/21/2010 8:15,3.39,13340.0,United Kingdom
538542,47566,PARTY BUNTING,12,12/21/2010 8:15,4.95,13340.0,United Kingdom
538542,48187,DOORMAT NEW ENGLAND,8,12/21/2010 8:15,7.95,13340.0,United Kingdom
538542,84029G,KNITTED UNION FLAG HOT WATER BOTTLE,24,12/21/2010 8:15,3.39,13340.0,United Kingdom
538542,84969,BOX OF 6 ASSORTED COLOUR TEASPOONS,48,12/21/2010 8:15,4.25,13340.0,United Kingdom
538542,85099B,JUMBO BAG RED RETROSPOT,2,12/21/2010 8:15,1.95,13340.0,United Kingdom
538542,20725,LUNCH BAG RED RETROSPOT,2,12/21/2010 8:15,1.65,13340.0,United Kingdom
538542,84029G,KNITTED UNION FLAG HOT WATER BOTTLE,8,12/21/2010 8:15,3.39,13340.0,United Kingdom
538542,20725,LUNCH BAG RED RETROSPOT,4,12/21/2010 8:15,1.65,13340.0,United Kingdom
538542,47566,PARTY BUNTING,8,12/21/2010 8:15,4.95,13340.0,United Kingdom
538597,71053,WHITE METAL LANTERN,3,12/21/2010 16:44,3.39,17726.0,United Kingdom
538597,22423,REGENCY CAKESTAND 3 TIER,8,12/21/2010 16:44,12.75,17726.0,United Kingdom
538597,22720,SET OF 3 CAKE TINS PANTRY DESIGN,2,12/21/2010 16:44,4.95,17726.0,United Kingdom
538597,22613,PACK OF 20 SPACEBOY NAPKINS,12,12/21/2010 16:44,0.85,17726.0,United Kingdom
538597,21730,GLASS STAR FROSTED T-LIGHT HOLDER,12,12/21/2010 16:44,4.25,17726.0,United Kingdom
538597,85099B,JUMBO BAG RED RETROSPOT,48,12/21/2010 16:44,1.95,17726.0,United Kingdom
538597,23084,RABBIT NIGHT LIGHT,48,12/21/2010 16:44,2.08,17726.0,United Kingdom
538597,22310,IVORY KNITTED MUG COSY,24,12/21/2010 16:44,1.65,17726.0,United Kingdom
538597,22960,JAM MAKING SET WITH JARS,3,12/21/2010 16:44,4.25,17726.0,United Kingdom
538597,22720,SET OF 3 CAKE TINS PANTRY DESIGN,24,12/21/2010 16:44,4.95,17726.0,United Kingdom
538597,47566,PARTY BUNTING,48,12/21/2010 16:44,4.95,17726.0,United Kingdom
538597,21212,PACK OF 72 RETROSPOT CAKE CASES,3,12/21/2010 16:44,0.55,17726.0,United Kingdom
538597,22752,SET 7 BABUSHKA NESTING BOXES,8,12/21/2010 16:44,7.65,17726.0,United Kingdom
538597,84969,BOX OF 6 ASSORTED COLOUR TEASPOONS,2,12/21/2010 16:44,4.25,17726.0,United Kingdom
538597,48187,DOORMAT NEW ENGLAND,4,12/21/2010 16:44,7.95,17726.0,United Kingdom
538597,22913,RED COAT RACK PARIS FASHION,48,12/21/2010 16:44,4.95,17726.0,United Kingdom
538597,47566,PARTY BUNTING,3,12/21/2010 16:44,4.95,17726.0,United Kingdom
538597,21730,GLASS STAR FROSTED T-LIGHT HOLDER,4,12/21/2010 16:44,4.25,17726.0,United Kingdom
538597,22197,SMALL POPCORN HOLDER,3,12/21/2010 16:44,0.85,17726.0,United Kingdom
538597,48187,DOORMAT NEW ENGLAND,8,12/21/2010 16:44,7.95,17726.0,United Kingdom
538597,84029E,RED WOOLLY HOTTIE WHITE HEART.,1,12/21/2010 16:44,3.39,17726.0,United Kingdom
538597,22632,HAND WARMER RED POLKA DOT,12,12/21/2010 16:44,1.85,17726.0,United Kingdom
538597,22720,SET OF 3 CAKE TINS PANTRY DESIGN,24,12/21/2010 16:44,4.95,17726.0,United Kingdom
538597,22197,SMALL POPCORN HOLDER,12,12/21/2010 16:44,0.85,17726.0,United Kingdom
538673,22633,HAND WARMER UNION JACK,2,12/22/2010 10:17,1.85,14728.0,United Kingdom
538673,21754,HOME BUILDING BLOCK WORD,6,12/22/2010 10:17,5.95,14728.0,United Kingdom
538673,85123A,WHITE HANGING HEART T-LIGHT HOLDER,1,12/22/2010 10:17,2.55,14728.0,United Kingdom
538673,22913,RED COAT RACK PARIS FASHION,8,12/22/2010 10:17,4.95,14728.0,United Kingdom
538673,84406B,CREAM CUPID HEARTS COAT HANGER,2,12/22/2010 10:17,2.75,14728.0,United Kingdom
538673,21212,PACK OF 72 RETROSPOT CAKE CASES,6,12/22/2010 10:17,0.55,14728.0,United Kingdom
538673,84879,ASSORTED COLOUR BIRD ORNAMENT,48,12/22/2010 10:17,1.69,14728.0,United Kingdom
538673,84029G,KNITTED UNION FLAG HOT WATER BOTTLE,48,12/22/2010 10:17,3.39,14728.0,United Kingdom
538673,21730,GLASS STAR FROSTED T-LIGHT HOLDER,1,12/22/2010 10:17,4.25,14728.0,United Kingdom
538673,22720,SET OF 3 CAKE TINS PANTRY DESIGN,4,12/22/2010 10:17,4.95,14728.0,United Kingdom
538673,21730,GLASS STAR FROSTED T-LIGHT HOLDER,8,12/22/2010 10:17,4.25,14728.0,United Kingdom
538673,84029G,KNITTED UNION FLAG HOT WATER BOTTLE,1,12/22/2010 10:17,3.39,14728.0,United Kingdom
538673,22197,SMALL POPCORN HOLDER,6,12/22/2010 10:17,0.85,14728.0,United Kingdom
538673,84879,ASSORTED COLOUR BIRD ORNAMENT,12,12/22/2010 10:17,1.69,14728.0,United Kingdom
538673,84029E,RED WOOLLY HOTTIE WHITE HEART.,12,12/22/2010 10:17,3.39,14728.0,United Kingdom
538673,22197,SMALL POPCORN HOLDER,24,12/22/2010 10:17,0.85,14728.0,United Kingdom
538673,47566,PARTY BUNTING,4,12/22/2010 10:17,4.95,14728.0,United Kingdom
538673,84879,ASSORTED COLOUR BIRD ORNAMENT,48,12/22/2010 10:17,1.69,14728.0,United Kingdom
538673,48187,DOORMAT NEW ENGLAND,8,12/22/2010 10:17,7.95,14728.0,United Kingdom
538673,21730,GLASS STAR FROSTED T-LIGHT HOLDER,1,12/22/2010 10:17,4.25,14728.0,United Kingdom
538731,22748,POPPY'S PLAYHOUSE KITCHEN,1,12/23/2010 9:37,2.1,18058.0,United Kingdom
538731,22913,RED COAT RACK PARIS FASHION,1,12/23/2010 9:37,4.95,18058.0,United Kingdom
538731,84969,BOX OF 6 ASSORTED COLOUR TEASPOONS,6,12/23/2010 9:37,4.25,18058.0,United Kingdom
538731,84406B,CREAM CUPID HEARTS COAT HANGER,4,12/23/2010 9:37,2.75,18058.0,United Kingdom
538731,22745,POPPY'S PLAYHOUSE BEDROOM,3,12/23/2010 9:37,2.1,18058.0,United Kingdom
538780,22613,PACK OF 20 SPACEBOY NAPKINS,12,12/23/2010 14:25,0.85,,United Kingdom
538780,48187,DOORMAT NEW ENGLAND,6,12/23/2010 14:25,7.95,,United Kingdom
538780,22423,REGENCY CAKESTAND 3 TIER,6,12/23/2010 14:25,12.75,,United Kingdom
538780,84969,BOX OF 6 ASSORTED COLOUR TEASPOONS,2,12/23/2010 14:25,4.25,,United Kingdom
538780,22913,RED COAT RACK PARIS FASHION,1,12/23/2010 14:25,4.95,,United Kingdom
538780,84406B,CREAM CUPID HEARTS COAT HANGER,8,12/23/2010 14:25,2.75,,United Kingdom
538780,47566,PARTY BUNTING,12,12/23/2010 14:25,4.95,,United Kingdom
538780,84969,BOX OF 6 ASSORTED COLOUR TEASPOONS,12,12/23/2010 14:25,4.25,,United Kingdom
538780,22633,HAND WARMER UNION JACK,48,12/23/2010 14:25,1.85,,United Kingdom
538854,22960,JAM MAKING SET WITH JARS,48,12/24/2010 11:46,4.25,16110.0,United Kingdom
538854,21754,HOME BUILDING BLOCK WORD,12,12/24/2010 11:46,5.95,16110.0,United Kingdom
538854,22913,RED COAT RACK PARIS FASHION,2,12/24/2010 11:46,4.95,16110.0,United Kingdom
538854,22720,SET OF 3 CAKE TINS PANTRY DESIGN,48,12/24/2010 11:46,4.95,16110.0,United Kingdom
538854,84969,BOX OF 6 ASSORTED COLOUR TEASPOONS,2,12/24/2010 11:46,4.25,16110.0,United Kingdom
538854,84029E,RED WOOLLY HOTTIE WHITE HEART.,1,12/24/2010 11:46,3.39,16110.0,United Kingdom
538854,84029G,KNITTED UNION FLAG HOT WATER BOTTLE,4,12/24/2010 11:46,3.39,16110.0,United Kingdom
538916,71053,WHITE METAL LANTERN,4,12/25/2010 9:01,3.39,13468.0,United Kingdom
538985,84029E,RED WOOLLY HOTTIE WHITE HEART.,1,12/25/2010 12:23,3.39,15213.0,United Kingdom
538985,84029G,KNITTED UNION FLAG HOT WATER BOTTLE,48,12/25/2010 12:23,3.39,15213.0,United Kingdom
538985,21754,HOME BUILDING BLOCK WORD,3,12/25/2010 12:23,5.95,15213.0,United Kingdom
538985,84879,ASSORTED COLOUR BIRD ORNAMENT,2,12/25/2010 12:23,1.69,15213.0,United Kingdom
538985,21777,RECIPE BOX WITH METAL HEART,12,12/25/2010 12:23,7.95,15213.0,United Kingdom
538985,84879,ASSORTED COLOUR BIRD ORNAMENT,6,12/25/2010 12:23,1.69,15213.0,United Kingdom
538985,22197,SMALL POPCORN HOLDER,48,12/25/2010 12:23,0.85,15213.0,United Kingdom
538985,22310,IVORY KNITTED MUG COSY,8,12/25/2010 12:23,1.65,15213.0,United Kingdom
538985,84969,BOX OF 6 ASSORTED COLOUR TEASPOONS,24,12/25/2010 12:23,4.25,15213.0,United Kingdom
539033,22632,HAND WARMER RED POLKA DOT,4,12/25/2010 16:48,1.85,17430.0,United Kingdom
539033,22748,POPPY'S PLAYHOUSE KITCHEN,6,12/25/2010 16:48,2.1,17430.0,United Kingdom
539033,22633,HAND WARMER UNION JACK,4,12/25/2010 16:48,1.85,17430.0,United Kingdom
539033,21777,RECIPE BOX WITH METAL HEART,6,12/25/2010 16:48,7.95,17430.0,United Kingdom
539033,22632,HAND WARMER RED POLKA DOT,8,12/25/2010 16:48,1.85,17430.0,United Kingdom
539033,22913,RED COAT RACK PARIS FASHION,24,12/25/2010 16:48,4.95,17430.0,United Kingdom
539092,85099B,JUMBO BAG RED RETROSPOT,4,12/26/2010 8:30,1.95,16432.0,United Kingdom
539092,47566,PARTY BUNTING,1,12/26/2010 8:30,4.95,16432.0,United Kingdom
539092,85123A,WHITE HANGING HEART T-LIGHT HOLDER,48,12/26/2010 8:30,2.55,16432.0,United Kingdom
539161,21777,RECIPE BOX WITH METAL HEART,3,12/26/2010 11:40,7.95,15063.0,United Kingdom
539161,22623,BOX OF VINTAGE JIGSAW BLOCKS,8,12/26/2010 11:40,4.95,15063.0,United Kingdom
539161,48187,DOORMAT NEW ENGLAND,2,12/26/2010 11:40,7.95,15063.0,United Kingdom
539161,20725,LUNCH BAG RED RETROSPOT,6,12/26/2010 11:40,1.65,15063.0,United Kingdom
539161,22623,BOX OF VINTAGE JIGSAW BLOCKS,3,12/26/2010 11:40,4.95,15063.0,United Kingdom
539161,22720,SET OF 3 CAKE TINS PANTRY DESIGN,3,12/26/2010 11:40,4.95,15063.0,United Kingdom
539161,84029G,KNITTED UNION FLAG HOT WATER BOTTLE,1,12/26/2010 11:40,3.39,15063.0,United Kingdom
539161,22720,SET OF 3 CAKE TINS PANTRY DESIGN,6,12/26/2010 11:40,4.95,15063.0,United Kingdom
539161,84029G,KNITTED UNION FLAG HOT WATER BOTTLE,4,12/26/2010 11:40,3.39,15063.0,United Kingdom
539161,21212,PACK OF 72 RETROSPOT CAKE CASES,2,12/26/2010 11:40,0.55,15063.0,United Kingdom
539161,22613,PACK OF 20 SPACEBOY NAPKINS,48,12/26/2010 11:40,0.85,15063.0,United Kingdom
539237,22745,POPPY'S PLAYHOUSE BEDROOM,48,12/27/2010 11:34,2.1,,United Kingdom
539237,84029E,RED WOOLLY HOTTIE WHITE HEART.,12,12/27/2010 11:34,3.39,,United Kingdom
539237,85123A,WHITE HANGING HEART T-LIGHT HOLDER,48,12/27/2010 11:34,2.55,,United Kingdom
539237,22423,REGENCY CAKESTAND 3 TIER,8,12/27/2010 11:34,12.75,,United Kingdom
539237,84406B,CREAM CUPID HEARTS COAT HANGER,8,12/27/2010 11:34,2.75,,United Kingdom
539237,71053,WHITE METAL LANTERN,6,12/27/2010 11:34,3.39,,United Kingdom
539237,22633,HAND WARMER UNION JACK,1,12/27/2010 11:34,1.85,,United Kingdom
539237,21730,GLASS STAR FROSTED T-LIGHT HOLDER,8,12/27/2010 11:34,4.25,,United Kingdom
539297,21754,HOME BUILDING BLOCK WORD,2,12/28/2010 11:37,5.95,16655.0,United Kingdom
539297,22960,JAM MAKING SET WITH JARS,48,12/28/2010 11:37,4.25,16655.0,United Kingdom
539297,84029G,KNITTED UNION FLAG HOT WATER BOTTLE,3,12/28/2010 11:37,3.39,16655.0,United Kingdom
539297,21212,PACK OF 72 RETROSPOT CAKE CASES,6,12/28/2010 11:37,0.55,16655.0,United Kingdom
539297,22913,RED COAT RACK PARIS FASHION,6,12/28/2010 11:37,4.95,16655.0,United Kingdom
539297,48187,DOORMAT NEW ENGLAND,12,12/28/2010 11:37,7.95,16655.0,United Kingdom
539297,84879,ASSORTED COLOUR BIRD ORNAMENT,24,12/28/2010 11:37,1.69,16655.0,United Kingdom
539297,21212,PACK OF 72 RETROSPOT CAKE CASES,8,12/28/2010 11:37,0.55,16655.0,United Kingdom
539297,21777,RECIPE BOX WITH METAL HEART,8,12/28/2010 11:37,7.95,16655.0,United Kingdom
539297,22623,BOX OF VINTAGE JIGSAW BLOCKS,1,12/28/2010 11:37,4.95,16655.0,United Kingdom
539297,22720,SET OF 3 CAKE TINS PANTRY DESIGN,2,12/28/2010 11:37,4.95,16655.0,United Kingdom
539297,22745,POPPY'S PLAYHOUSE BEDROOM,12,12/28/2010 11:37,2.1,16655.0,United Kingdom
539297,22960,JAM MAKING SET WITH JARS,48,12/28/2010 11:37,4.25,16655.0,United Kingdom
539297,20725,LUNCH BAG RED RETROSPOT,2,12/28/2010 11:37,1.65,16655.0,United Kingdom
539297,84969,BOX OF 6 ASSORTED COLOUR TEASPOONS,48,12/28/2010 11:37,4.25,16655.0,United Kingdom
539297,22632,HAND WARMER RED POLKA DOT,6,12/28/2010 11:37,1.85,16655.0,United Kingdom
539297,84029G,KNITTED UNION FLAG HOT WATER BOTTLE,4,12/28/2010 11:37,3.39,16655.0,United Kingdom
539297,84029E,RED WOOLLY HOTTIE WHITE HEART.,12,12/28/2010 11:37,3.39,16655.0,United Kingdom
539297,22720,SET OF 3 CAKE TINS PANTRY DESIGN,1,12/28/2010 11:37,4.95,16655.0,United Kingdom
539297,22633,HAND WARMER UNION JACK,24,12/28/2010 11:37,1.85,16655.0,United Kingdom
539366,22748,POPPY'S PLAYHOUSE KITCHEN,4,12/28/2010 18:20,2.1,15835.0,United Kingdom
539366,85123A,WHITE HANGING HEART T-LIGHT HOLDER,24,12/28/2010 18:20,2.55,15835.0,United Kingdom
539366,21730,GLASS STAR FROSTED T-LIGHT HOLDER,2,12/28/2010 18:20,4.25,15835.0,United Kingdom
539366,22623,BOX OF VINTAGE JIGSAW BLOCKS,1,12/28/2010 18:20,4.95,15835.0,United Kingdom
539366,84029E,RED WOOLLY HOTTIE WHITE HEART.,3,12/28/2010 18:20,3.39,15835.0,United Kingdom
539366,84879,ASSORTED COLOUR BIRD ORNAMENT,4,12/28/2010 18:20,1.69,15835.0,United Kingdom
539366,84879,ASSORTED COLOUR BIRD ORNAMENT,12,12/28/2010 18:20,1.69,15835.0,United Kingdom
539366,84879,ASSORTED COLOUR BIRD ORNAMENT,8,12/28/2010 18:20,1.69,15835.0,United Kingdom
539366,22748,POPPY'S PLAYHOUSE KITCHEN,48,12/28/2010 18:20,2.1,15835.0,United Kingdom
539366,22310,IVORY KNITTED MUG COSY,1,12/28/2010 18:20,1.65,15835.0,United Kingdom
539366,85123A,WHITE HANGING HEART T-LIGHT HOLDER,2,12/28/2010 18:20,2.55,15835.0,United Kingdom
539366,21777,RECIPE BOX WITH METAL HEART,24,12/28/2010 18:20,7.95,15835.0,United Kingdom
539366,85123A,WHITE HANGING HEART T-LIGHT HOLDER,8,12/28/2010 18:20,2.55,15835.0,United Kingdom
539366,22913,RED COAT RACK PARIS FASHION,1,12/28/2010 18:20,4.95,15835.0,United Kingdom
539366,85099B,JUMBO BAG RED RETROSPOT,6,12/28/2010 18:20,1.95,15835.0,United Kingdom
539366,20725,LUNCH BAG RED RETROSPOT,3,12/28/2010 18:20,1.65,15835.0,United Kingdom
539366,21212,PACK OF 72 RETROSPOT CAKE CASES,4,12/28/2010 18:20,0.55,15835.0,United Kingdom
539366,47566,PARTY BUNTING,8,12/28/2010 18:20,4.95,15835.0,United Kingdom
539366,22632,HAND WARMER RED POLKA DOT,24,12/28/2010 18:20,1.85,15835.0,United Kingdom
539425,22913,RED COAT RACK PARIS FASHION,6,12/29/2010 10:14,4.95,13713.0,United Kingdom
539425,84969,BOX OF 6 ASSORTED COLOUR TEASPOONS,12,12/29/2010 10:14,4.25,13713.0,United Kingdom
539425,84879,ASSORTED COLOUR BIRD ORNAMENT,2,12/29/2010 10:14,1.69,13713.0,United Kingdom
539425,84969,BOX OF 6 ASSORTED COLOUR TEASPOONS,6,12/29/2010 10:14,4.25,13713.0,United Kingdom
539425,20725,LUNCH BAG RED RETROSPOT,8,12/29/2010 10:14,1.65,13713.0,United Kingdom
539425,21777,RECIPE BOX WITH METAL HEART,24,12/29/2010 10:14,7.95,13713.0,United Kingdom
539425,22913,RED COAT RACK PARIS FASHION,48,12/29/2010 10:14,4.95,13713.0,United Kingdom
539425,22423,REGENCY CAKESTAND 3 TIER,1,12/29/2010 10:14,12.75,13713.0,United Kingdom
539469,22632,HAND WARMER RED POLKA DOT,2,12/29/2010 18:57,1.85,14901.0,United Kingdom
539469,85099B,JUMBO BAG RED RETROSPOT,1,12/29/2010 18:57,1.95,14901.0,United Kingdom
539469,23084,RABBIT NIGHT LIGHT,3,12/29/2010 18:57,2.08,14901.0,United Kingdom
539469,22310,IVORY KNITTED MUG COSY,2,12/29/2010 18:57,1.65,14901.0,United Kingdom
539469,71053,WHITE METAL LANTERN,6,12/29/2010 18:57,3.39,14901.0,United Kingdom
539469,22913,RED COAT RACK PARIS FASHION,8,12/29/2010 18:57,4.95,14901.0,United Kingdom
539469,84029G,KNITTED UNION FLAG HOT WATER BOTTLE,48,12/29/2010 18:57,3.39,14901.0,United Kingdom
539469,22310,IVORY KNITTED MUG COSY,48,12/29/2010 18:57,1.65,14901.0,United Kingdom
539469,85099B,JUMBO BAG RED RETROSPOT,48,12/29/2010 18:57,1.95,14901.0,United Kingdom
539469,21755,LOVE BUILDING BLOCK WORD,48,12/29/2010 18:57,5.95,14901.0,United Kingdom
539469,20725,LUNCH BAG RED RETROSPOT,3,12/29/2010 18:57,1.65,14901.0,United Kingdom
539469,22913,RED COAT RACK PARIS FASHION,2,12/29/2010 18:57,4.95,14901.0,United Kingdom
539469,84879,ASSORTED COLOUR BIRD ORNAMENT,4,12/29/2010 18:57,1.69,14901.0,United Kingdom
539469,22632,HAND WARMER RED POLKA DOT,1,12/29/2010 18:57,1.85,14901.0,United Kingdom
539527,21777,RECIPE BOX WITH METAL HEART,4,12/30/2010 11:33,7.95,15990.0,United Kingdom
539527,23084,RABBIT NIGHT LIGHT,3,12/30/2010 11:33,2.08,15990.0,United Kingdom
539527,21730,GLASS STAR FROSTED T-LIGHT HOLDER,24,12/30/2010 11:33,4.25,15990.0,United Kingdom
539527,84029G,KNITTED UNION FLAG HOT WATER BOTTLE,48,12/30/2010 11:33,3.39,15990.0,United Kingdom
539527,22960,JAM MAKING SET WITH JARS,4,12/30/2010 11:33,4.25,15990.0,United Kingdom
539527,21730,GLASS STAR FROSTED T-LIGHT HOLDER,4,12/30/2010 11:33,4.25,15990.0,United Kingdom
539527,22623,BOX OF VINTAGE JIGSAW BLOCKS,48,12/30/2010 11:33,4.95,15990.0,United Kingdom
539527,22310,IVORY KNITTED MUG COSY,2,12/30/2010 11:33,1.65,15990.0,United Kingdom
539527,23084,RABBIT NIGHT LIGHT,48,12/30/2010 11:33,2.08,15990.0,United Kingdom
539527,47566,PARTY BUNTING,1,12/30/2010 11:33,4.95,15990.0,United Kingdom
539527,84969,BOX OF 6 ASSORTED COLOUR TEASPOONS,4,12/30/2010 11:33,4.25,15990.0,United Kingdom
539527,22752,SET 7 BABUSHKA NESTING BOXES,6,12/30/2010 11:33,7.65,15990.0,United Kingdom
539527,22960,JAM MAKING SET WITH JARS,12,12/30/2010 11:33,4.25,15990.0,United Kingdom
539599,20725,LUNCH BAG RED RETROSPOT,24,12/30/2010 15:02,1.65,,United Kingdom
539599,22633,HAND WARMER UNION JACK,8,12/30/2010 15:02,1.85,,United Kingdom
539599,22633,HAND WARMER UNION JACK,8,12/30/2010 15:02,1.85,,United Kingdom
539599,23084,RABBIT NIGHT LIGHT,4,12/30/2010 15:02,2.08,,United Kingdom
539672,21730,GLASS STAR FROSTED T-LIGHT HOLDER,24,12/31/2010 10:44,4.25,17423.0,United Kingdom
539672,47566,PARTY BUNTING,2,12/31/2010 10:44,4.95,17423.0,United Kingdom
539672,48187,DOORMAT NEW ENGLAND,12,12/31/2010 10:44,7.95,17423.0,United Kingdom
539672,22423,REGENCY CAKESTAND 3 TIER,3,12/31/2010 10:44,12.75,17423.0,United Kingdom
539672,22633,HAND WARMER UNION JACK,3,12/31/2010 10:44,1.85,17423.0,United Kingdom
539672,48187,DOORMAT NEW ENGLAND,8,12/31/2010 10:44,7.95,17423.0,United Kingdom
539672,71053,WHITE METAL LANTERN,1,12/31/2010 10:44,3.39,17423.0,United Kingdom
539725,84406B,CREAM CUPID HEARTS COAT HANGER,48,1/1/2011 11:18,2.75,12705.0,United Kingdom
539725,23084,RABBIT NIGHT LIGHT,8,1/1/2011 11:18,2.08,12705.0,United Kingdom
539725,22423,REGENCY CAKESTAND 3 TIER,8,1/1/2011 11:18,12.75,12705.0,United Kingdom
539725,85123A,WHITE HANGING HEART T-LIGHT HOLDER,8,1/1/2011 11:18,2.55,12705.0,United Kingdom
539725,85099B,JUMBO BAG RED RETROSPOT,24,1/1/2011 11:18,1.95,12705.0,United Kingdom
539725,21212,PACK OF 72 RETROSPOT CAKE CASES,8,1/1/2011 11:18,0.55,12705.0,United Kingdom
539725,22913,RED COAT RACK PARIS FASHION,24,1/1/2011 11:18,4.95,12705.0,United Kingdom
539725,22310,IVORY KNITTED MUG COSY,12,1/1/2011 11:18,1.65,12705.0,United Kingdom
539725,21777,RECIPE BOX WITH METAL HEART,24,1/1/2011 11:18,7.95,12705.0,United Kingdom
539725,21754,HOME BUILDING BLOCK WORD,6,1/1/2011 11:18,5.95,12705.0,United Kingdom
539725,22423,REGENCY CAKESTAND 3 TIER,24,1/1/2011 11:18,12.75,12705.0,United Kingdom
539725,23084,RABBIT NIGHT LIGHT,2,1/1/2011 11:18,2.08,12705.0,United Kingdom
539725,47566,PARTY BUNTING,48,1/1/2011 11:18,4.95,12705.0,United Kingdom
539725,22748,POPPY'S PLAYHOUSE KITCHEN,8,1/1/2011 11:18,2.1,12705.0,United Kingdom
539725,21755,LOVE BUILDING BLOCK WORD,12,1/1/2011 11:18,5.95,12705.0,United Kingdom
539725,22745,POPPY'S PLAYHOUSE BEDROOM,24,1/1/2011 11:18,2.1,12705.0,United Kingdom
539725,85123A,WHITE HANGING HEART T-LIGHT HOLDER,24,1/1/2011 11:18,2.55,12705.0,United Kingdom
539725,22752,SET 7 BABUSHKA NESTING BOXES,48,1/1/2011 11:18,7.65,12705.0,United Kingdom
539725,48187,DOORMAT NEW ENGLAND,4,1/1/2011 11:18,7.95,12705.0,United Kingdom
539725,22633,HAND WARMER UNION JACK,3,1/1/2011 11:18,1.85,12705.0,United Kingdom
539725,84029E,RED WOOLLY HOTTIE WHITE HEART.,12,1/1/2011 11:18,3.39,12705.0,United Kingdom
539789,84969,BOX OF 6 ASSORTED COLOUR TEASPOONS,24,1/1/2011 18:20,4.25,16324.0,United Kingdom
539789,22960,JAM MAKING SET WITH JARS,1,1/1/2011 18:20,4.25,16324.0,United Kingdom
539789,22752,SET 7 BABUSHKA NESTING BOXES,6,1/1/2011 18:20,7.65,16324.0,United Kingdom
539789,84969,BOX OF 6 ASSORTED COLOUR TEASPOONS,2,1/1/2011 18:20,4.25,16324.0,United Kingdom
539789,22613,PACK OF 20 SPACEBOY NAPKINS,4,1/1/2011 18:20,0.85,16324.0,United Kingdom
539789,22745,POPPY'S PLAYHOUSE BEDROOM,6,1/1/2011 18:20,2.1,16324.0,United Kingdom
539789,84029E,RED WOOLLY HOTTIE WHITE HEART.,3,1/1/2011 18:20,3.39,16324.0,United Kingdom
539789,71053,WHITE METAL LANTERN,48,1/1/2011 18:20,3.39,16324.0,United Kingdom
539789,22633,HAND WARMER UNION JACK,8,1/1/2011 18:20,1.85,16324.0,United Kingdom
539789,22423,REGENCY CAKESTAND 3 TIER,12,1/1/2011 18:20,12.75,16324.0,United Kingdom
539789,22748,POPPY'S PLAYHOUSE KITCHEN,1,1/1/2011 18:20,2.1,16324.0,United Kingdom
539789,22720,SET OF 3 CAKE TINS PANTRY DESIGN,6,1/1/2011 18:20,4.95,16324.0,United Kingdom
539789,84406B,CREAM CUPID HEARTS COAT HANGER,2,1/1/2011 18:20,2.75,16324.0,United Kingdom
539789,84879,ASSORTED COLOUR BIRD ORNAMENT,24,1/1/2011 18:20,1.69,16324.0,United Kingdom
539789,21777,RECIPE BOX WITH METAL HEART,2,1/1/2011 18:20,7.95,16324.0,United Kingdom
539789,22633,HAND WARMER UNION JACK,48,1/1/2011 18:20,1.85,16324.0,United Kingdom
539789,71053,WHITE METAL LANTERN,24,1/1/2011 18:20,3.39,16324.0,United Kingdom
539789,22752,SET 7 BABUSHKA NESTING BOXES,12,1/1/2011 18:20,7.65,16324.0,United Kingdom
539852,22913,RED COAT RACK PARIS FASHION,6,1/2/2011 10:13,4.95,14831.0,United Kingdom
539852,71053,WHITE METAL LANTERN,4,1/2/2011 10:13,3.39,14831.0,United Kingdom
539852,20725,LUNCH BAG RED RETROSPOT,24,1/2/2011 10:13,1.65,14831.0,United Kingdom
539852,23084,RABBIT NIGHT LIGHT,8,1/2/2011 10:13,2.08,14831.0,United Kingdom
539852,21212,PACK OF 72 RETROSPOT CAKE CASES,2,1/2/2011 10:13,0.55,14831.0,United Kingdom
539852,21730,GLASS STAR FROSTED T-LIGHT HOLDER,8,1/2/2011 10:13,4.25,14831.0,United Kingdom
539852,23084,RABBIT NIGHT LIGHT,4,1/2/2011 10:13,2.08,14831.0,United Kingdom
539852,21755,LOVE BUILDING BLOCK WORD,2,1/2/2011 10:13,5.95,14831.0,United Kingdom
539852,20725,LUNCH BAG RED RETROSPOT,3,1/2/2011 10:13,1.65,14831.0,United Kingdom
539852,85123A,WHITE HANGING HEART T-LIGHT HOLDER,2,1/2/2011 10:13,2.55,14831.0,United Kingdom
539852,22197,SMALL POPCORN HOLDER,4,1/2/2011 10:13,0.85,14831.0,United Kingdom
539852,84879,ASSORTED COLOUR BIRD ORNAMENT,12,1/2/2011 10:13,1.69,14831.0,United Kingdom
539852,22720,SET OF 3 CAKE TINS PANTRY DESIGN,6,1/2/2011 10:13,4.95,14831.0,United Kingdom
539852,84969,BOX OF 6 ASSORTED COLOUR TEASPOONS,12,1/2/2011 10:13,4.25,14831.0,United Kingdom
539920,84879,ASSORTED COLOUR BIRD ORNAMENT,12,1/3/2011 8:31,1.69,,United Kingdom
539920,84029E,RED WOOLLY HOTTIE WHITE HEART.,3,1/3/2011 8:31,3.39,,United Kingdom
539920,21755,LOVE BUILDING BLOCK WORD,6,1/3/2011 8:31,5.95,,United Kingdom
539920,22913,RED COAT RACK PARIS FASHION,1,1/3/2011 8:31,4.95,,United Kingdom
539920,22632,HAND WARMER RED POLKA DOT,4,1/3/2011 8:31,1.85,,United Kingdom
539920,22913,RED COAT RACK PARIS FASHION,2,1/3/2011 8:31,4.95,,United Kingdom
539920,22748,POPPY'S PLAYHOUSE KITCHEN,3,1/3/2011 8:31,2.1,,United Kingdom
539920,47566,PARTY BUNTING,12,1/3/2011 8:31,4.95,,United Kingdom
539920,22310,IVORY KNITTED MUG COSY,6,1/3/2011 8:31,1.65,,United Kingdom
539920,21777,RECIPE BOX WITH METAL HEART,4,1/3/2011 8:31,7.95,,United Kingdom
539920,22720,SET OF 3 CAKE TINS PANTRY DESIGN,1,1/3/2011 8:31,4.95,,United Kingdom
539920,47566,PARTY BUNTING,1,1/3/2011 8:31,4.95,,United Kingdom
539920,22623,BOX OF VINTAGE JIGSAW BLOCKS,6,1/3/2011 8:31,4.95,,United Kingdom
539920,22913,RED COAT RACK PARIS FASHION,48,1/3/2011 8:31,4.95,,United Kingdom
539977,21212,PACK OF 72 RETROSPOT CAKE CASES,8,1/3/2011 11:41,0.55,13138.0,United Kingdom
539977,22197,SMALL POPCORN HOLDER,6,1/3/2011 11:41,0.85,13138.0,United Kingdom
539977,22960,JAM MAKING SET WITH JARS,4,1/3/2011 11:41,4.25,13138.0,United Kingdom
539977,22960,JAM MAKING SET WITH JARS,2,1/3/2011 11:41,4.25,13138.0,United Kingdom
539977,22745,POPPY'S PLAYHOUSE BEDROOM,4,1/3/2011 11:41,2.1,13138.0,United Kingdom
539977,21754,HOME BUILDING BLOCK WORD,6,1/3/2011 11:41,5.95,13138.0,United Kingdom
539977,84879,ASSORTED COLOUR BIRD ORNAMENT,2,1/3/2011 11:41,1.69,13138.0,United Kingdom
539977,21777,RECIPE BOX WITH METAL HEART,24,1/3/2011 11:41,7.95,13138.0,United Kingdom
539977,22197,SMALL POPCORN HOLDER,3,1/3/2011 11:41,0.85,13138.0,United Kingdom
539977,84029E,RED WOOLLY HOTTIE WHITE HEART.,4,1/3/2011 11:41,3.39,13138.0,United Kingdom
539977,22613,PACK OF 20 SPACEBOY NAPKINS,6,1/3/2011 11:41,0.85,13138.0,United Kingdom
539977,22745,POPPY'S PLAYHOUSE BEDROOM,12,1/3/2011 11:41,2.1,13138.0,United Kingdom
539977,22613,PACK OF 20 SPACEBOY NAPKINS,4,1/3/2011 11:41,0.85,13138.0,United Kingdom
540054,23084,RABBIT NIGHT LIGHT,4,1/3/2011 17:24,2.08,16996.0,United Kingdom
540054,22960,JAM MAKING SET WITH JARS,3,1/3/2011 17:24,4.25,16996.0,United Kingdom
540054,47566,PARTY BUNTING,48,1/3/2011 17:24,4.95,16996.0,United Kingdom
540105,48187,DOORMAT NEW ENGLAND,3,1/4/2011 11:37,7.95,13915.0,United Kingdom
540105,21730,GLASS STAR FROSTED T-LIGHT HOLDER,4,1/4/2011 11:37,4.25,13915.0,United Kingdom
540105,20725,LUNCH BAG RED RETROSPOT,4,1/4/2011 11:37,1.65,13915.0,United Kingdom
540105,22613,PACK OF 20 SPACEBOY NAPKINS,3,1/4/2011 11:37,0.85,13915.0,United Kingdom
540105,84406B,CREAM CUPID HEARTS COAT HANGER,24,1/4/2011 11:37,2.75,13915.0,United Kingdom
540105,85123A,WHITE HANGING HEART T-LIGHT HOLDER,4,1/4/2011 11:37,2.55,13915.0,United Kingdom
540105,71053,WHITE METAL LANTERN,1,1/4/2011 11:37,3.39,13915.0,United Kingdom
540105,22197,SMALL POPCORN HOLDER,6,1/4/2011 11:37,0.85,13915.0,United Kingdom
540105,84969,BOX OF 6 ASSORTED COLOUR TEASPOONS,2,1/4/2011 11:37,4.25,13915.0,United Kingdom
540105,22752,SET 7 BABUSHKA NESTING BOXES,12,1/4/2011 11:37,7.65,13915.0,United Kingdom
540148,22960,JAM MAKING SET WITH JARS,8,1/4/2011 16:55,4.25,17032.0,United Kingdom
540148,22720,SET OF 3 CAKE TINS PANTRY DESIGN,12,1/4/2011 16:55,4.95,17032.0,United Kingdom
540148,22632,HAND WARMER RED POLKA DOT,24,1/4/2011 16:55,1.85,17032.0,United Kingdom
540148,22745,POPPY'S PLAYHOUSE BEDROOM,8,1/4/2011 16:55,2.1,17032.0,United Kingdom
540148,85123A,WHITE HANGING HEART T-LIGHT HOLDER,4,1/4/2011 16:55,2.55,17032.0,United Kingdom
540148,71053,WHITE METAL LANTERN,3,1/4/2011 16:55,3.39,17032.0,United Kingdom
540148,22632,HAND WARMER RED POLKA DOT,48,1/4/2011 16:55,1.85,17032.0,United Kingdom
540148,22423,REGENCY CAKESTAND 3 TIER,12,1/4/2011 16:55,12.75,17032.0,United Kingdom
540148,21777,RECIPE BOX WITH METAL HEART,4,1/4/2011 16:55,7.95,17032.0,United Kingdom
540148,84029E,RED WOOLLY HOTTIE WHITE HEART.,3,1/4/2011 16:55,3.39,17032.0,United Kingdom
540148,22197,SMALL POPCORN HOLDER,24,1/4/2011 16:55,0.85,17032.0,United Kingdom
540205,84406B,CREAM CUPID HEARTS COAT HANGER,24,1/5/2011 10:27,2.75,13793.0,United Kingdom
540205,84969,BOX OF 6 ASSORTED COLOUR TEASPOONS,8,1/5/2011 10:27,4.25,13793.0,United Kingdom
540205,22752,SET 7 BABUSHKA NESTING BOXES,3,1/5/2011 10:27,7.65,13793.0,United Kingdom
540205,85099B,JUMBO BAG RED RETROSPOT,12,1/5/2011 10:27,1.95,13793.0,United Kingdom
540205,22197,SMALL POPCORN HOLDER,24,1/5/2011 10:27,0.85,13793.0,United Kingdom
540205,23084,RABBIT NIGHT LIGHT,6,1/5/2011 10:27,2.08,13793.0,United Kingdom
540205,22632,HAND WARMER RED POLKA DOT,6,1/5/2011 10:27,1.85,13793.0,United Kingdom
540205,22720,SET OF 3 CAKE TINS PANTRY DESIGN,1,1/5/2011 10:27,4.95,13793.0,United Kingdom
540205,22752,SET 7 BABUSHKA NESTING BOXES,1,1/5/2011 10:27,7.65,13793.0,United Kingdom
540205,85099B,JUMBO BAG RED RETROSPOT,12,1/5/2011 10:27,1.95,13793.0,United Kingdom
540205,22623,BOX OF VINTAGE JIGSAW BLOCKS,4,1/5/2011 10:27,4.95,13793.0,United Kingdom
540205,71053,WHITE METAL LANTERN,12,1/5/2011 10:27,3.39,13793.0,United Kingdom
540205,47566,PARTY BUNTING,3,1/5/2011 10:27,4.95,13793.0,United Kingdom
540205,21212,PACK OF 72 RETROSPOT CAKE CASES,8,1/5/2011 10:27,0.55,13793.0,United Kingdom
540205,22745,POPPY'S PLAYHOUSE BEDROOM,4,1/5/2011 10:27,2.1,13793.0,United Kingdom
540205,22423,REGENCY CAKESTAND 3 TIER,4,1/5/2011 10:27,12.75,13793.0,United Kingdom
540205,84879,ASSORTED COLOUR BIRD ORNAMENT,6,1/5/2011 10:27,1.69,13793.0,United Kingdom
540205,22197,SMALL POPCORN HOLDER,3,1/5/2011 10:27,0.85,13793.0,United Kingdom
540205,48187,DOORMAT NEW ENGLAND,48,1/5/2011 10:27,7.95,13793.0,United Kingdom
540205,22423,REGENCY CAKESTAND 3 TIER,2,1/5/2011 10:27,12.75,13793.0,United Kingdom
540205,84879,ASSORTED COLOUR BIRD ORNAMENT,1,1/5/2011 10:27,1.69,13793.0,United Kingdom
540267,84879,ASSORTED COLOUR BIRD ORNAMENT,12,1/6/2011 8:12,1.69,18248.0,United Kingdom
540317,22960,JAM MAKING SET WITH JARS,1,1/6/2011 15:04,4.25,,United Kingdom
540317,21754,HOME BUILDING BLOCK WORD,3,1/6/2011 15:04,5.95,,United Kingdom
540317,85099B,JUMBO BAG RED RETROSPOT,2,1/6/2011 15:04,1.95,,United Kingdom
540317,47566,PARTY BUNTING,24,1/6/2011 15:04,4.95,,United Kingdom
540317,47566,PARTY BUNTING,4,1/6/2011 15:04,4.95,,United Kingdom
540317,71053,WHITE METAL LANTERN,2,1/6/2011 15:04,3.39,,United Kingdom
540317,84406B,CREAM CUPID HEARTS COAT HANGER,48,1/6/2011 15:04,2.75,,United Kingdom
540317,23084,RABBIT NIGHT LIGHT,8,1/6/2011 15:04,2.08,,United Kingdom
540317,22613,PACK OF 20 SPACEBOY NAPKINS,3,1/6/2011 15:04,0.85,,United Kingdom
540317,21754,HOME BUILDING BLOCK WORD,24,1/6/2011 15:04,5.95,,United Kingdom
540317,22310,IVORY KNITTED MUG COSY,24,1/6/2011 15:04,1.65,,United Kingdom
540317,22960,JAM MAKING SET WITH JARS,12,1/6/2011 15:04,4.25,,United Kingdom
540317,22632,HAND WARMER RED POLKA DOT,8,1/6/2011 15:04,1.85,,United Kingdom
540317,85123A,WHITE HANGING HEART T-LIGHT HOLDER,4,1/6/2011 15:04,2.55,,United Kingdom
540317,22613,PACK OF 20 SPACEBOY NAPKINS,12,1/6/2011 15:04,0.85,,United Kingdom
540379,22423,REGENCY CAKESTAND 3 TIER,12,1/7/2011 10:34,12.75,12451.0,United Kingdom
540379,84879,ASSORTED COLOUR BIRD ORNAMENT,48,1/7/2011 10:34,1.69,12451.0,United Kingdom
540379,84029E,RED WOOLLY HOTTIE WHITE HEART.,2,1/7/2011 10:34,3.39,12451.0,United Kingdom
540379,22720,SET OF 3 CAKE TINS PANTRY DESIGN,12,1/7/2011 10:34,4.95,12451.0,United Kingdom
540379,47566,PARTY BUNTING,48,1/7/2011 10:34,4.95,12451.0,United Kingdom
540379,22752,SET 7 BABUSHKA NESTING BOXES,3,1/7/2011 10:34,7.65,12451.0,United Kingdom
540379,22197,SMALL POPCORN HOLDER,1,1/7/2011 10:34,0.85,12451.0,United Kingdom
540379,22960,JAM MAKING SET WITH JARS,2,1/7/2011 10:34,4.25,12451.0,United Kingdom
540379,22613,PACK OF 20 SPACEBOY NAPKINS,3,1/7/2011 10:34,0.85,12451.0,United Kingdom
540379,22623,BOX OF VINTAGE JIGSAW BLOCKS,6,1/7/2011 10:34,4.95,12451.0,United Kingdom
540379,85099B,JUMBO BAG RED RETROSPOT,1,1/7/2011 10:34,1.95,12451.0,United Kingdom
540379,84969,BOX OF 6 ASSORTED COLOUR TEASPOONS,24,1/7/2011 10:34,4.25,12451.0,United Kingdom
540379,20725,LUNCH BAG RED RETROSPOT,4,1/7/2011 10:34,1.65,12451.0,United Kingdom
540379,22197,SMALL POPCORN HOLDER,12,1/7/2011 10:34,0.85,12451.0,United Kingdom
540443,84029E,RED WOOLLY HOTTIE WHITE HEART.,12,1/8/2011 8:16,3.39,,United Kingdom
540443,22310,IVORY KNITTED MUG COSY,12,1/8/2011 8:16,1.65,,United Kingdom
540443,47566,PARTY BUNTING,1,1/8/2011 8:16,4.95,,United Kingdom
540443,48187,,6,1/8/2011 8:16,7.95,,United Kingdom
540443,84879,ASSORTED COLOUR BIRD ORNAMENT,2,1/8/2011 8:16,1.69,,United Kingdom
540443,85099B,JUMBO BAG RED RETROSPOT,8,1/8/2011 8:16,1.95,,United Kingdom
540520,84029E,RED WOOLLY HOTTIE WHITE HEART.,12,1/8/2011 19:11,3.39,,France
540520,21730,GLASS STAR FROSTED T-LIGHT HOLDER,2,1/8/2011 19:11,4.25,,France
540520,21212,PACK OF 72 RETROSPOT CAKE CASES,48,1/8/2011 19:11,0.55,,France
540520,22748,POPPY'S PLAYHOUSE KITCHEN,48,1/8/2011 19:11,2.1,,France
540520,23084,,4,1/8/2011 19:11,2.08,,France
540520,22197,SMALL POPCORN HOLDER,24,1/8/2011 19:11,0.85,,France
540520,84029G,,2,1/8/2011 19:11,3.39,,France
540576,71053,WHITE METAL LANTERN,2,1/9/2011 9:53,3.39,12622.0,United Kingdom
540576,22613,PACK OF 20 SPACEBOY NAPKINS,48,1/9/2011 9:53,0.85,12622.0,United Kingdom
540576,22720,SET OF 3 CAKE TINS PANTRY DESIGN,2,1/9/2011 9:53,4.95,12622.0,United Kingdom
540576,21777,RECIPE BOX WITH METAL HEART,6,1/9/2011 9:53,7.95,12622.0,United Kingdom
540576,22613,PACK OF 20 SPACEBOY NAPKINS,4,1/9/2011 9:53,0.85,12622.0,United Kingdom
540576,21754,HOME BUILDING BLOCK WORD,2,1/9/2011 9:53,5.95,12622.0,United Kingdom
540576,22633,HAND WARMER UNION JACK,6,1/9/2011 9:53,1.85,12622.0,United Kingdom
540576,22423,REGENCY CAKESTAND 3 TIER,6,1/9/2011 9:53,12.75,12622.0,United Kingdom
540576,85123A,WHITE HANGING HEART T-LIGHT HOLDER,8,1/9/2011 9:53,2.55,12622.0,United Kingdom
540576,21777,RECIPE BOX WITH METAL HEART,1,1/9/2011 9:53,7.95,12622.0,United Kingdom
540624,22752,SET 7 BABUSHKA NESTING BOXES,48,1/9/2011 16:37,7.65,,United Kingdom
540624,21755,,1,1/9/2011 16:37,5.95,,United Kingdom
540624,85099B,JUMBO BAG RED RETROSPOT,8,1/9/2011 16:37,1.95,,United Kingdom
540624,22745,POPPY'S PLAYHOUSE BEDROOM,4,1/9/2011 16:37,2.1,,United Kingdom
540624,22720,,2,1/9/2011 16:37,4.95,,United Kingdom
540624,22720,SET OF 3 CAKE TINS PANTRY DESIGN,24,1/9/2011 16:37,4.95,,United Kingdom
540624,22960,JAM MAKING SET WITH JARS,2,1/9/2011 16:37,4.25,,United Kingdom
540624,85123A,WHITE HANGING HEART T-LIGHT HOLDER,8,1/9/2011 16:37,2.55,,United Kingdom
540624,22310,IVORY KNITTED MUG COSY,48,1/9/2011 16:37,1.65,,United Kingdom
540696,21777,RECIPE BOX WITH METAL HEART,6,1/10/2011 9:27,7.95,17404.0,United Kingdom
540696,22310,IVORY KNITTED MUG COSY,2,1/10/2011 9:27,1.65,17404.0,United Kingdom
540696,85123A,WHITE HANGING HEART T-LIGHT HOLDER,8,1/10/2011 9:27,2.55,17404.0,United Kingdom
540696,22613,PACK OF 20 SPACEBOY NAPKINS,8,1/10/2011 9:27,0.85,17404.0,United Kingdom
540696,22423,REGENCY CAKESTAND 3 TIER,48,1/10/2011 9:27,12.75,17404.0,United Kingdom
540696,22632,HAND WARMER RED POLKA DOT,24,1/10/2011 9:27,1.85,17404.0,United Kingdom
540696,22623,BOX OF VINTAGE JIGSAW BLOCKS,2,1/10/2011 9:27,4.95,17404.0,United Kingdom
540696,22613,PACK OF 20 SPACEBOY NAPKINS,1,1/10/2011 9:27,0.85,17404.0,United Kingdom
540696,84406B,CREAM CUPID HEARTS COAT HANGER,24,1/10/2011 9:27,2.75,17404.0,United Kingdom
540696,21754,HOME BUILDING BLOCK WORD,4,1/10/2011 9:27,5.95,17404.0,United Kingdom
540696,21730,GLASS STAR FROSTED T-LIGHT HOLDER,48,1/10/2011 9:27,4.25,17404.0,United Kingdom
540696,21730,GLASS STAR FROSTED T-LIGHT HOLDER,2,1/10/2011 9:27,4.25,17404.0,United Kingdom
540696,22613,PACK OF 20 SPACEBOY NAPKINS,4,1/10/2011 9:27,0.85,17404.0,United Kingdom
540696,21730,GLASS STAR FROSTED T-LIGHT HOLDER,4,1/10/2011 9:27,4.25,17404.0,United Kingdom
540696,84029E,RED WOOLLY HOTTIE WHITE HEART.,8,1/10/2011 9:27,3.39,17404.0,United Kingdom
540696,22960,JAM MAKING SET WITH JARS,24,1/10/2011 9:27,4.25,17404.0,United Kingdom
540696,84969,BOX OF 6 ASSORTED COLOUR TEASPOONS,48,1/10/2011 9:27,4.25,17404.0,United Kingdom
540696,21730,GLASS STAR FROSTED T-LIGHT HOLDER,48,1/10/2011 9:27,4.25,17404.0,United Kingdom
540696,84879,ASSORTED COLOUR BIRD ORNAMENT,3,1/10/2011 9:27,1.69,17404.0,United Kingdom
540696,22310,IVORY KNITTED MUG COSY,6,1/10/2011 9:27,1.65,17404.0,United Kingdom
540696,20725,LUNCH BAG RED RETROSPOT,48,1/10/2011 9:27,1.65,17404.0,United Kingdom
540696,22623,BOX OF VINTAGE JIGSAW BLOCKS,6,1/10/2011 9:27,4.95,17404.0,United Kingdom
540696,22748,POPPY'S PLAYHOUSE KITCHEN,2,1/10/2011 9:27,2.1,17404.0,United Kingdom
540696,23084,RABBIT NIGHT LIGHT,12,1/10/2011 9:27,2.08,17404.0,United Kingdom
540768,22197,SMALL POPCORN HOLDER,4,1/11/2011 9:24,0.85,13086.0,United Kingdom
540768,84029E,RED WOOLLY HOTTIE WHITE HEART.,1,1/11/2011 9:24,3.39,13086.0,United Kingdom
540768,85099B,JUMBO BAG RED RETROSPOT,8,1/11/2011 9:24,1.95,13086.0,United Kingdom
540768,22960,JAM MAKING SET WITH JARS,4,1/11/2011 9:24,4.25,13086.0,United Kingdom
540768,22423,REGENCY CAKESTAND 3 TIER,3,1/11/2011 9:24,12.75,13086.0,United Kingdom
540768,22752,SET 7 BABUSHKA NESTING BOXES,2,1/11/2011 9:24,7.65,13086.0,United Kingdom
540768,84029E,RED WOOLLY HOTTIE WHITE HEART.,3,1/11/2011 9:24,3.39,13086.0,United Kingdom
540768,21730,GLASS STAR FROSTED T-LIGHT HOLDER,12,1/11/2011 9:24,4.25,13086.0,United Kingdom
540768,22752,SET 7 BABUSHKA NESTING BOXES,1,1/11/2011 9:24,7.65,13086.0,United Kingdom
540768,22623,BOX OF VINTAGE JIGSAW BLOCKS,24,1/11/2011 9:24,4.95,13086.0,United Kingdom
540768,21754,HOME BUILDING BLOCK WORD,2,1/11/2011 9:24,5.95,13086.0,United Kingdom
540768,22720,SET OF 3 CAKE TINS PANTRY DESIGN,8,1/11/2011 9:24,4.95,13086.0,United Kingdom
540768,84029E,RED WOOLLY HOTTIE WHITE HEART.,48,1/11/2011 9:24,3.39,13086.0,United Kingdom
540768,22720,SET OF 3 CAKE TINS PANTRY DESIGN,8,1/11/2011 9:24,4.95,13086.0,United Kingdom
540768,21754,HOME BUILDING BLOCK WORD,3,1/11/2011 9:24,5.95,13086.0,United Kingdom
540813,84969,BOX OF 6 ASSORTED COLOUR TEASPOONS,48,1/11/2011 16:20,4.25,12890.0,United Kingdom
540813,84029G,KNITTED UNION FLAG HOT WATER BOTTLE,24,1/11/2011 16:20,3.39,12890.0,United Kingdom
540886,22197,SMALL POPCORN HOLDER,3,1/12/2011 8:45,0.85,17744.0,United Kingdom
540886,84879,ASSORTED COLOUR BIRD ORNAMENT,4,1/12/2011 8:45,1.69,17744.0,United Kingdom
540886,84879,ASSORTED COLOUR BIRD ORNAMENT,12,1/12/2011 8:45,1.69,17744.0,United Kingdom
540886,84406B,CREAM CUPID HEARTS COAT HANGER,2,1/12/2011 8:45,2.75,17744.0,United Kingdom
540886,85123A,WHITE HANGING HEART T-LIGHT HOLDER,24,1/12/2011 8:45,2.55,17744.0,United Kingdom
540886,84879,ASSORTED COLOUR BIRD ORNAMENT,48,1/12/2011 8:45,1.69,17744.0,United Kingdom
540886,22748,POPPY'S PLAYHOUSE KITCHEN,24,1/12/2011 8:45,2.1,17744.0,United Kingdom
540886,22623,BOX OF VINTAGE JIGSAW BLOCKS,8,1/12/2011 8:45,4.95,17744.0,United Kingdom
540886,22960,JAM MAKING SET WITH JARS,48,1/12/2011 8:45,4.25,17744.0,United Kingdom
540886,22623,BOX OF VINTAGE JIGSAW BLOCKS,2,1/12/2011 8:45,4.95,17744.0,United Kingdom
540886,84029G,KNITTED UNION FLAG HOT WATER BOTTLE,48,1/12/2011 8:45,3.39,17744.0,United Kingdom
540886,22310,IVORY KNITTED MUG COSY,12,1/12/2011 8:45,1.65,17744.0,United Kingdom
540886,47566,PARTY BUNTING,1,1/12/2011 8:45,4.95,17744.0,United Kingdom
540886,21754,HOME BUILDING BLOCK WORD,3,1/12/2011 8:45,5.95,17744.0,United Kingdom
540886,85099B,JUMBO BAG RED RETROSPOT,3,1/12/2011 8:45,1.95,17744.0,United Kingdom
540886,21212,PACK OF 72 RETROSPOT CAKE CASES,4,1/12/2011 8:45,0.55,17744.0,United Kingdom
540886,84406B,CREAM CUPID HEARTS COAT HANGER,24,1/12/2011 8:45,2.75,17744.0,United Kingdom
540886,21755,LOVE BUILDING BLOCK WORD,12,1/12/2011 8:45,5.95,17744.0,United Kingdom
540886,47566,PARTY BUNTING,1,1/12/2011 8:45,4.95,17744.0,United Kingdom
540964,22752,SET 7 BABUSHKA NESTING BOXES,1,1/12/2011 19:26,7.65,,United Kingdom
540964,22748,POPPY'S PLAYHOUSE KITCHEN,8,1/12/2011 19:26,2.1,,United Kingdom
540964,21755,LOVE BUILDING BLOCK WORD,1,1/12/2011 19:26,5.95,,United Kingdom
540964,84029G,KNITTED UNION FLAG HOT WATER BOTTLE,8,1/12/2011 19:26,3.39,,United Kingdom
540964,22752,SET 7 BABUSHKA NESTING BOXES,24,1/12/2011 19:26,7.65,,United Kingdom
540964,22748,POPPY'S PLAYHOUSE KITCHEN,24,1/12/2011 19:26,2.1,,United Kingdom
540964,84029E,RED WOOLLY HOTTIE WHITE HEART.,12,1/12/2011 19:26,3.39,,United Kingdom
541012,21212,PACK OF 72 RETROSPOT CAKE CASES,3,1/13/2011 10:48,0.55,17232.0,United Kingdom
541012,22632,HAND WARMER RED POLKA DOT,6,1/13/2011 10:48,1.85,17232.0,United Kingdom
541012,21777,RECIPE BOX WITH METAL HEART,24,1/13/2011 10:48,7.95,17232.0,United Kingdom
541012,84406B,CREAM CUPID HEARTS COAT HANGER,8,1/13/2011 10:48,2.75,17232.0,United Kingdom
541012,85123A,WHITE HANGING HEART T-LIGHT HOLDER,2,1/13/2011 10:48,2.55,17232.0,United Kingdom
541012,22197,SMALL POPCORN HOLDER,8,1/13/2011 10:48,0.85,17232.0,United Kingdom
541012,84969,BOX OF 6 ASSORTED COLOUR TEASPOONS,8,1/13/2011 10:48,4.25,17232.0,United Kingdom
541012,85099B,JUMBO BAG RED RETROSPOT,4,1/13/2011 10:48,1.95,17232.0,United Kingdom
541012,22632,HAND WARMER RED POLKA DOT,8,1/13/2011 10:48,1.85,17232.0,United Kingdom
541012,85123A,WHITE HANGING HEART T-LIGHT HOLDER,2,1/13/2011 10:48,2.55,17232.0,United Kingdom
541012,22748,POPPY'S PLAYHOUSE KITCHEN,48,1/13/2011 10:48,2.1,17232.0,United Kingdom
541066,85123A,WHITE HANGING HEART T-LIGHT HOLDER,48,1/13/2011 18:52,2.55,17634.0,United Kingdom
541066,84029E,RED WOOLLY HOTTIE WHITE HEART.,8,1/13/2011 18:52,3.39,17634.0,United Kingdom
541066,22310,IVORY KNITTED MUG COSY,3,1/13/2011 18:52,1.65,17634.0,United Kingdom
541111,21730,GLASS STAR FROSTED T-LIGHT HOLDER,8,1/14/2011 9:55,4.25,15475.0,United Kingdom
541111,22632,HAND WARMER RED POLKA DOT,24,1/14/2011 9:55,1.85,15475.0,United Kingdom
541111,22423,REGENCY CAKESTAND 3 TIER,1,1/14/2011 9:55,12.75,15475.0,United Kingdom
541111,48187,DOORMAT NEW ENGLAND,2,1/14/2011 9:55,7.95,15475.0,United Kingdom
541111,84406B,CREAM CUPID HEARTS COAT HANGER,6,1/14/2011 9:55,2.75,15475.0,United Kingdom
541111,21755,LOVE BUILDING BLOCK WORD,48,1/14/2011 9:55,5.95,15475.0,United Kingdom
541167,85123A,WHITE HANGING HEART T-LIGHT HOLDER,4,1/14/2011 16:05,2.55,,United Kingdom
541167,84879,ASSORTED COLOUR BIRD ORNAMENT,24,1/14/2011 16:05,1.69,,United Kingdom
541167,21212,PACK OF 72 RETROSPOT CAKE CASES,12,1/14/2011 16:05,0.55,,United Kingdom
541167,21755,LOVE BUILDING BLOCK WORD,48,1/14/2011 16:05,5.95,,United Kingdom
541167,48187,DOORMAT NEW ENGLAND,3,1/14/2011 16:05,7.95,,United Kingdom
541167,22623,BOX OF VINTAGE JIGSAW BLOCKS,8,1/14/2011 16:05,4.95,,United Kingdom
541167,85099B,JUMBO BAG RED RETROSPOT,48,1/14/2011 16:05,1.95,,United Kingdom
541167,22748,POPPY'S PLAYHOUSE KITCHEN,1,1/14/2011 16:05,2.1,,United Kingdom
541167,22720,SET OF 3 CAKE TINS PANTRY DESIGN,3,1/14/2011 16:05,4.95,,United Kingdom
541167,84406B,CREAM CUPID HEARTS COAT HANGER,8,1/14/2011 16:05,2.75,,United Kingdom
541167,47566,,3,1/14/2011 16:05,4.95,,United Kingdom
541167,22633,HAND WARMER UNION JACK,48,1/14/2011 16:05,1.85,,United Kingdom
541167,84029G,KNITTED UNION FLAG HOT WATER BOTTLE,8,1/14/2011 16:05,3.39,,United Kingdom
541167,21777,RECIPE BOX WITH METAL HEART,8,1/14/2011 16:05,7.95,,United Kingdom
541167,22745,POPPY'S PLAYHOUSE BEDROOM,4,1/14/2011 16:05,2.1,,United Kingdom
541167,21777,RECIPE BOX WITH METAL HEART,24,1/14/2011 16:05,7.95,,United Kingdom
541167,22960,JAM MAKING SET WITH JARS,4,1/14/2011 16:05,4.25,,United Kingdom
541167,48187,DOORMAT NEW ENGLAND,24,1/14/2011 16:05,7.95,,United Kingdom
541167,84406B,CREAM CUPID HEARTS COAT HANGER,6,1/14/2011 16:05,2.75,,United Kingdom
541167,21755,LOVE BUILDING BLOCK WORD,8,1/14/2011 16:05,5.95,,United Kingdom
541167,22752,SET 7 BABUSHKA NESTING BOXES,24,1/14/2011 16:05,7.65,,United Kingdom
541167,22913,,8,1/14/2011 16:05,4.95,,United Kingdom
541167,21754,HOME BUILDING BLOCK WORD,2,1/14/2011 16:05,5.95,,United Kingdom
541214,22720,SET OF 3 CAKE TINS PANTRY DESIGN,4,1/15/2011 9:28,4.95,16179.0,United Kingdom
541214,48187,DOORMAT NEW ENGLAND,1,1/15/2011 9:28,7.95,16179.0,United Kingdom
541214,22745,POPPY'S PLAYHOUSE BEDROOM,1,1/15/2011 9:28,2.1,16179.0,United Kingdom
541214,22745,POPPY'S PLAYHOUSE BEDROOM,1,1/15/2011 9:28,2.1,16179.0,United Kingdom
541214,85099B,JUMBO BAG RED RETROSPOT,1,1/15/2011 9:28,1.95,16179.0,United Kingdom
541214,22745,POPPY'S PLAYHOUSE BEDROOM,2,1/15/2011 9:28,2.1,16179.0,United Kingdom
541275,23084,RABBIT NIGHT LIGHT,48,1/15/2011 17:57,2.08,13500.0,United Kingdom
541275,22720,SET OF 3 CAKE TINS PANTRY DESIGN,2,1/15/2011 17:57,4.95,13500.0,United Kingdom
541275,22623,BOX OF VINTAGE JIGSAW BLOCKS,4,1/15/2011 17:57,4.95,13500.0,United Kingdom
541275,84406B,CREAM CUPID HEARTS COAT HANGER,24,1/15/2011 17:57,2.75,13500.0,United Kingdom
541275,22752,SET 7 BABUSHKA NESTING BOXES,2,1/15/2011 17:57,7.65,13500.0,United Kingdom
541275,84879,ASSORTED COLOUR BIRD ORNAMENT,24,1/15/2011 17:57,1.69,13500.0,United Kingdom
541275,20725,LUNCH BAG RED RETROSPOT,6,1/15/2011 17:57,1.65,13500.0,United Kingdom
541275,21730,GLASS STAR FROSTED T-LIGHT HOLDER,12,1/15/2011 17:57,4.25,13500.0,United Kingdom
541275,22197,SMALL POPCORN HOLDER,12,1/15/2011 17:57,0.85,13500.0,United Kingdom
541275,22623,BOX OF VINTAGE JIGSAW BLOCKS,3,1/15/2011 17:57,4.95,13500.0,United Kingdom
541275,21755,LOVE BUILDING BLOCK WORD,24,1/15/2011 17:57,5.95,13500.0,United Kingdom
541275,22960,JAM MAKING SET WITH JARS,12,1/15/2011 17:57,4.25,13500.0,United Kingdom
541275,84029E,RED WOOLLY HOTTIE WHITE HEART.,3,1/15/2011 17:57,3.39,13500.0,United Kingdom
541275,22310,IVORY KNITTED MUG COSY,6,1/15/2011 17:57,1.65,13500.0,United Kingdom
541275,22913,RED COAT RACK PARIS FASHION,48,1/15/2011 17:57,4.95,13500.0,United Kingdom
541275,21730,GLASS STAR FROSTED T-LIGHT HOLDER,6,1/15/2011 17:57,4.25,13500.0,United Kingdom
541275,22197,SMALL POPCORN HOLDER,1,1/15/2011 17:57,0.85,13500.0,United Kingdom
541275,22720,SET OF 3 CAKE TINS PANTRY DESIGN,8,1/15/2011 17:57,4.95,13500.0,United Kingdom
541275,22720,SET OF 3 CAKE TINS PANTRY DESIGN,6,1/15/2011 17:57,4.95,13500.0,United Kingdom
541275,84029G,KNITTED UNION FLAG HOT WATER BOTTLE,48,1/15/2011 17:57,3.39,13500.0,United Kingdom
541337,84029G,KNITTED UNION FLAG HOT WATER BOTTLE,1,1/16/2011 9:45,3.39,16362.0,United Kingdom
541337,22310,IVORY KNITTED MUG COSY,3,1/16/2011 9:45,1.65,16362.0,United Kingdom
541337,71053,WHITE METAL LANTERN,6,1/16/2011 9:45,3.39,16362.0,United Kingdom
541337,84029G,KNITTED UNION FLAG HOT WATER BOTTLE,1,1/16/2011 9:45,3.39,16362.0,United Kingdom
541337,22752,SET 7 BABUSHKA NESTING BOXES,24,1/16/2011 9:45,7.65,16362.0,United Kingdom
541337,22613,PACK OF 20 SPACEBOY NAPKINS,48,1/16/2011 9:45,0.85,16362.0,United Kingdom
541337,47566,PARTY BUNTING,2,1/16/2011 9:45,4.95,16362.0,United Kingdom
541337,21755,LOVE BUILDING BLOCK WORD,4,1/16/2011 9:45,5.95,16362.0,United Kingdom
541337,22613,PACK OF 20 SPACEBOY NAPKINS,12,1/16/2011 9:45,0.85,16362.0,United Kingdom
541337,23084,RABBIT NIGHT LIGHT,3,1/16/2011 9:45,2.08,16362.0,United Kingdom
541337,84406B,CREAM CUPID HEARTS COAT HANGER,24,1/16/2011 9:45,2.75,16362.0,United Kingdom
541337,21754,HOME BUILDING BLOCK WORD,12,1/16/2011 9:45,5.95,16362.0,United Kingdom
541337,48187,DOORMAT NEW ENGLAND,2,1/16/2011 9:45,7.95,16362.0,United Kingdom
541337,21777,RECIPE BOX WITH METAL HEART,12,1/16/2011 9:45,7.95,16362.0,United Kingdom
541337,22913,RED COAT RACK PARIS FASHION,48,1/16/2011 9:45,4.95,16362.0,United Kingdom
541337,21212,PACK OF 72 RETROSPOT CAKE CASES,1,1/16/2011 9:45,0.55,16362.0,United Kingdom
541337,22197,SMALL POPCORN HOLDER,24,1/16/2011 9:45,0.85,16362.0,United Kingdom
541337,84406B,CREAM CUPID HEARTS COAT HANGER,4,1/16/2011 9:45,2.75,16362.0,United Kingdom
541337,23084,RABBIT NIGHT LIGHT,4,1/16/2011 9:45,2.08,16362.0,United Kingdom
541415,48187,DOORMAT NEW ENGLAND,4,1/16/2011 13:47,7.95,14456.0,United Kingdom
541415,20725,LUNCH BAG RED RETROSPOT,6,1/16/2011 13:47,1.65,14456.0,United Kingdom
541415,85099B,JUMBO BAG RED RETROSPOT,1,1/16/2011 13:47,1.95,14456.0,United Kingdom
541415,21777,RECIPE BOX WITH METAL HEART,48,1/16/2011 13:47,7.95,14456.0,United Kingdom
541415,21777,RECIPE BOX WITH METAL HEART,4,1/16/2011 13:47,7.95,14456.0,United Kingdom
541415,22752,SET 7 BABUSHKA NESTING BOXES,3,1/16/2011 13:47,7.65,14456.0,United Kingdom
541415,22623,BOX OF VINTAGE JIGSAW BLOCKS,8,1/16/2011 13:47,4.95,14456.0,United Kingdom
541415,22913,RED COAT RACK PARIS FASHION,8,1/16/2011 13:47,4.95,14456.0,United Kingdom
541415,22913,RED COAT RACK PARIS FASHION,24,1/16/2011 13:47,4.95,14456.0,United Kingdom
541415,22613,PACK OF 20 SPACEBOY NAPKINS,48,1/16/2011 13:47,0.85,14456.0,United Kingdom
541415,84029E,RED WOOLLY HOTTIE WHITE HEART.,24,1/16/2011 13:47,3.39,14456.0,United Kingdom
541415,84969,BOX OF 6 ASSORTED COLOUR TEASPOONS,12,1/16/2011 13:47,4.25,14456.0,United Kingdom
541415,21755,LOVE BUILDING BLOCK WORD,48,1/16/2011 13:47,5.95,14456.0,United Kingdom
541415,84029G,KNITTED UNION FLAG HOT WATER BOTTLE,48,1/16/2011 13:47,3.39,14456.0,United Kingdom
541415,21212,PACK OF 72 RETROSPOT CAKE CASES,2,1/16/2011 13:47,0.55,14456.0,United Kingdom
541415,22720,SET OF 3 CAKE TINS PANTRY DESIGN,8,1/16/2011 13:47,4.95,14456.0,United Kingdom
541415,84969,BOX OF 6 ASSORTED COLOUR TEASPOONS,4,1/16/2011 13:47,4.25,14456.0,United Kingdom
541415,22423,REGENCY CAKESTAND 3 TIER,6,1/16/2011 13:47,12.75,14456.0,United Kingdom
541415,23084,RABBIT NIGHT LIGHT,6,1/16/2011 13:47,2.08,14456.0,United Kingdom
541415,22720,SET OF 3 CAKE TINS PANTRY DESIGN,1,1/16/2011 13:47,4.95,14456.0,United Kingdom
541415,22745,POPPY'S PLAYHOUSE BEDROOM,4,1/16/2011 13:47,2.1,14456.0,United Kingdom
541481,22960,,3,1/17/2011 8:08,4.25,,United Kingdom
541481,21777,,8,1/17/2011 8:08,7.95,,United Kingdom
541481,22310,IVORY KNITTED MUG COSY,3,1/17/2011 8:08,1.65,,United Kingdom
541481,84969,BOX OF 6 ASSORTED COLOUR TEASPOONS,8,1/17/2011 8:08,4.25,,United Kingdom
541481,22423,REGENCY CAKESTAND 3 TIER,4,1/17/2011 8:08,12.75,,United Kingdom
541481,71053,,8,1/17/2011 8:08,3.39,,United Kingdom
541481,84029E,RED WOOLLY HOTTIE WHITE HEART.,48,1/17/2011 8:08,3.39,,United Kingdom
541481,22752,,3,1/17/2011 8:08,7.65,,United Kingdom
541481,22633,HAND WARMER UNION JACK,8,1/17/2011 8:08,1.85,,United Kingdom
541481,22613,PACK OF 20 SPACEBOY NAPKINS,24,1/17/2011 8:08,0.85,,United Kingdom
541481,48187,DOORMAT NEW ENGLAND,24,1/17/2011 8:08,7.95,,United Kingdom
541481,22310,IVORY KNITTED MUG COSY,1,1/17/2011 8:08,1.65,,United Kingdom
541481,84879,ASSORTED COLOUR BIRD ORNAMENT,24,1/17/2011 8:08,1.69,,United Kingdom
541481,22748,POPPY'S PLAYHOUSE KITCHEN,24,1/17/2011 8:08,2.1,,United Kingdom
541481,22913,RED COAT RACK PARIS FASHION,4,1/17/2011 8:08,4.95,,United Kingdom
541481,22623,BOX OF VINTAGE JIGSAW BLOCKS,24,1/17/2011 8:08,4.95,,United Kingdom
541481,22632,HAND WARMER RED POLKA DOT,12,1/17/2011 8:08,1.85,,United Kingdom
541525,22197,SMALL POPCORN HOLDER,6,1/17/2011 15:03,0.85,,United Kingdom
541525,22913,RED COAT RACK PARIS FASHION,2,1/17/2011 15:03,4.95,,United Kingdom
541525,22720,SET OF 3 CAKE TINS PANTRY DESIGN,3,1/17/2011 15:03,4.95,,United Kingdom
541525,71053,WHITE METAL LANTERN,24,1/17/2011 15:03,3.39,,United Kingdom
541525,85123A,WHITE HANGING HEART T-LIGHT HOLDER,3,1/17/2011 15:03,2.55,,United Kingdom
541525,23084,RABBIT NIGHT LIGHT,6,1/17/2011 15:03,2.08,,United Kingdom
541525,48187,DOORMAT NEW ENGLAND,3,1/17/2011 15:03,7.95,,United Kingdom
541525,21777,RECIPE BOX WITH METAL HEART,3,1/17/2011 15:03,7.95,,United Kingdom
541525,21212,PACK OF 72 RETROSPOT CAKE CASES,1,1/17/2011 15:03,0.55,,United Kingdom
541525,22310,IVORY KNITTED MUG COSY,2,1/17/2011 15:03,1.65,,United Kingdom
541525,21754,,1,1/17/2011 15:03,5.95,,United Kingdom
541525,84406B,CREAM CUPID HEARTS COAT HANGER,8,1/17/2011 15:03,2.75,,United Kingdom
541525,22632,HAND WARMER RED POLKA DOT,8,1/17/2011 15:03,1.85,,United Kingdom
541525,71053,WHITE METAL LANTERN,8,1/17/2011 15:03,3.39,,United Kingdom
541525,22423,REGENCY CAKESTAND 3 TIER,1,1/17/2011 15:03,12.75,,United Kingdom
541602,22748,POPPY'S PLAYHOUSE KITCHEN,6,1/18/2011 9:25,2.1,16765.0,United Kingdom
541602,47566,PARTY BUNTING,12,1/18/2011 9:25,4.95,16765.0,United Kingdom
541652,20725,LUNCH BAG RED RETROSPOT,1,1/18/2011 13:07,1.65,17541.0,United Kingdom
541652,22623,BOX OF VINTAGE JIGSAW BLOCKS,2,1/18/2011 13:07,4.95,17541.0,United Kingdom
541652,21754,HOME BUILDING BLOCK WORD,2,1/18/2011 13:07,5.95,17541.0,United Kingdom
541652,22913,RED COAT RACK PARIS FASHION,48,1/18/2011 13:07,4.95,17541.0,United Kingdom
541652,84879,ASSORTED COLOUR BIRD ORNAMENT,24,1/18/2011 13:07,1.69,17541.0,United Kingdom
541652,84029E,RED WOOLLY HOTTIE WHITE HEART.,48,1/18/2011 13:07,3.39,17541.0,United Kingdom
541652,84029E,RED WOOLLY HOTTIE WHITE HEART.,4,1/18/2011 13:07,3.39,17541.0,United Kingdom
541694,85099B,JUMBO BAG RED RETROSPOT,12,1/19/2011 11:07,1.95,14184.0,United Kingdom
541694,23084,RABBIT NIGHT LIGHT,3,1/19/2011 11:07,2.08,14184.0,United Kingdom
541694,22633,HAND WARMER UNION JACK,4,1/19/2011 11:07,1.85,14184.0,United Kingdom
541694,84879,ASSORTED COLOUR BIRD ORNAMENT,3,1/19/2011 11:07,1.69,14184.0,United Kingdom
541694,22197,SMALL POPCORN HOLDER,2,1/19/2011 11:07,0.85,14184.0,United Kingdom
541694,21730,GLASS STAR FROSTED T-LIGHT HOLDER,48,1/19/2011 11:07,4.25,14184.0,United Kingdom
541694,48187,DOORMAT NEW ENGLAND,4,1/19/2011 11:07,7.95,14184.0,United Kingdom
541694,22913,RED COAT RACK PARIS FASHION,8,1/19/2011 11:07,4.95,14184.0,United Kingdom
541694,21212,PACK OF 72 RETROSPOT CAKE CASES,4,1/19/2011 11:07,0.55,14184.0,United Kingdom
541694,22960,JAM MAKING SET WITH JARS,8,1/19/2011 11:07,4.25,14184.0,United Kingdom
541694,84969,BOX OF 6 ASSORTED COLOUR TEASPOONS,24,1/19/2011 11:07,4.25,14184.0,United Kingdom
541694,22613,PACK OF 20 SPACEBOY NAPKINS,1,1/19/2011 11:07,0.85,14184.0,United Kingdom
541694,48187,DOORMAT NEW ENGLAND,6,1/19/2011 11:07,7.95,14184.0,United Kingdom
541694,85123A,WHITE HANGING HEART T-LIGHT HOLDER,3,1/19/2011 11:07,2.55,14184.0,United Kingdom
541694,48187,DOORMAT NEW ENGLAND,48,1/19/2011 11:07,7.95,14184.0,United Kingdom
541694,22423,REGENCY CAKESTAND 3 TIER,1,1/19/2011 11:07,12.75,14184.0,United Kingdom
541694,21754,HOME BUILDING BLOCK WORD,48,1/19/2011 11:07,5.95,14184.0,United Kingdom
541694,84406B,CREAM CUPID HEARTS COAT HANGER,24,1/19/2011 11:07,2.75,14184.0,United Kingdom
541694,22720,SET OF 3 CAKE TINS PANTRY DESIGN,48,1/19/2011 11:07,4.95,14184.0,United Kingdom
541694,22623,BOX OF VINTAGE JIGSAW BLOCKS,48,1/19/2011 11:07,4.95,14184.0,United Kingdom
541694,21730,GLASS STAR FROSTED T-LIGHT HOLDER,3,1/19/2011 11:07,4.25,14184.0,United Kingdom
541694,23084,RABBIT NIGHT LIGHT,24,1/19/2011 11:07,2.08,14184.0,United Kingdom
541694,22623,BOX OF VINTAGE JIGSAW BLOCKS,6,1/19/2011 11:07,4.95,14184.0,United Kingdom
541763,22752,SET 7 BABUSHKA NESTING BOXES,12,1/19/2011 17:15,7.65,15540.0,United Kingdom
541763,22752,SET 7 BABUSHKA NESTING BOXES,6,1/19/2011 17:15,7.65,15540.0,United Kingdom
541763,84969,BOX OF 6 ASSORTED COLOUR TEASPOONS,8,1/19/2011 17:15,4.25,15540.0,United Kingdom
541763,22197,SMALL POPCORN HOLDER,48,1/19/2011 17:15,0.85,15540.0,United Kingdom
541763,71053,WHITE METAL LANTERN,3,1/19/2011 17:15,3.39,15540.0,United Kingdom
541763,23084,RABBIT NIGHT LIGHT,12,1/19/2011 17:15,2.08,15540.0,United Kingdom
541763,22423,REGENCY CAKESTAND 3 TIER,48,1/19/2011 17:15,12.75,15540.0,United Kingdom
541763,85123A,WHITE HANGING HEART T-LIGHT HOLDER,8,1/19/2011 17:15,2.55,15540.0,United Kingdom
C541819,47566,PARTY BUNTING,-3,1/20/2011 11:52,4.95,17364.0,United Kingdom
541883,22632,HAND WARMER RED POLKA DOT,2,1/20/2011 16:47,1.85,14361.0,United Kingdom
541883,47566,PARTY BUNTING,6,1/20/2011 16:47,4.95,14361.0,United Kingdom
541883,23084,RABBIT NIGHT LIGHT,48,1/20/2011 16:47,2.08,14361.0,United Kingdom
541883,22613,PACK OF 20 SPACEBOY NAPKINS,24,1/20/2011 16:47,0.85,14361.0,United Kingdom
541883,22632,HAND WARMER RED POLKA DOT,24,1/20/2011 16:47,1.85,14361.0,United Kingdom
541883,22613,PACK OF 20 SPACEBOY NAPKINS,6,1/20/2011 16:47,0.85,14361.0,United Kingdom
541883,84029E,RED WOOLLY HOTTIE WHITE HEART.,2,1/20/2011 16:47,3.39,14361.0,United Kingdom
541883,21777,RECIPE BOX WITH METAL HEART,2,1/20/2011 16:47,7.95,14361.0,United Kingdom
541948,21730,GLASS STAR FROSTED T-LIGHT HOLDER,12,1/21/2011 8:19,4.25,16895.0,United Kingdom
541948,84029E,RED WOOLLY HOTTIE WHITE HEART.,4,1/21/2011 8:19,3.39,16895.0,United Kingdom
541948,48187,DOORMAT NEW ENGLAND,6,1/21/2011 8:19,7.95,16895.0,United Kingdom
541948,22423,REGENCY CAKESTAND 3 TIER,24,1/21/2011 8:19,12.75,16895.0,United Kingdom
541948,23084,RABBIT NIGHT LIGHT,1,1/21/2011 8:19,2.08,16895.0,United Kingdom
541948,22613,PACK OF 20 SPACEBOY NAPKINS,6,1/21/2011 8:19,0.85,16895.0,United Kingdom
541948,71053,WHITE METAL LANTERN,48,1/21/2011 8:19,3.39,16895.0,United Kingdom
541948,22720,SET OF 3 CAKE TINS PANTRY DESIGN,4,1/21/2011 8:19,4.95,16895.0,United Kingdom
541948,85123A,WHITE HANGING HEART T-LIGHT HOLDER,12,1/21/2011 8:19,2.55,16895.0,United Kingdom
541948,85099B,JUMBO BAG RED RETROSPOT,24,1/21/2011 8:19,1.95,16895.0,United Kingdom
541948,22720,SET OF 3 CAKE TINS PANTRY DESIGN,8,1/21/2011 8:19,4.95,16895.0,United Kingdom
541948,48187,DOORMAT NEW ENGLAND,24,1/21/2011 8:19,7.95,16895.0,United Kingdom
542006,22960,JAM MAKING SET WITH JARS,2,1/21/2011 11:13,4.25,,United Kingdom
542006,22960,JAM MAKING SET WITH JARS,12,1/21/2011 11:13,4.25,,United Kingdom
542006,21212,PACK OF 72 RETROSPOT CAKE CASES,4,1/21/2011 11:13,0.55,,United Kingdom
542006,48187,DOORMAT NEW ENGLAND,6,1/21/2011 11:13,7.95,,United Kingdom
542062,84406B,CREAM CUPID HEARTS COAT HANGER,3,1/21/2011 14:28,2.75,14939.0,EIRE
542062,21730,GLASS STAR FROSTED T-LIGHT HOLDER,48,1/21/2011 14:28,4.25,14939.0,EIRE
542109,21755,LOVE BUILDING BLOCK WORD,24,1/21/2011 19:16,5.95,,Portugal
542109,84029G,KNITTED UNION FLAG HOT WATER BOTTLE,1,1/21/2011 19:16,3.39,,Portugal
542109,22613,PACK OF 20 SPACEBOY NAPKINS,3,1/21/2011 19:16,0.85,,Portugal
542109,22752,SET 7 BABUSHKA NESTING BOXES,3,1/21/2011 19:16,7.65,,Portugal
542109,22960,JAM MAKING SET WITH JARS,48,1/21/2011 19:16,4.25,,Portugal
542109,22960,JAM MAKING SET WITH JARS,3,1/21/2011 19:16,4.25,,Portugal
542109,84029G,KNITTED UNION FLAG HOT WATER BOTTLE,2,1/21/2011 19:16,3.39,,Portugal
542109,22197,SMALL POPCORN HOLDER,48,1/21/2011 19:16,0.85,,Portugal
542109,22748,POPPY'S PLAYHOUSE KITCHEN,1,1/21/2011 19:16,2.1,,Portugal
542109,48187,DOORMAT NEW ENGLAND,4,1/21/2011 19:16,7.95,,Portugal
542109,22752,SET 7 BABUSHKA NESTING BOXES,24,1/21/2011 19:16,7.65,,Portugal
542109,22913,RED COAT RACK PARIS FASHION,8,1/21/2011 19:16,4.95,,Portugal
542151,47566,PARTY BUNTING,48,1/22/2011 10:49,4.95,15371.0,United Kingdom
542151,22752,SET 7 BABUSHKA NESTING BOXES,1,1/22/2011 10:49,7.65,15371.0,United Kingdom
542151,85123A,WHITE HANGING HEART T-LIGHT HOLDER,2,1/22/2011 10:49,2.55,15371.0,United Kingdom
542151,22197,SMALL POPCORN HOLDER,24,1/22/2011 10:49,0.85,15371.0,United Kingdom
542151,84879,ASSORTED COLOUR BIRD ORNAMENT,48,1/22/2011 10:49,1.69,15371.0,United Kingdom
542151,22197,SMALL POPCORN HOLDER,48,1/22/2011 10:49,0.85,15371.0,United Kingdom
542151,22960,JAM MAKING SET WITH JARS,2,1/22/2011 10:49,4.25,15371.0,United Kingdom
542151,84969,BOX OF 6 ASSORTED COLOUR TEASPOONS,48,1/22/2011 10:49,4.25,15371.0,United Kingdom
542151,22197,SMALL POPCORN HOLDER,4,1/22/2011 10:49,0.85,15371.0,United Kingdom
542151,22623,BOX OF VINTAGE JIGSAW BLOCKS,3,1/22/2011 10:49,4.95,15371.0,United Kingdom
542151,22613,PACK OF 20 SPACEBOY NAPKINS,6,1/22/2011 10:49,0.85,15371.0,United Kingdom
542151,22745,POPPY'S PLAYHOUSE BEDROOM,24,1/22/2011 10:49,2.1,15371.0,United Kingdom
542151,22197,SMALL POPCORN HOLDER,12,1/22/2011 10:49,0.85,15371.0,United Kingdom
542151,22752,SET 7 BABUSHKA NESTING BOXES,8,1/22/2011 10:49,7.65,15371.0,United Kingdom
542151,22633,HAND WARMER UNION JACK,2,1/22/2011 10:49,1.85,15371.0,United Kingdom
542151,85123A,WHITE HANGING HEART T-LIGHT HOLDER,2,1/22/2011 10:49,2.55,15371.0,United Kingdom
542151,20725,LUNCH BAG RED RETROSPOT,8,1/22/2011 10:49,1.65,15371.0,United Kingdom
542151,22720,SET OF 3 CAKE TINS PANTRY DESIGN,3,1/22/2011 10:49,4.95,15371.0,United Kingdom
542151,21754,HOME BUILDING BLOCK WORD,12,1/22/2011 10:49,5.95,15371.0,United Kingdom
542151,84879,ASSORTED COLOUR BIRD ORNAMENT,24,1/22/2011 10:49,1.69,15371.0,United Kingdom
542151,22632,HAND WARMER RED POLKA DOT,8,1/22/2011 10:49,1.85,15371.0,United Kingdom
542151,85099B,JUMBO BAG RED RETROSPOT,3,1/22/2011 10:49,1.95,15371.0,United Kingdom
542230,22623,BOX OF VINTAGE JIGSAW BLOCKS,12,1/23/2011 11:45,4.95,14230.0,United Kingdom
542230,22613,PACK OF 20 SPACEBOY NAPKINS,3,1/23/2011 11:45,0.85,14230.0,United Kingdom
542230,21754,HOME BUILDING BLOCK WORD,48,1/23/2011 11:45,5.95,14230.0,United Kingdom
542230,85099B,JUMBO BAG RED RETROSPOT,24,1/23/2011 11:45,1.95,14230.0,United Kingdom
542230,21777,RECIPE BOX WITH METAL HEART,3,1/23/2011 11:45,7.95,14230.0,United Kingdom
542230,84969,BOX OF 6 ASSORTED COLOUR TEASPOONS,48,1/23/2011 11:45,4.25,14230.0,United Kingdom
542230,84029E,RED WOOLLY HOTTIE WHITE HEART.,24,1/23/2011 11:45,3.39,14230.0,United Kingdom
542230,22960,JAM MAKING SET WITH JARS,24,1/23/2011 11:45,4.25,14230.0,United Kingdom
542230,22632,HAND WARMER RED POLKA DOT,6,1/23/2011 11:45,1.85,14230.0,United Kingdom
542230,84969,BOX OF 6 ASSORTED COLOUR TEASPOONS,4,1/23/2011 11:45,4.25,14230.0,United Kingdom
542230,22745,POPPY'S PLAYHOUSE BEDROOM,48,1/23/2011 11:45,2.1,14230.0,United Kingdom
542230,22748,POPPY'S PLAYHOUSE KITCHEN,4,1/23/2011 11:45,2.1,14230.0,United Kingdom
542230,85099B,JUMBO BAG RED RETROSPOT,2,1/23/2011 11:45,1.95,14230.0,United Kingdom
542230,22633,HAND WARMER UNION JACK,2,1/23/2011 11:45,1.85,14230.0,United Kingdom
542230,23084,RABBIT NIGHT LIGHT,6,1/23/2011 11:45,2.08,14230.0,United Kingdom
542230,23084,RABBIT NIGHT LIGHT,6,1/23/2011 11:45,2.08,14230.0,United Kingdom
542230,22745,POPPY'S PLAYHOUSE BEDROOM,4,1/23/2011 11:45,2.1,14230.0,United Kingdom
542230,22623,BOX OF VINTAGE JIGSAW BLOCKS,48,1/23/2011 11:45,4.95,14230.0,United Kingdom
542230,22197,SMALL POPCORN HOLDER,12,1/23/2011 11:45,0.85,14230.0,United Kingdom
542230,20725,LUNCH BAG RED RETROSPOT,4,1/23/2011 11:45,1.65,14230.0,United Kingdom
542307,22633,HAND WARMER UNION JACK,2,1/24/2011 10:07,1.85,,United Kingdom
542307,85099B,JUMBO BAG RED RETROSPOT,48,1/24/2011 10:07,1.95,,United Kingdom
542307,21730,GLASS STAR FROSTED T-LIGHT HOLDER,4,1/24/2011 10:07,4.25,,United Kingdom
542307,22423,REGENCY CAKESTAND 3 TIER,48,1/24/2011 10:07,12.75,,United Kingdom
542307,22633,HAND WARMER UNION JACK,12,1/24/2011 10:07,1.85,,United Kingdom
542384,22613,PACK OF 20 SPACEBOY NAPKINS,6,1/25/2011 9:57,0.85,18236.0,United Kingdom
542384,22613,PACK OF 20 SPACEBOY NAPKINS,6,1/25/2011 9:57,0.85,18236.0,United Kingdom
542384,84029G,KNITTED UNION FLAG HOT WATER BOTTLE,6,1/25/2011 9:57,3.39,18236.0,United Kingdom
542384,21212,PACK OF 72 RETROSPOT CAKE CASES,4,1/25/2011 9:57,0.55,18236.0,United Kingdom
542384,22752,SET 7 BABUSHKA NESTING BOXES,24,1/25/2011 9:57,7.65,18236.0,United Kingdom
542384,20725,LUNCH BAG RED RETROSPOT,2,1/25/2011 9:57,1.65,18236.0,United Kingdom
542384,84406B,CREAM CUPID HEARTS COAT HANGER,24,1/25/2011 9:57,2.75,18236.0,United Kingdom
542384,84029G,KNITTED UNION FLAG HOT WATER BOTTLE,4,1/25/2011 9:57,3.39,18236.0,United Kingdom
542384,48187,DOORMAT NEW ENGLAND,1,1/25/2011 9:57,7.95,18236.0,United Kingdom
542438,20725,LUNCH BAG RED RETROSPOT,2,1/25/2011 18:40,1.65,12449.0,United Kingdom
542438,22745,POPPY'S PLAYHOUSE BEDROOM,8,1/25/2011 18:40,2.1,12449.0,United Kingdom
542438,22752,SET 7 BABUSHKA NESTING BOXES,1,1/25/2011 18:40,7.65,12449.0,United Kingdom
542438,84029E,RED WOOLLY HOTTIE WHITE HEART.,48,1/25/2011 18:40,3.39,12449.0,United Kingdom
542438,47566,PARTY BUNTING,2,1/25/2011 18:40,4.95,12449.0,United Kingdom
542438,71053,WHITE METAL LANTERN,8,1/25/2011 18:40,3.39,12449.0,United Kingdom
542438,21777,RECIPE BOX WITH METAL HEART,48,1/25/2011 18:40,7.95,12449.0,United Kingdom
542438,22623,BOX OF VINTAGE JIGSAW BLOCKS,8,1/25/2011 18:40,4.95,12449.0,United Kingdom
542438,22310,IVORY KNITTED MUG COSY,4,1/25/2011 18:40,1.65,12449.0,United Kingdom
542438,21754,HOME BUILDING BLOCK WORD,12,1/25/2011 18:40,5.95,12449.0,United Kingdom
542438,85099B,JUMBO BAG RED RETROSPOT,6,1/25/2011 18:40,1.95,12449.0,United Kingdom
542438,22613,PACK OF 20 SPACEBOY NAPKINS,4,1/25/2011 18:40,0.85,12449.0,United Kingdom
542438,84879,ASSORTED COLOUR BIRD ORNAMENT,2,1/25/2011 18:40,1.69,12449.0,United Kingdom
542438,71053,WHITE METAL LANTERN,3,1/25/2011 18:40,3.39,12449.0,United Kingdom
542438,22613,PACK OF 20 SPACEBOY NAPKINS,1,1/25/2011 18:40,0.85,12449.0,United Kingdom
542438,47566,PARTY BUNTING,48,1/25/2011 18:40,4.95,12449.0,United Kingdom
542438,21755,LOVE BUILDING BLOCK WORD,24,1/25/2011 18:40,5.95,12449.0,United Kingdom
542438,84879,ASSORTED COLOUR BIRD ORNAMENT,2,1/25/2011 18:40,1.69,12449.0,United Kingdom
542438,22752,SET 7 BABUSHKA NESTING BOXES,1,1/25/2011 18:40,7.65,12449.0,United Kingdom
542438,85123A,WHITE HANGING HEART T-LIGHT HOLDER,6,1/25/2011 18:40,2.55,12449.0,United Kingdom
542438,85099B,JUMBO BAG RED RETROSPOT,1,1/25/2011 18:40,1.95,12449.0,United Kingdom
542500,22633,HAND WARMER UNION JACK,1,1/26/2011 8:10,1.85,18267.0,United Kingdom
542500,22960,JAM MAKING SET WITH JARS,48,1/26/2011 8:10,4.25,18267.0,United Kingdom
542500,84029G,KNITTED UNION FLAG HOT WATER BOTTLE,3,1/26/2011 8:10,3.39,18267.0,United Kingdom
542500,21730,GLASS STAR FROSTED T-LIGHT HOLDER,4,1/26/2011 8:10,4.25,18267.0,United Kingdom
542500,48187,DOORMAT NEW ENGLAND,1,1/26/2011 8:10,7.95,18267.0,United Kingdom
542500,22752,SET 7 BABUSHKA NESTING BOXES,4,1/26/2011 8:10,7.65,18267.0,United Kingdom
542500,85099B,JUMBO BAG RED RETROSPOT,2,1/26/2011 8:10,1.95,18267.0,United Kingdom
542500,22197,SMALL POPCORN HOLDER,12,1/26/2011 8:10,0.85,18267.0,United Kingdom
542500,84406B,CREAM CUPID HEARTS COAT HANGER,4,1/26/2011 8:10,2.75,18267.0,United Kingdom
542500,22310,IVORY KNITTED MUG COSY,8,1/26/2011 8:10,1.65,18267.0,United Kingdom
542500,84969,BOX OF 6 ASSORTED COLOUR TEASPOONS,24,1/26/2011 8:10,4.25,18267.0,United Kingdom
542500,85123A,WHITE HANGING HEART T-LIGHT HOLDER,4,1/26/2011 8:10,2.55,18267.0,United Kingdom
542500,22623,BOX OF VINTAGE JIGSAW BLOCKS,8,1/26/2011 8:10,4.95,18267.0,United Kingdom
542500,84969,BOX OF 6 ASSORTED COLOUR TEASPOONS,1,1/26/2011 8:10,4.25,18267.0,United Kingdom
542500,22720,SET OF 3 CAKE TINS PANTRY DESIGN,1,1/26/2011 8:10,4.95,18267.0,United Kingdom
542500,22623,BOX OF VINTAGE JIGSAW BLOCKS,12,1/26/2011 8:10,4.95,18267.0,United Kingdom
542500,21754,HOME BUILDING BLOCK WORD,24,1/26/2011 8:10,5.95,18267.0,United Kingdom
542500,21730,GLASS STAR FROSTED T-LIGHT HOLDER,3,1/26/2011 8:10,4.25,18267.0,United Kingdom
542578,22197,SMALL POPCORN HOLDER,24,1/26/2011 11:06,0.85,15057.0,United Kingdom
542578,22310,IVORY KNITTED MUG COSY,48,1/26/2011 11:06,1.65,15057.0,United Kingdom
542578,22748,POPPY'S PLAYHOUSE KITCHEN,1,1/26/2011 11:06,2.1,15057.0,United Kingdom
542578,21755,LOVE BUILDING BLOCK WORD,24,1/26/2011 11:06,5.95,15057.0,United Kingdom
542578,22752,SET 7 BABUSHKA NESTING BOXES,1,1/26/2011 11:06,7.65,15057.0,United Kingdom
542637,84029E,RED WOOLLY HOTTIE WHITE HEART.,1,1/26/2011 17:04,3.39,18057.0,United Kingdom
542637,22748,POPPY'S PLAYHOUSE KITCHEN,3,1/26/2011 17:04,2.1,18057.0,United Kingdom
542637,22913,RED COAT RACK PARIS FASHION,6,1/26/2011 17:04,4.95,18057.0,United Kingdom
542637,21730,GLASS STAR FROSTED T-LIGHT HOLDER,8,1/26/2011 17:04,4.25,18057.0,United Kingdom
542637,47566,PARTY BUNTING,6,1/26/2011 17:04,4.95,18057.0,United Kingdom
542637,21212,PACK OF 72 RETROSPOT CAKE CASES,12,1/26/2011 17:04,0.55,18057.0,United Kingdom
542637,21754,HOME BUILDING BLOCK WORD,4,1/26/2011 17:04,5.95,18057.0,United Kingdom
542637,21730,GLASS STAR FROSTED T-LIGHT HOLDER,24,1/26/2011 17:04,4.25,18057.0,United Kingdom
542637,84879,ASSORTED COLOUR BIRD ORNAMENT,24,1/26/2011 17:04,1.69,18057.0,United Kingdom
542637,22748,POPPY'S PLAYHOUSE KITCHEN,6,1/26/2011 17:04,2.1,18057.0,United Kingdom
542713,47566,PARTY BUNTING,12,1/27/2011 9:16,4.95,18199.0,United Kingdom
542713,85099B,JUMBO BAG RED RETROSPOT,24,1/27/2011 9:16,1.95,18199.0,United Kingdom
542713,22752,SET 7 BABUSHKA NESTING BOXES,48,1/27/2011 9:16,7.65,18199.0,United Kingdom
542713,85099B,JUMBO BAG RED RETROSPOT,3,1/27/2011 9:16,1.95,18199.0,United Kingdom
542713,84029E,RED WOOLLY HOTTIE WHITE HEART.,12,1/27/2011 9:16,3.39,18199.0,United Kingdom
542713,21777,RECIPE BOX WITH METAL HEART,3,1/27/2011 9:16,7.95,18199.0,United Kingdom
542713,22633,HAND WARMER UNION JACK,2,1/27/2011 9:16,1.85,18199.0,United Kingdom
542713,85123A,WHITE HANGING HEART T-LIGHT HOLDER,24,1/27/2011 9:16,2.55,18199.0,United Kingdom
542713,21212,PACK OF 72 RETROSPOT CAKE CASES,3,1/27/2011 9:16,0.55,18199.0,United Kingdom
542713,21755,LOVE BUILDING BLOCK WORD,24,1/27/2011 9:16,5.95,18199.0,United Kingdom
542784,22632,HAND WARMER RED POLKA DOT,24,1/27/2011 17:51,1.85,13435.0,United Kingdom
542784,22310,IVORY KNITTED MUG COSY,2,1/27/2011 17:51,1.65,13435.0,United Kingdom
542784,85123A,WHITE HANGING HEART T-LIGHT HOLDER,3,1/27/2011 17:51,2.55,13435.0,United Kingdom
542784,21777,RECIPE BOX WITH METAL HEART,48,1/27/2011 17:51,7.95,13435.0,United Kingdom
542784,47566,PARTY BUNTING,4,1/27/2011 17:51,4.95,13435.0,United Kingdom
542844,21777,RECIPE BOX WITH METAL HEART,48,1/28/2011 8:19,7.95,14354.0,United Kingdom
542844,84029G,KNITTED UNION FLAG HOT WATER BOTTLE,4,1/28/2011 8:19,3.39,14354.0,United Kingdom
542844,22745,POPPY'S PLAYHOUSE BEDROOM,4,1/28/2011 8:19,2.1,14354.0,United Kingdom
542844,22423,REGENCY CAKESTAND 3 TIER,48,1/28/2011 8:19,12.75,14354.0,United Kingdom
542844,22913,RED COAT RACK PARIS FASHION,12,1/28/2011 8:19,4.95,14354.0,United Kingdom
542844,22423,REGENCY CAKESTAND 3 TIER,12,1/28/2011 8:19,12.75,14354.0,United Kingdom
542844,84879,ASSORTED COLOUR BIRD ORNAMENT,2,1/28/2011 8:19,1.69,14354.0,United Kingdom
542844,22423,REGENCY CAKESTAND 3 TIER,48,1/28/2011 8:19,12.75,14354.0,United Kingdom
542844,84029G,KNITTED UNION FLAG HOT WATER BOTTLE,24,1/28/2011 8:19,3.39,14354.0,United Kingdom
542844,48187,DOORMAT NEW ENGLAND,3,1/28/2011 8:19,7.95,14354.0,United Kingdom
542899,22197,SMALL POPCORN HOLDER,2,1/28/2011 13:58,0.85,16737.0,United Kingdom
542899,21755,LOVE BUILDING BLOCK WORD,12,1/28/2011 13:58,5.95,16737.0,United Kingdom
542899,84029G,KNITTED UNION FLAG HOT WATER BOTTLE,1,1/28/2011 13:58,3.39,16737.0,United Kingdom
542899,22633,HAND WARMER UNION JACK,4,1/28/2011 13:58,1.85,16737.0,United Kingdom
542899,47566,PARTY BUNTING,4,1/28/2011 13:58,4.95,16737.0,United Kingdom
542899,22633,HAND WARMER UNION JACK,4,1/28/2011 13:58,1.85,16737.0,United Kingdom
542899,21777,RECIPE BOX WITH METAL HEART,2,1/28/2011 13:58,7.95,16737.0,United Kingdom
542899,22310,IVORY KNITTED MUG COSY,4,1/28/2011 13:58,1.65,16737.0,United Kingdom
542899,23084,RABBIT NIGHT LIGHT,4,1/28/2011 13:58,2.08,16737.0,United Kingdom
542899,22748,POPPY'S PLAYHOUSE KITCHEN,48,1/28/2011 13:58,2.1,16737.0,United Kingdom
542899,21730,GLASS STAR FROSTED T-LIGHT HOLDER,4,1/28/2011 13:58,4.25,16737.0,United Kingdom
542899,22913,RED COAT RACK PARIS FASHION,6,1/28/2011 13:58,4.95,16737.0,United Kingdom
542948,21730,GLASS STAR FROSTED T-LIGHT HOLDER,2,1/29/2011 9:07,4.25,16532.0,United Kingdom
542948,22752,SET 7 BABUSHKA NESTING BOXES,6,1/29/2011 9:07,7.65,16532.0,United Kingdom
542948,84969,BOX OF 6 ASSORTED COLOUR TEASPOONS,6,1/29/2011 9:07,4.25,16532.0,United Kingdom
542948,21755,LOVE BUILDING BLOCK WORD,48,1/29/2011 9:07,5.95,16532.0,United Kingdom
542948,21777,RECIPE BOX WITH METAL HEART,48,1/29/2011 9:07,7.95,16532.0,United Kingdom
542948,22310,IVORY KNITTED MUG COSY,24,1/29/2011 9:07,1.65,16532.0,United Kingdom
542948,22748,POPPY'S PLAYHOUSE KITCHEN,2,1/29/2011 9:07,2.1,16532.0,United Kingdom
542948,84029E,RED WOOLLY HOTTIE WHITE HEART.,6,1/29/2011 9:07,3.39,16532.0,United Kingdom
542948,84029G,KNITTED UNION FLAG HOT WATER BOTTLE,4,1/29/2011 9:07,3.39,16532.0,United Kingdom
542948,23084,RABBIT NIGHT LIGHT,4,1/29/2011 9:07,2.08,16532.0,United Kingdom
542948,21212,PACK OF 72 RETROSPOT CAKE CASES,2,1/29/2011 9:07,0.55,16532.0,United Kingdom
542948,48187,DOORMAT NEW ENGLAND,4,1/29/2011 9:07,7.95,16532.0,United Kingdom
543008,22613,PACK OF 20 SPACEBOY NAPKINS,3,1/29/2011 13:34,0.85,,United Kingdom
543008,22197,SMALL POPCORN HOLDER,6,1/29/2011 13:34,0.85,,United Kingdom
543008,21754,HOME BUILDING BLOCK WORD,4,1/29/2011 13:34,5.95,,United Kingdom
543008,22745,POPPY'S PLAYHOUSE BEDROOM,24,1/29/2011 13:34,2.1,,United Kingdom
543008,22752,SET 7 BABUSHKA NESTING BOXES,12,1/29/2011 13:34,7.65,,United Kingdom
543008,22197,SMALL POPCORN HOLDER,4,1/29/2011 13:34,0.85,,United Kingdom
543008,85123A,WHITE HANGING HEART T-LIGHT HOLDER,8,1/29/2011 13:34,2.55,,United Kingdom
543008,71053,WHITE METAL LANTERN,3,1/29/2011 13:34,3.39,,United Kingdom
543008,21754,HOME BUILDING BLOCK WORD,24,1/29/2011 13:34,5.95,,United Kingdom
543008,84406B,CREAM CUPID HEARTS COAT HANGER,24,1/29/2011 13:34,2.75,,United Kingdom
543008,22752,SET 7 BABUSHKA NESTING BOXES,8,1/29/2011 13:34,7.65,,United Kingdom
543008,22310,IVORY KNITTED MUG COSY,4,1/29/2011 13:34,1.65,,United Kingdom
543087,22423,REGENCY CAKESTAND 3 TIER,4,1/30/2011 10:35,12.75,,United Kingdom
543087,84969,BOX OF 6 ASSORTED COLOUR TEASPOONS,24,1/30/2011 10:35,4.25,,United Kingdom
543087,22423,REGENCY CAKESTAND 3 TIER,6,1/30/2011 10:35,12.75,,United Kingdom
543087,22745,POPPY'S PLAYHOUSE BEDROOM,3,1/30/2011 10:35,2.1,,United Kingdom
543087,22310,IVORY KNITTED MUG COSY,48,1/30/2011 10:35,1.65,,United Kingdom
543087,22633,HAND WARMER UNION JACK,2,1/30/2011 10:35,1.85,,United Kingdom
543087,23084,RABBIT NIGHT LIGHT,2,1/30/2011 10:35,2.08,,United Kingdom
543087,22913,RED COAT RACK PARIS FASHION,3,1/30/2011 10:35,4.95,,United Kingdom
543149,21777,RECIPE BOX WITH METAL HEART,24,1/30/2011 15:55,7.95,12972.0,United Kingdom
543149,21755,LOVE BUILDING BLOCK WORD,3,1/30/2011 15:55,5.95,12972.0,United Kingdom
543149,22613,PACK OF 20 SPACEBOY NAPKINS,48,1/30/2011 15:55,0.85,12972.0,United Kingdom
543149,21755,LOVE BUILDING BLOCK WORD,4,1/30/2011 15:55,5.95,12972.0,United Kingdom
543149,22197,SMALL POPCORN HOLDER,24,1/30/2011 15:55,0.85,12972.0,United Kingdom
543149,22633,HAND WARMER UNION JACK,4,1/30/2011 15:55,1.85,12972.0,United Kingdom
543149,84406B,CREAM CUPID HEARTS COAT HANGER,6,1/30/2011 15:55,2.75,12972.0,United Kingdom
543149,47566,PARTY BUNTING,2,1/30/2011 15:55,4.95,12972.0,United Kingdom
543149,21777,RECIPE BOX WITH METAL HEART,3,1/30/2011 15:55,7.95,12972.0,United Kingdom
543149,22310,IVORY KNITTED MUG COSY,24,1/30/2011 15:55,1.65,12972.0,United Kingdom
543149,22613,PACK OF 20 SPACEBOY NAPKINS,2,1/30/2011 15:55,0.85,12972.0,United Kingdom
543149,22745,POPPY'S PLAYHOUSE BEDROOM,6,1/30/2011 15:55,2.1,12972.0,United Kingdom
543149,84879,ASSORTED COLOUR BIRD ORNAMENT,1,1/30/2011 15:55,1.69,12972.0,United Kingdom
543149,21730,GLASS STAR FROSTED T-LIGHT HOLDER,4,1/30/2011 15:55,4.25,12972.0,United Kingdom
543149,21212,PACK OF 72 RETROSPOT CAKE CASES,12,1/30/2011 15:55,0.55,12972.0,United Kingdom
543149,47566,PARTY BUNTING,8,1/30/2011 15:55,4.95,12972.0,United Kingdom
543149,23084,RABBIT NIGHT LIGHT,6,1/30/2011 15:55,2.08,12972.0,United Kingdom
543149,21212,PACK OF 72 RETROSPOT CAKE CASES,3,1/30/2011 15:55,0.55,12972.0,United Kingdom
543149,84406B,CREAM CUPID HEARTS COAT HANGER,48,1/30/2011 15:55,2.75,12972.0,United Kingdom
543149,22423,REGENCY CAKESTAND 3 TIER,12,1/30/2011 15:55,12.75,12972.0,United Kingdom
543200,22633,HAND WARMER UNION JACK,24,1/31/2011 8:45,1.85,13892.0,United Kingdom
543200,21755,LOVE BUILDING BLOCK WORD,48,1/31/2011 8:45,5.95,13892.0,United Kingdom
543200,47566,PARTY BUNTING,12,1/31/2011 8:45,4.95,13892.0,United Kingdom
543200,22720,SET OF 3 CAKE TINS PANTRY DESIGN,4,1/31/2011 8:45,4.95,13892.0,United Kingdom
543200,84406B,CREAM CUPID HEARTS COAT HANGER,1,1/31/2011 8:45,2.75,13892.0,United Kingdom
543200,20725,LUNCH BAG RED RETROSPOT,2,1/31/2011 8:45,1.65,13892.0,United Kingdom
543200,22752,SET 7 BABUSHKA NESTING BOXES,2,1/31/2011 8:45,7.65,13892.0,United Kingdom
543200,22197,SMALL POPCORN HOLDER,4,1/31/2011 8:45,0.85,13892.0,United Kingdom
543200,84879,ASSORTED COLOUR BIRD ORNAMENT,48,1/31/2011 8:45,1.69,13892.0,United Kingdom
543200,22745,POPPY'S PLAYHOUSE BEDROOM,3,1/31/2011 8:45,2.1,13892.0,United Kingdom
543200,22720,SET OF 3 CAKE TINS PANTRY DESIGN,2,1/31/2011 8:45,4.95,13892.0,United Kingdom
543200,22913,RED COAT RACK PARIS FASHION,48,1/31/2011 8:45,4.95,13892.0,United Kingdom
543200,21777,RECIPE BOX WITH METAL HEART,3,1/31/2011 8:45,7.95,13892.0,United Kingdom
543200,84029G,KNITTED UNION FLAG HOT WATER BOTTLE,12,1/31/2011 8:45,3.39,13892.0,United Kingdom
543200,21754,HOME BUILDING BLOCK WORD,4,1/31/2011 8:45,5.95,13892.0,United Kingdom
543248,22632,HAND WARMER RED POLKA DOT,24,1/31/2011 16:38,1.85,15256.0,United Kingdom
543248,23084,RABBIT NIGHT LIGHT,8,1/31/2011 16:38,2.08,15256.0,United Kingdom
543248,22623,BOX OF VINTAGE JIGSAW BLOCKS,2,1/31/2011 16:38,4.95,15256.0,United Kingdom
543248,85099B,JUMBO BAG RED RETROSPOT,8,1/31/2011 16:38,1.95,15256.0,United Kingdom
543248,22745,POPPY'S PLAYHOUSE BEDROOM,2,1/31/2011 16:38,2.1,15256.0,United Kingdom
543248,20725,LUNCH BAG RED RETROSPOT,2,1/31/2011 16:38,1.65,15256.0,United Kingdom
543248,20725,LUNCH BAG RED RETROSPOT,1,1/31/2011 16:38,1.65,15256.0,United Kingdom
543248,71053,WHITE METAL LANTERN,1,1/31/2011 16:38,3.39,15256.0,United Kingdom
543248,22423,REGENCY CAKESTAND 3 TIER,24,1/31/2011 16:38,12.75,15256.0,United Kingdom
543248,85123A,WHITE HANGING HEART T-LIGHT HOLDER,4,1/31/2011 16:38,2.55,15256.0,United Kingdom
543248,48187,DOORMAT NEW ENGLAND,12,1/31/2011 16:38,7.95,15256.0,United Kingdom
543248,22623,BOX OF VINTAGE JIGSAW BLOCKS,1,1/31/2011 16:38,4.95,15256.0,United Kingdom
543248,84029G,KNITTED UNION FLAG HOT WATER BOTTLE,4,1/31/2011 16:38,3.39,15256.0,United Kingdom
543248,20725,LUNCH BAG RED RETROSPOT,2,1/31/2011 16:38,1.65,15256.0,United Kingdom
543248,22720,SET OF 3 CAKE TINS PANTRY DESIGN,48,1/31/2011 16:38,4.95,15256.0,United Kingdom
543248,22745,POPPY'S PLAYHOUSE BEDROOM,6,1/31/2011 16:38,2.1,15256.0,United Kingdom
543248,21730,GLASS STAR FROSTED T-LIGHT HOLDER,3,1/31/2011 16:38,4.25,15256.0,United Kingdom
543248,22748,POPPY'S PLAYHOUSE KITCHEN,48,1/31/2011 16:38,2.1,15256.0,United Kingdom
543248,22633,HAND WARMER UNION JACK,3,1/31/2011 16:38,1.85,15256.0,United Kingdom
543248,22720,SET OF 3 CAKE TINS PANTRY DESIGN,3,1/31/2011 16:38,4.95,15256.0,United Kingdom
543248,22632,HAND WARMER RED POLKA DOT,3,1/31/2011 16:38,1.85,15256.0,United Kingdom
543327,21730,GLASS STAR FROSTED T-LIGHT HOLDER,48,2/1/2011 10:48,4.25,14038.0,United Kingdom
543327,22720,SET OF 3 CAKE TINS PANTRY DESIGN,3,2/1/2011 10:48,4.95,14038.0,United Kingdom
543327,22613,PACK OF 20 SPACEBOY NAPKINS,2,2/1/2011 10:48,0.85,14038.0,United Kingdom
543327,22423,REGENCY CAKESTAND 3 TIER,8,2/1/2011 10:48,12.75,14038.0,United Kingdom
543327,22623,BOX OF VINTAGE JIGSAW BLOCKS,1,2/1/2011 10:48,4.95,14038.0,United Kingdom
543327,21755,LOVE BUILDING BLOCK WORD,4,2/1/2011 10:48,5.95,14038.0,United Kingdom
543327,85099B,JUMBO BAG RED RETROSPOT,2,2/1/2011 10:48,1.95,14038.0,United Kingdom
543327,21212,PACK OF 72 RETROSPOT CAKE CASES,12,2/1/2011 10:48,0.55,14038.0,United Kingdom
543327,22960,JAM MAKING SET WITH JARS,48,2/1/2011 10:48,4.25,14038.0,United Kingdom
543327,22748,POPPY'S PLAYHOUSE KITCHEN,12,2/1/2011 10:48,2.1,14038.0,United Kingdom
543327,85099B,JUMBO BAG RED RETROSPOT,1,2/1/2011 10:48,1.95,14038.0,United Kingdom
543327,47566,PARTY BUNTING,8,2/1/2011 10:48,4.95,14038.0,United Kingdom
543327,21212,PACK OF 72 RETROSPOT CAKE CASES,48,2/1/2011 10:48,0.55,14038.0,United Kingdom
543327,22720,SET OF 3 CAKE TINS PANTRY DESIGN,3,2/1/2011 10:48,4.95,14038.0,United Kingdom
543327,22310,IVORY KNITTED MUG COSY,12,2/1/2011 10:48,1.65,14038.0,United Kingdom
543327,84029G,KNITTED UNION FLAG HOT WATER BOTTLE,12,2/1/2011 10:48,3.39,14038.0,United Kingdom
543327,22423,REGENCY CAKESTAND 3 TIER,24,2/1/2011 10:48,12.75,14038.0,United Kingdom
543327,22752,SET 7 BABUSHKA NESTING BOXES,48,2/1/2011 10:48,7.65,14038.0,United Kingdom
543327,22633,HAND WARMER UNION JACK,2,2/1/2011 10:48,1.85,14038.0,United Kingdom
543387,22720,SET OF 3 CAKE TINS PANTRY DESIGN,1,2/1/2011 18:20,4.95,14209.0,United Kingdom
543387,22745,POPPY'S PLAYHOUSE BEDROOM,48,2/1/2011 18:20,2.1,14209.0,United Kingdom
543387,21754,HOME BUILDING BLOCK WORD,48,2/1/2011 18:20,5.95,14209.0,United Kingdom
543387,21212,PACK OF 72 RETROSPOT CAKE CASES,24,2/1/2011 18:20,0.55,14209.0,United Kingdom
543387,20725,LUNCH BAG RED RETROSPOT,4,2/1/2011 18:20,1.65,14209.0,United Kingdom
543387,84879,ASSORTED COLOUR BIRD ORNAMENT,4,2/1/2011 18:20,1.69,14209.0,United Kingdom
543387,22960,JAM MAKING SET WITH JARS,4,2/1/2011 18:20,4.25,14209.0,United Kingdom
543387,23084,RABBIT NIGHT LIGHT,6,2/1/2011 18:20,2.08,14209.0,United Kingdom
543387,84969,BOX OF 6 ASSORTED COLOUR TEASPOONS,8,2/1/2011 18:20,4.25,14209.0,United Kingdom
543387,22423,REGENCY CAKESTAND 3 TIER,8,2/1/2011 18:20,12.75,14209.0,United Kingdom
543387,85099B,JUMBO BAG RED RETROSPOT,3,2/1/2011 18:20,1.95,14209.0,United Kingdom
543387,22745,POPPY'S PLAYHOUSE BEDROOM,4,2/1/2011 18:20,2.1,14209.0,United Kingdom
543387,20725,LUNCH BAG RED RETROSPOT,12,2/1/2011 18:20,1.65,14209.0,United Kingdom
543387,22310,IVORY KNITTED MUG COSY,1,2/1/2011 18:20,1.65,14209.0,United Kingdom
543387,22423,REGENCY CAKESTAND 3 TIER,8,2/1/2011 18:20,12.75,14209.0,United Kingdom
543387,84029G,KNITTED UNION FLAG HOT WATER BOTTLE,12,2/1/2011 18:20,3.39,14209.0,United Kingdom
543387,21212,PACK OF 72 RETROSPOT CAKE CASES,48,2/1/2011 18:20,0.55,14209.0,United Kingdom
543387,84969,BOX OF 6 ASSORTED COLOUR TEASPOONS,24,2/1/2011 18:20,4.25,14209.0,United Kingdom
543387,71053,WHITE METAL LANTERN,3,2/1/2011 18:20,3.39,14209.0,United Kingdom
543387,84879,ASSORTED COLOUR BIRD ORNAMENT,3,2/1/2011 18:20,1.69,14209.0,United Kingdom
543441,84029G,KNITTED UNION FLAG HOT WATER BOTTLE,3,2/2/2011 8:05,3.39,17652.0,Australia
543441,84029E,RED WOOLLY HOTTIE WHITE HEART.,2,2/2/2011 8:05,3.39,17652.0,Australia
543441,22745,POPPY'S PLAYHOUSE BEDROOM,3,2/2/2011 8:05,2.1,17652.0,Australia
543441,84029G,KNITTED UNION FLAG HOT WATER BOTTLE,48,2/2/2011 8:05,3.39,17652.0,Australia
543441,22423,REGENCY CAKESTAND 3 TIER,3,2/2/2011 8:05,12.75,17652.0,Australia
543441,22623,BOX OF VINTAGE JIGSAW BLOCKS,2,2/2/2011 8:05,4.95,17652.0,Australia
543441,21754,HOME BUILDING BLOCK WORD,12,2/2/2011 8:05,5.95,17652.0,Australia
543441,22960,JAM MAKING SET WITH JARS,4,2/2/2011 8:05,4.25,17652.0,Australia
543441,84406B,CREAM CUPID HEARTS COAT HANGER,48,2/2/2011 8:05,2.75,17652.0,Australia
543441,22632,HAND WARMER RED POLKA DOT,4,2/2/2011 8:05,1.85,17652.0,Australia
543441,22623,BOX OF VINTAGE JIGSAW BLOCKS,3,2/2/2011 8:05,4.95,17652.0,Australia
543441,22752,SET 7 BABUSHKA NESTING BOXES,8,2/2/2011 8:05,7.65,17652.0,Australia
543441,22913,RED COAT RACK PARIS FASHION,12,2/2/2011 8:05,4.95,17652.0,Australia
543441,21212,PACK OF 72 RETROSPOT CAKE CASES,6,2/2/2011 8:05,0.55,17652.0,Australia
543441,22632,HAND WARMER RED POLKA DOT,6,2/2/2011 8:05,1.85,17652.0,Australia
543441,84406B,CREAM CUPID HEARTS COAT HANGER,12,2/2/2011 8:05,2.75,17652.0,Australia
543441,22752,SET 7 BABUSHKA NESTING BOXES,6,2/2/2011 8:05,7.65,17652.0,Australia
543441,22197,SMALL POPCORN HOLDER,24,2/2/2011 8:05,0.85,17652.0,Australia
543441,84969,BOX OF 6 ASSORTED COLOUR TEASPOONS,2,2/2/2011 8:05,4.25,17652.0,Australia
543441,22310,IVORY KNITTED MUG COSY,48,2/2/2011 8:05,1.65,17652.0,Australia
543441,84879,ASSORTED COLOUR BIRD ORNAMENT,8,2/2/2011 8:05,1.69,17652.0,Australia
543441,22423,REGENCY CAKESTAND 3 TIER,4,2/2/2011 8:05,12.75,17652.0,Australia
543441,22960,JAM MAKING SET WITH JARS,12,2/2/2011 8:05,4.25,17652.0,Australia
543441,22913,RED COAT RACK PARIS FASHION,2,2/2/2011 8:05,4.95,17652.0,Australia
543483,22197,SMALL POPCORN HOLDER,6,2/2/2011 13:48,0.85,16891.0,United Kingdom
543483,22623,BOX OF VINTAGE JIGSAW BLOCKS,1,2/2/2011 13:48,4.95,16891.0,United Kingdom
543483,84406B,CREAM CUPID HEARTS COAT HANGER,1,2/2/2011 13:48,2.75,16891.0,United Kingdom
543483,71053,WHITE METAL LANTERN,48,2/2/2011 13:48,3.39,16891.0,United Kingdom
543483,84969,BOX OF 6 ASSORTED COLOUR TEASPOONS,24,2/2/2011 13:48,4.25,16891.0,United Kingdom
543483,22960,JAM MAKING SET WITH JARS,48,2/2/2011 13:48,4.25,16891.0,United Kingdom
543483,47566,PARTY BUNTING,12,2/2/2011 13:48,4.95,16891.0,United Kingdom
543483,22310,IVORY KNITTED MUG COSY,48,2/2/2011 13:48,1.65,16891.0,United Kingdom
543483,84029G,KNITTED UNION FLAG HOT WATER BOTTLE,8,2/2/2011 13:48,3.39,16891.0,United Kingdom
543483,20725,LUNCH BAG RED RETROSPOT,2,2/2/2011 13:48,1.65,16891.0,United Kingdom
543483,21754,HOME BUILDING BLOCK WORD,1,2/2/2011 13:48,5.95,16891.0,United Kingdom
543483,22197,SMALL POPCORN HOLDER,3,2/2/2011 13:48,0.85,16891.0,United Kingdom
543483,23084,RABBIT NIGHT LIGHT,1,2/2/2011 13:48,2.08,16891.0,United Kingdom
543483,21730,GLASS STAR FROSTED T-LIGHT HOLDER,3,2/2/2011 13:48,4.25,16891.0,United Kingdom
543483,84029G,KNITTED UNION FLAG HOT WATER BOTTLE,12,2/2/2011 13:48,3.39,16891.0,United Kingdom
543483,22197,SMALL POPCORN HOLDER,12,2/2/2011 13:48,0.85,16891.0,United Kingdom
543483,22752,SET 7 BABUSHKA NESTING BOXES,12,2/2/2011 13:48,7.65,16891.0,United Kingdom
543483,84029E,RED WOOLLY HOTTIE WHITE HEART.,48,2/2/2011 13:48,3.39,16891.0,United Kingdom
543483,22745,POPPY'S PLAYHOUSE BEDROOM,3,2/2/2011 13:48,2.1,16891.0,United Kingdom
543483,84969,BOX OF 6 ASSORTED COLOUR TEASPOONS,3,2/2/2011 13:48,4.25,16891.0,United Kingdom
543483,84969,BOX OF 6 ASSORTED COLOUR TEASPOONS,2,2/2/2011 13:48,4.25,16891.0,United Kingdom
543483,22720,SET OF 3 CAKE TINS PANTRY DESIGN,8,2/2/2011 13:48,4.95,16891.0,United Kingdom
543529,85123A,WHITE HANGING HEART T-LIGHT HOLDER,48,2/2/2011 19:37,2.55,14157.0,United Kingdom
543529,22613,PACK OF 20 SPACEBOY NAPKINS,4,2/2/2011 19:37,0.85,14157.0,United Kingdom
543529,85099B,JUMBO BAG RED RETROSPOT,2,2/2/2011 19:37,1.95,14157.0,United Kingdom
543529,21212,PACK OF 72 RETROSPOT CAKE CASES,2,2/2/2011 19:37,0.55,14157.0,United Kingdom
543529,22752,SET 7 BABUSHKA NESTING BOXES,12,2/2/2011 19:37,7.65,14157.0,United Kingdom
543529,85099B,JUMBO BAG RED RETROSPOT,3,2/2/2011 19:37,1.95,14157.0,United Kingdom
543529,21755,LOVE BUILDING BLOCK WORD,1,2/2/2011 19:37,5.95,14157.0,United Kingdom
543529,84969,BOX OF 6 ASSORTED COLOUR TEASPOONS,48,2/2/2011 19:37,4.25,14157.0,United Kingdom
543529,22913,RED COAT RACK PARIS FASHION,12,2/2/2011 19:37,4.95,14157.0,United Kingdom
543529,22623,BOX OF VINTAGE JIGSAW BLOCKS,1,2/2/2011 19:37,4.95,14157.0,United Kingdom
543529,47566,PARTY BUNTING,24,2/2/2011 19:37,4.95,14157.0,United Kingdom
543599,21212,PACK OF 72 RETROSPOT CAKE CASES,8,2/3/2011 10:46,0.55,15973.0,Switzerland
543599,22633,HAND WARMER UNION JACK,48,2/3/2011 10:46,1.85,15973.0,Switzerland
543599,84406B,CREAM CUPID HEARTS COAT HANGER,48,2/3/2011 10:46,2.75,15973.0,Switzerland
543599,84969,BOX OF 6 ASSORTED COLOUR TEASPOONS,6,2/3/2011 10:46,4.25,15973.0,Switzerland
543599,84406B,CREAM CUPID HEARTS COAT HANGER,1,2/3/2011 10:46,2.75,15973.0,Switzerland
543599,71053,WHITE METAL LANTERN,8,2/3/2011 10:46,3.39,15973.0,Switzerland
543599,71053,WHITE METAL LANTERN,12,2/3/2011 10:46,3.39,15973.0,Switzerland
543599,71053,WHITE METAL LANTERN,24,2/3/2011 10:46,3.39,15973.0,Switzerland
543599,21212,PACK OF 72 RETROSPOT CAKE CASES,12,2/3/2011 10:46,0.55,15973.0,Switzerland
543599,22720,SET OF 3 CAKE TINS PANTRY DESIGN,3,2/3/2011 10:46,4.95,15973.0,Switzerland
543599,20725,LUNCH BAG RED RETROSPOT,48,2/3/2011 10:46,1.65,15973.0,Switzerland
543599,22913,RED COAT RACK PARIS FASHION,4,2/3/2011 10:46,4.95,15973.0,Switzerland
543599,71053,WHITE METAL LANTERN,1,2/3/2011 10:46,3.39,15973.0,Switzerland
543599,22197,SMALL POPCORN HOLDER,4,2/3/2011 10:46,0.85,15973.0,Switzerland
543663,21730,GLASS STAR FROSTED T-LIGHT HOLDER,48,2/4/2011 11:29,4.25,15810.0,United Kingdom
543663,48187,DOORMAT NEW ENGLAND,1,2/4/2011 11:29,7.95,15810.0,United Kingdom
543663,84029G,KNITTED UNION FLAG HOT WATER BOTTLE,4,2/4/2011 11:29,3.39,15810.0,United Kingdom
543663,22197,SMALL POPCORN HOLDER,4,2/4/2011 11:29,0.85,15810.0,United Kingdom
543663,22748,POPPY'S PLAYHOUSE KITCHEN,8,2/4/2011 11:29,2.1,15810.0,United Kingdom
543663,20725,LUNCH BAG RED RETROSPOT,2,2/4/2011 11:29,1.65,15810.0,United Kingdom
543663,84029G,KNITTED UNION FLAG HOT WATER BOTTLE,1,2/4/2011 11:29,3.39,15810.0,United Kingdom
543663,22745,POPPY'S PLAYHOUSE BEDROOM,24,2/4/2011 11:29,2.1,15810.0,United Kingdom
543663,22310,IVORY KNITTED MUG COSY,2,2/4/2011 11:29,1.65,15810.0,United Kingdom
543663,22748,POPPY'S PLAYHOUSE KITCHEN,12,2/4/2011 11:29,2.1,15810.0,United Kingdom
543663,21777,RECIPE BOX WITH METAL HEART,4,2/4/2011 11:29,7.95,15810.0,United Kingdom
543663,85099B,JUMBO BAG RED RETROSPOT,48,2/4/2011 11:29,1.95,15810.0,United Kingdom
543663,22613,PACK OF 20 SPACEBOY NAPKINS,4,2/4/2011 11:29,0.85,15810.0,United Kingdom
543715,22197,SMALL POPCORN HOLDER,48,2/4/2011 14:53,0.85,16887.0,United Kingdom
543715,21730,GLASS STAR FROSTED T-LIGHT HOLDER,4,2/4/2011 14:53,4.25,16887.0,United Kingdom
543715,48187,DOORMAT NEW ENGLAND,48,2/4/2011 14:53,7.95,16887.0,United Kingdom
543715,84879,ASSORTED COLOUR BIRD ORNAMENT,1,2/4/2011 14:53,1.69,16887.0,United Kingdom
543715,47566,PARTY BUNTING,2,2/4/2011 14:53,4.95,16887.0,United Kingdom
543715,84969,BOX OF 6 ASSORTED COLOUR TEASPOONS,48,2/4/2011 14:53,4.25,16887.0,United Kingdom
543715,71053,WHITE METAL LANTERN,8,2/4/2011 14:53,3.39,16887.0,United Kingdom
543715,22745,POPPY'S PLAYHOUSE BEDROOM,8,2/4/2011 14:53,2.1,16887.0,United Kingdom
543715,22632,HAND WARMER RED POLKA DOT,1,2/4/2011 14:53,1.85,16887.0,United Kingdom
543715,84029E,RED WOOLLY HOTTIE WHITE HEART.,8,2/4/2011 14:53,3.39,16887.0,United Kingdom
543763,20725,LUNCH BAG RED RETROSPOT,1,2/5/2011 10:23,1.65,,United Kingdom
543763,21754,HOME BUILDING BLOCK WORD,12,2/5/2011 10:23,5.95,,United Kingdom
543763,22745,POPPY'S PLAYHOUSE BEDROOM,8,2/5/2011 10:23,2.1,,United Kingdom
543763,22720,SET OF 3 CAKE TINS PANTRY DESIGN,4,2/5/2011 10:23,4.95,,United Kingdom
543763,22752,SET 7 BABUSHKA NESTING BOXES,2,2/5/2011 10:23,7.65,,United Kingdom
543763,22960,JAM MAKING SET WITH JARS,4,2/5/2011 10:23,4.25,,United Kingdom
543812,21754,HOME BUILDING BLOCK WORD,1,2/6/2011 8:22,5.95,13135.0,United Kingdom
543812,21754,HOME BUILDING BLOCK WORD,1,2/6/2011 8:22,5.95,13135.0,United Kingdom
543812,21730,GLASS STAR FROSTED T-LIGHT HOLDER,6,2/6/2011 8:22,4.25,13135.0,United Kingdom
543812,21755,LOVE BUILDING BLOCK WORD,6,2/6/2011 8:22,5.95,13135.0,United Kingdom
543812,23084,RABBIT NIGHT LIGHT,48,2/6/2011 8:22,2.08,13135.0,United Kingdom
543881,23084,RABBIT NIGHT LIGHT,2,2/6/2011 19:23,2.08,17989.0,United Kingdom
543881,22613,PACK OF 20 SPACEBOY NAPKINS,6,2/6/2011 19:23,0.85,17989.0,United Kingdom
543881,22752,SET 7 BABUSHKA NESTING BOXES,8,2/6/2011 19:23,7.65,17989.0,United Kingdom
543881,23084,RABBIT NIGHT LIGHT,2,2/6/2011 19:23,2.08,17989.0,United Kingdom
543881,85123A,WHITE HANGING HEART T-LIGHT HOLDER,4,2/6/2011 19:23,2.55,17989.0,United Kingdom
543881,21755,LOVE BUILDING BLOCK WORD,2,2/6/2011 19:23,5.95,17989.0,United Kingdom
543939,47566,PARTY BUNTING,8,2/7/2011 8:09,4.95,17459.0,United Kingdom
543939,22633,HAND WARMER UNION JACK,3,2/7/2011 8:09,1.85,17459.0,United Kingdom
543939,22633,HAND WARMER UNION JACK,1,2/7/2011 8:09,1.85,17459.0,United Kingdom
543939,21755,LOVE BUILDING BLOCK WORD,8,2/7/2011 8:09,5.95,17459.0,United Kingdom
543939,22197,SMALL POPCORN HOLDER,4,2/7/2011 8:09,0.85,17459.0,United Kingdom
543939,22720,SET OF 3 CAKE TINS PANTRY DESIGN,24,2/7/2011 8:09,4.95,17459.0,United Kingdom
543939,84029E,RED WOOLLY HOTTIE WHITE HEART.,6,2/7/2011 8:09,3.39,17459.0,United Kingdom
543939,22613,PACK OF 20 SPACEBOY NAPKINS,3,2/7/2011 8:09,0.85,17459.0,United Kingdom
543939,21730,GLASS STAR FROSTED T-LIGHT HOLDER,8,2/7/2011 8:09,4.25,17459.0,United Kingdom
543939,71053,WHITE METAL LANTERN,6,2/7/2011 8:09,3.39,17459.0,United Kingdom
543939,85123A,WHITE HANGING HEART T-LIGHT HOLDER,3,2/7/2011 8:09,2.55,17459.0,United Kingdom
543939,22613,PACK OF 20 SPACEBOY NAPKINS,2,2/7/2011 8:09,0.85,17459.0,United Kingdom
543939,84879,ASSORTED COLOUR BIRD ORNAMENT,2,2/7/2011 8:09,1.69,17459.0,United Kingdom
543939,21777,RECIPE BOX WITH METAL HEART,2,2/7/2011 8:09,7.95,17459.0,United Kingdom
543939,22423,REGENCY CAKESTAND 3 TIER,3,2/7/2011 8:09,12.75,17459.0,United Kingdom
543939,22720,SET OF 3 CAKE TINS PANTRY DESIGN,24,2/7/2011 8:09,4.95,17459.0,United Kingdom
543939,22632,HAND WARMER RED POLKA DOT,3,2/7/2011 8:09,1.85,17459.0,United Kingdom
543939,22310,IVORY KNITTED MUG COSY,4,2/7/2011 8:09,1.65,17459.0,United Kingdom
543939,71053,WHITE METAL LANTERN,8,2/7/2011 8:09,3.39,17459.0,United Kingdom
543939,22623,BOX OF VINTAGE JIGSAW BLOCKS,4,2/7/2011 8:09,4.95,17459.0,United Kingdom
543939,85099B,JUMBO BAG RED RETROSPOT,6,2/7/2011 8:09,1.95,17459.0,United Kingdom
543939,22310,IVORY KNITTED MUG COSY,24,2/7/2011 8:09,1.65,17459.0,United Kingdom
543939,47566,PARTY BUNTING,4,2/7/2011 8:09,4.95,17459.0,United Kingdom
543989,71053,WHITE METAL LANTERN,12,2/7/2011 19:07,3.39,16588.0,United Kingdom
544064,23084,RABBIT NIGHT LIGHT,12,2/8/2011 9:44,2.08,14825.0,United Kingdom
544064,20725,LUNCH BAG RED RETROSPOT,2,2/8/2011 9:44,1.65,14825.0,United Kingdom
544064,23084,RABBIT NIGHT LIGHT,1,2/8/2011 9:44,2.08,14825.0,United Kingdom
544064,21755,LOVE BUILDING BLOCK WORD,4,2/8/2011 9:44,5.95,14825.0,United Kingdom
544064,85099B,JUMBO BAG RED RETROSPOT,12,2/8/2011 9:44,1.95,14825.0,United Kingdom
544064,84879,ASSORTED COLOUR BIRD ORNAMENT,3,2/8/2011 9:44,1.69,14825.0,United Kingdom
544064,22310,IVORY KNITTED MUG COSY,2,2/8/2011 9:44,1.65,14825.0,United Kingdom
544064,22613,PACK OF 20 SPACEBOY NAPKINS,2,2/8/2011 9:44,0.85,14825.0,United Kingdom
544064,84029G,KNITTED UNION FLAG HOT WATER BOTTLE,48,2/8/2011 9:44,3.39,14825.0,United Kingdom
544064,22752,SET 7 BABUSHKA NESTING BOXES,12,2/8/2011 9:44,7.65,14825.0,United Kingdom
544064,22310,IVORY KNITTED MUG COSY,3,2/8/2011 9:44,1.65,14825.0,United Kingdom
544064,84406B,CREAM CUPID HEARTS COAT HANGER,6,2/8/2011 9:44,2.75,14825.0,United Kingdom
544064,21730,GLASS STAR FROSTED T-LIGHT HOLDER,1,2/8/2011 9:44,4.25,14825.0,United Kingdom
544064,23084,RABBIT NIGHT LIGHT,2,2/8/2011 9:44,2.08,14825.0,United Kingdom
544142,71053,WHITE METAL LANTERN,4,2/8/2011 15:09,3.39,,United Kingdom
544142,22913,RED COAT RACK PARIS FASHION,48,2/8/2011 15:09,4.95,,United Kingdom
544142,22310,IVORY KNITTED MUG COSY,8,2/8/2011 15:09,1.65,,United Kingdom
544142,21730,GLASS STAR FROSTED T-LIGHT HOLDER,4,2/8/2011 15:09,4.25,,United Kingdom
544142,22310,IVORY KNITTED MUG COSY,2,2/8/2011 15:09,1.65,,United Kingdom
544142,22633,HAND WARMER UNION JACK,4,2/8/2011 15:09,1.85,,United Kingdom
544142,21755,LOVE BUILDING BLOCK WORD,1,2/8/2011 15:09,5.95,,United Kingdom
544142,71053,WHITE METAL LANTERN,6,2/8/2011 15:09,3.39,,United Kingdom
544142,21754,HOME BUILDING BLOCK WORD,3,2/8/2011 15:09,5.95,,United Kingdom
544142,22310,IVORY KNITTED MUG COSY,24,2/8/2011 15:09,1.65,,United Kingdom
544202,85099B,JUMBO BAG RED RETROSPOT,8,2/9/2011 11:14,1.95,,United Kingdom
544202,22613,PACK OF 20 SPACEBOY NAPKINS,8,2/9/2011 11:14,0.85,,United Kingdom
544202,85123A,WHITE HANGING HEART T-LIGHT HOLDER,3,2/9/2011 11:14,2.55,,United Kingdom
544202,22613,PACK OF 20 SPACEBOY NAPKINS,2,2/9/2011 11:14,0.85,,United Kingdom
544202,22960,JAM MAKING SET WITH JARS,1,2/9/2011 11:14,4.25,,United Kingdom
544202,22197,SMALL POPCORN HOLDER,4,2/9/2011 11:14,0.85,,United Kingdom
544202,71053,WHITE METAL LANTERN,1,2/9/2011 11:14,3.39,,United Kingdom
544202,22633,HAND WARMER UNION JACK,3,2/9/2011 11:14,1.85,,United Kingdom
544202,84029E,RED WOOLLY HOTTIE WHITE HEART.,2,2/9/2011 11:14,3.39,,United Kingdom
544202,22613,PACK OF 20 SPACEBOY NAPKINS,1,2/9/2011 11:14,0.85,,United Kingdom
544202,71053,WHITE METAL LANTERN,1,2/9/2011 11:14,3.39,,United Kingdom
544202,85099B,JUMBO BAG RED RETROSPOT,6,2/9/2011 11:14,1.95,,United Kingdom
544202,22720,SET OF 3 CAKE TINS PANTRY DESIGN,1,2/9/2011 11:14,4.95,,United Kingdom
544202,22197,SMALL POPCORN HOLDER,8,2/9/2011 11:14,0.85,,United Kingdom
544202,22613,PACK OF 20 SPACEBOY NAPKINS,48,2/9/2011 11:14,0.85,,United Kingdom
544202,22197,SMALL POPCORN HOLDER,4,2/9/2011 11:14,0.85,,United Kingdom
544202,48187,DOORMAT NEW ENGLAND,1,2/9/2011 11:14,7.95,,United Kingdom
544202,84969,BOX OF 6 ASSORTED COLOUR TEASPOONS,24,2/9/2011 11:14,4.25,,United Kingdom
544202,22748,,6,2/9/2011 11:14,2.1,,United Kingdom
544263,22748,POPPY'S PLAYHOUSE KITCHEN,8,2/10/2011 8:15,2.1,14677.0,Germany
544263,84029G,KNITTED UNION FLAG HOT WATER BOTTLE,4,2/10/2011 8:15,3.39,14677.0,Germany
544263,20725,LUNCH BAG RED RETROSPOT,6,2/10/2011 8:15,1.65,14677.0,Germany
544263,22633,HAND WARMER UNION JACK,48,2/10/2011 8:15,1.85,14677.0,Germany
544263,84406B,CREAM CUPID HEARTS COAT HANGER,2,2/10/2011 8:15,2.75,14677.0,Germany
544263,84029G,KNITTED UNION FLAG HOT WATER BOTTLE,1,2/10/2011 8:15,3.39,14677.0,Germany
544263,48187,DOORMAT NEW ENGLAND,3,2/10/2011 8:15,7.95,14677.0,Germany
544263,22613,PACK OF 20 SPACEBOY NAPKINS,48,2/10/2011 8:15,0.85,14677.0,Germany
544263,21777,RECIPE BOX WITH METAL HEART,48,2/10/2011 8:15,7.95,14677.0,Germany
544263,85123A,WHITE HANGING HEART T-LIGHT HOLDER,4,2/10/2011 8:15,2.55,14677.0,Germany
544263,22913,RED COAT RACK PARIS FASHION,8,2/10/2011 8:15,4.95,14677.0,Germany
544263,22197,SMALL POPCORN HOLDER,1,2/10/2011 8:15,0.85,14677.0,Germany
544263,22745,POPPY'S PLAYHOUSE BEDROOM,4,2/10/2011 8:15,2.1,14677.0,Germany
544263,85123A,WHITE HANGING HEART T-LIGHT HOLDER,6,2/10/2011 8:15,2.55,14677.0,Germany
544263,22720,SET OF 3 CAKE TINS PANTRY DESIGN,3,2/10/2011 8:15,4.95,14677.0,Germany
544263,22423,REGENCY CAKESTAND 3 TIER,24,2/10/2011 8:15,12.75,14677.0,Germany
544263,22745,POPPY'S PLAYHOUSE BEDROOM,24,2/10/2011 8:15,2.1,14677.0,Germany
544316,85123A,WHITE HANGING HEART T-LIGHT HOLDER,24,2/10/2011 18:04,2.55,13541.0,United Kingdom
544316,48187,DOORMAT NEW ENGLAND,24,2/10/2011 18:04,7.95,13541.0,United Kingdom
544316,84879,ASSORTED COLOUR BIRD ORNAMENT,12,2/10/2011 18:04,1.69,13541.0,United Kingdom
544316,84879,ASSORTED COLOUR BIRD ORNAMENT,4,2/10/2011 18:04,1.69,13541.0,United Kingdom
544316,21212,PACK OF 72 RETROSPOT CAKE CASES,48,2/10/2011 18:04,0.55,13541.0,United Kingdom
544316,84029E,RED WOOLLY HOTTIE WHITE HEART.,24,2/10/2011 18:04,3.39,13541.0,United Kingdom
544360,22423,REGENCY CAKESTAND 3 TIER,4,2/11/2011 9:03,12.75,,United Kingdom
544360,85123A,WHITE HANGING HEART T-LIGHT HOLDER,2,2/11/2011 9:03,2.55,,United Kingdom
544360,22748,POPPY'S PLAYHOUSE KITCHEN,3,2/11/2011 9:03,2.1,,United Kingdom
544360,21755,,8,2/11/2011 9:03,5.95,,United Kingdom
544360,48187,DOORMAT NEW ENGLAND,2,2/11/2011 9:03,7.95,,United Kingdom
544360,21730,GLASS STAR FROSTED T-LIGHT HOLDER,8,2/11/2011 9:03,4.25,,United Kingdom
544360,22752,SET 7 BABUSHKA NESTING BOXES,12,2/11/2011 9:03,7.65,,United Kingdom
544360,21777,RECIPE BOX WITH METAL HEART,12,2/11/2011 9:03,7.95,,United Kingdom
544360,22197,SMALL POPCORN HOLDER,2,2/11/2011 9:03,0.85,,United Kingdom
544360,71053,,48,2/11/2011 9:03,3.39,,United Kingdom
544360,84406B,CREAM CUPID HEARTS COAT HANGER,8,2/11/2011 9:03,2.75,,United Kingdom
544360,84029G,KNITTED UNION FLAG HOT WATER BOTTLE,24,2/11/2011 9:03,3.39,,United Kingdom
544360,22720,SET OF 3 CAKE TINS PANTRY DESIGN,1,2/11/2011 9:03,4.95,,United Kingdom
544360,22197,SMALL POPCORN HOLDER,12,2/11/2011 9:03,0.85,,United Kingdom
544360,22197,SMALL POPCORN HOLDER,24,2/11/2011 9:03,0.85,,United Kingdom
544360,22310,IVORY KNITTED MUG COSY,2,2/11/2011 9:03,1.65,,United Kingdom
544360,22745,POPPY'S PLAYHOUSE BEDROOM,4,2/11/2011 9:03,2.1,,United Kingdom
544360,71053,WHITE METAL LANTERN,3,2/11/2011 9:03,3.39,,United Kingdom
544360,23084,RABBIT NIGHT LIGHT,12,2/11/2011 9:03,2.08,,United Kingdom
544360,22197,SMALL POPCORN HOLDER,48,2/11/2011 9:03,0.85,,United Kingdom
544360,85099B,JUMBO BAG RED RETROSPOT,4,2/11/2011 9:03,1.95,,United Kingdom
544360,21754,HOME BUILDING BLOCK WORD,4,2/11/2011 9:03,5.95,,United Kingdom
544360,22613,PACK OF 20 SPACEBOY NAPKINS,24,2/11/2011 9:03,0.85,,United Kingdom
544360,21777,RECIPE BOX WITH METAL HEART,4,2/11/2011 9:03,7.95,,United Kingdom
544405,84406B,CREAM CUPID HEARTS COAT HANGER,24,2/11/2011 13:59,2.75,17838.0,United Kingdom
544405,22310,IVORY KNITTED MUG COSY,6,2/11/2011 13:59,1.65,17838.0,United Kingdom
544405,21754,HOME BUILDING BLOCK WORD,8,2/11/2011 13:59,5.95,17838.0,United Kingdom
544405,84029E,RED WOOLLY HOTTIE WHITE HEART.,2,2/11/2011 13:59,3.39,17838.0,United Kingdom
C544472,84029E,RED WOOLLY HOTTIE WHITE HEART.,-8,2/12/2011 9:11,3.39,,United Kingdom
C544472,21777,RECIPE BOX WITH METAL HEART,-48,2/12/2011 9:11,7.95,,United Kingdom
C544472,48187,DOORMAT NEW ENGLAND,-8,2/12/2011 9:11,7.95,,United Kingdom
C544472,48187,DOORMAT NEW ENGLAND,-1,2/12/2011 9:11,7.95,,United Kingdom
C544472,84879,ASSORTED COLOUR BIRD ORNAMENT,-12,2/12/2011 9:11,1.69,,United Kingdom
C544472,22632,HAND WARMER RED POLKA DOT,-4,2/12/2011 9:11,1.85,,United Kingdom
C544472,21777,RECIPE BOX WITH METAL HEART,-4,2/12/2011 9:11,7.95,,United Kingdom
C544472,21777,RECIPE BOX WITH METAL HEART,-12,2/12/2011 9:11,7.95,,United Kingdom
C544472,21754,HOME BUILDING BLOCK WORD,-12,2/12/2011 9:11,5.95,,United Kingdom
C544472,22960,,-24,2/12/2011 9:11,4.25,,United Kingdom
C544472,22748,POPPY'S PLAYHOUSE KITCHEN,-1,2/12/2011 9:11,2.1,,United Kingdom
C544472,22752,SET 7 BABUSHKA NESTING BOXES,-24,2/12/2011 9:11,7.65,,United Kingdom
544530,22197,SMALL POPCORN HOLDER,48,2/12/2011 16:35,0.85,17835.0,United Kingdom
544530,85099B,JUMBO BAG RED RETROSPOT,2,2/12/2011 16:35,1.95,17835.0,United Kingdom
544530,21730,GLASS STAR FROSTED T-LIGHT HOLDER,2,2/12/2011 16:35,4.25,17835.0,United Kingdom
544530,22310,IVORY KNITTED MUG COSY,48,2/12/2011 16:35,1.65,17835.0,United Kingdom
544530,22745,POPPY'S PLAYHOUSE BEDROOM,1,2/12/2011 16:35,2.1,17835.0,United Kingdom
544530,21777,RECIPE BOX WITH METAL HEART,2,2/12/2011 16:35,7.95,17835.0,United Kingdom
544572,22752,SET 7 BABUSHKA NESTING BOXES,4,2/13/2011 11:39,7.65,17404.0,United Kingdom
544572,84969,BOX OF 6 ASSORTED COLOUR TEASPOONS,8,2/13/2011 11:39,4.25,17404.0,United Kingdom
544572,21754,HOME BUILDING BLOCK WORD,24,2/13/2011 11:39,5.95,17404.0,United Kingdom
544572,23084,RABBIT NIGHT LIGHT,6,2/13/2011 11:39,2.08,17404.0,United Kingdom
544572,22310,IVORY KNITTED MUG COSY,48,2/13/2011 11:39,1.65,17404.0,United Kingdom
544572,84029E,RED WOOLLY HOTTIE WHITE HEART.,1,2/13/2011 11:39,3.39,17404.0,United Kingdom
544572,84969,BOX OF 6 ASSORTED COLOUR TEASPOONS,6,2/13/2011 11:39,4.25,17404.0,United Kingdom
544572,22748,POPPY'S PLAYHOUSE KITCHEN,2,2/13/2011 11:39,2.1,17404.0,United Kingdom
544572,84029E,RED WOOLLY HOTTIE WHITE HEART.,2,2/13/2011 11:39,3.39,17404.0,United Kingdom
544572,22633,HAND WARMER UNION JACK,1,2/13/2011 11:39,1.85,17404.0,United Kingdom
544572,84029E,RED WOOLLY HOTTIE WHITE HEART.,3,2/13/2011 11:39,3.39,17404.0,United Kingdom
544572,21212,PACK OF 72 RETROSPOT CAKE CASES,4,2/13/2011 11:39,0.55,17404.0,United Kingdom
544572,84879,ASSORTED COLOUR BIRD ORNAMENT,12,2/13/2011 11:39,1.69,17404.0,United Kingdom
544572,22960,JAM MAKING SET WITH JARS,48,2/13/2011 11:39,4.25,17404.0,United Kingdom
544572,22633,HAND WARMER UNION JACK,6,2/13/2011 11:39,1.85,17404.0,United Kingdom
544645,22310,IVORY KNITTED MUG COSY,8,2/13/2011 19:30,1.65,15157.0,United Kingdom
544645,22752,SET 7 BABUSHKA NESTING BOXES,24,2/13/2011 19:30,7.65,15157.0,United Kingdom
544645,22960,JAM MAKING SET WITH JARS,1,2/13/2011 19:30,4.25,15157.0,United Kingdom
544709,84406B,CREAM CUPID HEARTS COAT HANGER,1,2/14/2011 8:47,2.75,14956.0,United Kingdom
544709,85099B,JUMBO BAG RED RETROSPOT,6,2/14/2011 8:47,1.95,14956.0,United Kingdom
544709,22310,IVORY KNITTED MUG COSY,4,2/14/2011 8:47,1.65,14956.0,United Kingdom
544709,22613,PACK OF 20 SPACEBOY NAPKINS,48,2/14/2011 8:47,0.85,14956.0,United Kingdom
544709,22197,SMALL POPCORN HOLDER,24,2/14/2011 8:47,0.85,14956.0,United Kingdom
544709,22633,HAND WARMER UNION JACK,2,2/14/2011 8:47,1.85,14956.0,United Kingdom
544709,21730,GLASS STAR FROSTED T-LIGHT HOLDER,6,2/14/2011 8:47,4.25,14956.0,United Kingdom
544709,85123A,WHITE HANGING HEART T-LIGHT HOLDER,4,2/14/2011 8:47,2.55,14956.0,United Kingdom
544709,22720,SET OF 3 CAKE TINS PANTRY DESIGN,8,2/14/2011 8:47,4.95,14956.0,United Kingdom
544709,48187,DOORMAT NEW ENGLAND,48,2/14/2011 8:47,7.95,14956.0,United Kingdom
544709,22310,IVORY KNITTED MUG COSY,48,2/14/2011 8:47,1.65,14956.0,United Kingdom
544709,21755,LOVE BUILDING BLOCK WORD,24,2/14/2011 8:47,5.95,14956.0,United Kingdom
544709,21755,LOVE BUILDING BLOCK WORD,24,2/14/2011 8:47,5.95,14956.0,United Kingdom
544709,84879,ASSORTED COLOUR BIRD ORNAMENT,2,2/14/2011 8:47,1.69,14956.0,United Kingdom
544709,84969,BOX OF 6 ASSORTED COLOUR TEASPOONS,12,2/14/2011 8:47,4.25,14956.0,United Kingdom
544709,22197,SMALL POPCORN HOLDER,1,2/14/2011 8:47,0.85,14956.0,United Kingdom
544709,84029E,RED WOOLLY HOTTIE WHITE HEART.,12,2/14/2011 8:47,3.39,14956.0,United Kingdom
544709,84969,BOX OF 6 ASSORTED COLOUR TEASPOONS,24,2/14/2011 8:47,4.25,14956.0,United Kingdom
544709,22423,REGENCY CAKESTAND 3 TIER,6,2/14/2011 8:47,12.75,14956.0,United Kingdom
544709,21755,LOVE BUILDING BLOCK WORD,48,2/14/2011 8:47,5.95,14956.0,United Kingdom
544709,22633,HAND WARMER UNION JACK,24,2/14/2011 8:47,1.85,14956.0,United Kingdom
544777,84879,ASSORTED COLOUR BIRD ORNAMENT,1,2/14/2011 15:19,1.69,14636.0,France
544777,21212,PACK OF 72 RETROSPOT CAKE CASES,24,2/14/2011 15:19,0.55,14636.0,France
544777,85099B,JUMBO BAG RED RETROSPOT,6,2/14/2011 15:19,1.95,14636.0,France
544777,47566,PARTY BUNTING,24,2/14/2011 15:19,4.95,14636.0,France
544777,22960,JAM MAKING SET WITH JARS,48,2/14/2011 15:19,4.25,14636.0,France
544777,22720,SET OF 3 CAKE TINS PANTRY DESIGN,4,2/14/2011 15:19,4.95,14636.0,France
544777,47566,PARTY BUNTING,6,2/14/2011 15:19,4.95,14636.0,France
544831,22632,HAND WARMER RED POLKA DOT,48,2/15/2011 11:29,1.85,16824.0,United Kingdom
544901,22633,HAND WARMER UNION JACK,2,2/15/2011 18:55,1.85,13523.0,United Kingdom
544901,22632,HAND WARMER RED POLKA DOT,4,2/15/2011 18:55,1.85,13523.0,United Kingdom
544901,22913,RED COAT RACK PARIS FASHION,24,2/15/2011 18:55,4.95,13523.0,United Kingdom
544901,84406B,CREAM CUPID HEARTS COAT HANGER,2,2/15/2011 18:55,2.75,13523.0,United Kingdom
544901,22745,POPPY'S PLAYHOUSE BEDROOM,8,2/15/2011 18:55,2.1,13523.0,United Kingdom
544970,21755,LOVE BUILDING BLOCK WORD,8,2/16/2011 9:28,5.95,12761.0,United Kingdom
544970,22752,SET 7 BABUSHKA NESTING BOXES,4,2/16/2011 9:28,7.65,12761.0,United Kingdom
544970,84879,ASSORTED COLOUR BIRD ORNAMENT,4,2/16/2011 9:28,1.69,12761.0,United Kingdom
544970,22423,REGENCY CAKESTAND 3 TIER,6,2/16/2011 9:28,12.75,12761.0,United Kingdom
544970,22752,SET 7 BABUSHKA NESTING BOXES,6,2/16/2011 9:28,7.65,12761.0,United Kingdom
544970,84029G,KNITTED UNION FLAG HOT WATER BOTTLE,1,2/16/2011 9:28,3.39,12761.0,United Kingdom
544970,22613,PACK OF 20 SPACEBOY NAPKINS,24,2/16/2011 9:28,0.85,12761.0,United Kingdom
544970,47566,PARTY BUNTING,2,2/16/2011 9:28,4.95,12761.0,United Kingdom
544970,22633,HAND WARMER UNION JACK,48,2/16/2011 9:28,1.85,12761.0,United Kingdom
544970,21777,RECIPE BOX WITH METAL HEART,24,2/16/2011 9:28,7.95,12761.0,United Kingdom
544970,84029E,RED WOOLLY HOTTIE WHITE HEART.,24,2/16/2011 9:28,3.39,12761.0,United Kingdom
544970,22632,HAND WARMER RED POLKA DOT,4,2/16/2011 9:28,1.85,12761.0,United Kingdom
544970,22913,RED COAT RACK PARIS FASHION,6,2/16/2011 9:28,4.95,12761.0,United Kingdom
544970,84879,ASSORTED COLOUR BIRD ORNAMENT,24,2/16/2011 9:28,1.69,12761.0,United Kingdom
544970,21755,LOVE BUILDING BLOCK WORD,8,2/16/2011 9:28,5.95,12761.0,United Kingdom
544970,71053,WHITE METAL LANTERN,12,2/16/2011 9:28,3.39,12761.0,United Kingdom
544970,20725,LUNCH BAG RED RETROSPOT,48,2/16/2011 9:28,1.65,12761.0,United Kingdom
545041,21730,GLASS STAR FROSTED T-LIGHT HOLDER,12,2/16/2011 18:05,4.25,14955.0,United Kingdom
545041,22613,PACK OF 20 SPACEBOY NAPKINS,24,2/16/2011 18:05,0.85,14955.0,United Kingdom
545041,21755,LOVE BUILDING BLOCK WORD,2,2/16/2011 18:05,5.95,14955.0,United Kingdom
545041,22423,REGENCY CAKESTAND 3 TIER,3,2/16/2011 18:05,12.75,14955.0,United Kingdom
545041,85099B,JUMBO BAG RED RETROSPOT,8,2/16/2011 18:05,1.95,14955.0,United Kingdom
545041,22960,JAM MAKING SET WITH JARS,12,2/16/2011 18:05,4.25,14955.0,United Kingdom
545041,20725,LUNCH BAG RED RETROSPOT,48,2/16/2011 18:05,1.65,14955.0,United Kingdom
545041,47566,PARTY BUNTING,6,2/16/2011 18:05,4.95,14955.0,United Kingdom
545041,21730,GLASS STAR FROSTED T-LIGHT HOLDER,6,2/16/2011 18:05,4.25,14955.0,United Kingdom
545041,84406B,CREAM CUPID HEARTS COAT HANGER,8,2/16/2011 18:05,2.75,14955.0,United Kingdom
545041,23084,RABBIT NIGHT LIGHT,1,2/16/2011 18:05,2.08,14955.0,United Kingdom
545041,22720,SET OF 3 CAKE TINS PANTRY DESIGN,2,2/16/2011 18:05,4.95,14955.0,United Kingdom
545041,84879,ASSORTED COLOUR BIRD ORNAMENT,3,2/16/2011 18:05,1.69,14955.0,United Kingdom
545041,22752,SET 7 BABUSHKA NESTING BOXES,12,2/16/2011 18:05,7.65,14955.0,United Kingdom
545095,22613,PACK OF 20 SPACEBOY NAPKINS,8,2/17/2011 11:31,0.85,15452.0,United Kingdom
545095,21777,RECIPE BOX WITH METAL HEART,4,2/17/2011 11:31,7.95,15452.0,United Kingdom
545095,21754,HOME BUILDING BLOCK WORD,1,2/17/2011 11:31,5.95,15452.0,United Kingdom
545095,23084,RABBIT NIGHT LIGHT,3,2/17/2011 11:31,2.08,15452.0,United Kingdom
545095,85123A,WHITE HANGING HEART T-LIGHT HOLDER,1,2/17/2011 11:31,2.55,15452.0,United Kingdom
545095,21777,RECIPE BOX WITH METAL HEART,48,2/17/2011 11:31,7.95,15452.0,United Kingdom
545095,71053,WHITE METAL LANTERN,12,2/17/2011 11:31,3.39,15452.0,United Kingdom
545095,85123A,WHITE HANGING HEART T-LIGHT HOLDER,8,2/17/2011 11:31,2.55,15452.0,United Kingdom
545095,21754,HOME BUILDING BLOCK WORD,3,2/17/2011 11:31,5.95,15452.0,United Kingdom
545095,22310,IVORY KNITTED MUG COSY,8,2/17/2011 11:31,1.65,15452.0,United Kingdom
545095,22613,PACK OF 20 SPACEBOY NAPKINS,6,2/17/2011 11:31,0.85,15452.0,United Kingdom
545095,22613,PACK OF 20 SPACEBOY NAPKINS,8,2/17/2011 11:31,0.85,15452.0,United Kingdom
545095,22752,SET 7 BABUSHKA NESTING BOXES,12,2/17/2011 11:31,7.65,15452.0,United Kingdom
545152,85123A,WHITE HANGING HEART T-LIGHT HOLDER,12,2/18/2011 9:03,2.55,14986.0,United Kingdom
545213,84879,,1,2/18/2011 16:58,1.69,,United Kingdom
545213,22913,RED COAT RACK PARIS FASHION,3,2/18/2011 16:58,4.95,,United Kingdom
545213,22748,POPPY'S PLAYHOUSE KITCHEN,3,2/18/2011 16:58,2.1,,United Kingdom
545213,22633,HAND WARMER UNION JACK,4,2/18/2011 16:58,1.85,,United Kingdom
545213,20725,LUNCH BAG RED RETROSPOT,24,2/18/2011 16:58,1.65,,United Kingdom
545213,21755,LOVE BUILDING BLOCK WORD,4,2/18/2011 16:58,5.95,,United Kingdom
545213,22423,REGENCY CAKESTAND 3 TIER,6,2/18/2011 16:58,12.75,,United Kingdom
545213,84969,BOX OF 6 ASSORTED COLOUR TEASPOONS,1,2/18/2011 16:58,4.25,,United Kingdom
545213,84879,ASSORTED COLOUR BIRD ORNAMENT,8,2/18/2011 16:58,1.69,,United Kingdom
545213,71053,WHITE METAL LANTERN,4,2/18/2011 16:58,3.39,,United Kingdom
545213,22633,HAND WARMER UNION JACK,8,2/18/2011 16:58,1.85,,United Kingdom
545213,84029E,RED WOOLLY HOTTIE WHITE HEART.,6,2/18/2011 16:58,3.39,,United Kingdom
545213,84029E,RED WOOLLY HOTTIE WHITE HEART.,4,2/18/2011 16:58,3.39,,United Kingdom
545213,22752,SET 7 BABUSHKA NESTING BOXES,24,2/18/2011 16:58,7.65,,United Kingdom
545213,21754,HOME BUILDING BLOCK WORD,48,2/18/2011 16:58,5.95,,United Kingdom
545213,22632,HAND WARMER RED POLKA DOT,12,2/18/2011 16:58,1.85,,United Kingdom
545213,22197,SMALL POPCORN HOLDER,3,2/18/2011 16:58,0.85,,United Kingdom
545286,22423,REGENCY CAKESTAND 3 TIER,48,2/19/2011 10:46,12.75,,United Kingdom
545286,22310,IVORY KNITTED MUG COSY,8,2/19/2011 10:46,1.65,,United Kingdom
545286,22632,HAND WARMER RED POLKA DOT,4,2/19/2011 10:46,1.85,,United Kingdom
545286,22748,POPPY'S PLAYHOUSE KITCHEN,12,2/19/2011 10:46,2.1,,United Kingdom
545286,21755,LOVE BUILDING BLOCK WORD,4,2/19/2011 10:46,5.95,,United Kingdom
545286,22197,SMALL POPCORN HOLDER,24,2/19/2011 10:46,0.85,,United Kingdom
545286,22720,SET OF 3 CAKE TINS PANTRY DESIGN,4,2/19/2011 10:46,4.95,,United Kingdom
545286,22745,POPPY'S PLAYHOUSE BEDROOM,48,2/19/2011 10:46,2.1,,United Kingdom
545286,22632,HAND WARMER RED POLKA DOT,1,2/19/2011 10:46,1.85,,United Kingdom
545286,22720,,2,2/19/2011 10:46,4.95,,United Kingdom
545286,85123A,WHITE HANGING HEART T-LIGHT HOLDER,8,2/19/2011 10:46,2.55,,United Kingdom
545286,85099B,JUMBO BAG RED RETROSPOT,4,2/19/2011 10:46,1.95,,United Kingdom
545286,22720,SET OF 3 CAKE TINS PANTRY DESIGN,48,2/19/2011 10:46,4.95,,United Kingdom
545286,84879,ASSORTED COLOUR BIRD ORNAMENT,4,2/19/2011 10:46,1.69,,United Kingdom
545286,22197,SMALL POPCORN HOLDER,48,2/19/2011 10:46,0.85,,United Kingdom
545286,48187,DOORMAT NEW ENGLAND,48,2/19/2011 10:46,7.95,,United Kingdom
545286,84969,BOX OF 6 ASSORTED COLOUR TEASPOONS,8,2/19/2011 10:46,4.25,,United Kingdom
545286,22632,HAND WARMER RED POLKA DOT,2,2/19/2011 10:46,1.85,,United Kingdom
545286,48187,DOORMAT NEW ENGLAND,48,2/19/2011 10:46,7.95,,United Kingdom
545286,22752,SET 7 BABUSHKA NESTING BOXES,8,2/19/2011 10:46,7.65,,United Kingdom
545286,48187,DOORMAT NEW ENGLAND,6,2/19/2011 10:46,7.95,,United Kingdom
545286,22960,JAM MAKING SET WITH JARS,6,2/19/2011 10:46,4.25,,United Kingdom
545286,84406B,CREAM CUPID HEARTS COAT HANGER,24,2/19/2011 10:46,2.75,,United Kingdom
545286,22913,RED COAT RACK PARIS FASHION,8,2/19/2011 10:46,4.95,,United Kingdom
545361,22960,JAM MAKING SET WITH JARS,4,2/20/2011 8:12,4.25,,United Kingdom
545361,85123A,WHITE HANGING HEART T-LIGHT HOLDER,12,2/20/2011 8:12,2.55,,United Kingdom
545361,22960,JAM MAKING SET WITH JARS,2,2/20/2011 8:12,4.25,,United Kingdom
545361,21212,PACK OF 72 RETROSPOT CAKE CASES,6,2/20/2011 8:12,0.55,,United Kingdom
545361,71053,WHITE METAL LANTERN,1,2/20/2011 8:12,3.39,,United Kingdom
545361,21730,GLASS STAR FROSTED T-LIGHT HOLDER,6,2/20/2011 8:12,4.25,,United Kingdom
545361,47566,PARTY BUNTING,4,2/20/2011 8:12,4.95,,United Kingdom
545361,85099B,JUMBO BAG RED RETROSPOT,24,2/20/2011 8:12,1.95,,United Kingdom
545361,22748,POPPY'S PLAYHOUSE KITCHEN,4,2/20/2011 8:12,2.1,,United Kingdom
545361,21730,,1,2/20/2011 8:12,4.25,,United Kingdom
545361,85099B,JUMBO BAG RED RETROSPOT,3,2/20/2011 8:12,1.95,,United Kingdom
545361,22960,JAM MAKING SET WITH JARS,3,2/20/2011 8:12,4.25,,United Kingdom
545361,20725,LUNCH BAG RED RETROSPOT,2,2/20/2011 8:12,1.65,,United Kingdom
545361,22310,IVORY KNITTED MUG COSY,3,2/20/2011 8:12,1.65,,United Kingdom
545361,21212,PACK OF 72 RETROSPOT CAKE CASES,3,2/20/2011 8:12,0.55,,United Kingdom
545361,48187,DOORMAT NEW ENGLAND,4,2/20/2011 8:12,7.95,,United Kingdom
545361,47566,PARTY BUNTING,1,2/20/2011 8:12,4.95,,United Kingdom
545361,22745,POPPY'S PLAYHOUSE BEDROOM,2,2/20/2011 8:12,2.1,,United Kingdom
545361,22720,SET OF 3 CAKE TINS PANTRY DESIGN,48,2/20/2011 8:12,4.95,,United Kingdom
545405,23084,RABBIT NIGHT LIGHT,6,2/20/2011 16:12,2.08,17128.0,United Kingdom
545405,84969,BOX OF 6 ASSORTED COLOUR TEASPOONS,4,2/20/2011 16:12,4.25,17128.0,United Kingdom
545405,85123A,WHITE HANGING HEART T-LIGHT HOLDER,8,2/20/2011 16:12,2.55,17128.0,United Kingdom
545405,85123A,WHITE HANGING HEART T-LIGHT HOLDER,8,2/20/2011 16:12,2.55,17128.0,United Kingdom
545405,85099B,JUMBO BAG RED RETROSPOT,8,2/20/2011 16:12,1.95,17128.0,United Kingdom
545405,84029E,RED WOOLLY HOTTIE WHITE HEART.,3,2/20/2011 16:12,3.39,17128.0,United Kingdom
545405,22623,BOX OF VINTAGE JIGSAW BLOCKS,48,2/20/2011 16:12,4.95,17128.0,United Kingdom
545405,20725,LUNCH BAG RED RETROSPOT,3,2/20/2011 16:12,1.65,17128.0,United Kingdom
545405,47566,PARTY BUNTING,2,2/20/2011 16:12,4.95,17128.0,United Kingdom
545405,22632,HAND WARMER RED POLKA DOT,48,2/20/2011 16:12,1.85,17128.0,United Kingdom
545405,20725,LUNCH BAG RED RETROSPOT,1,2/20/2011 16:12,1.65,17128.0,United Kingdom
545405,22633,HAND WARMER UNION JACK,3,2/20/2011 16:12,1.85,17128.0,United Kingdom
545405,21730,GLASS STAR FROSTED T-LIGHT HOLDER,3,2/20/2011 16:12,4.25,17128.0,United Kingdom
545405,22613,PACK OF 20 SPACEBOY NAPKINS,1,2/20/2011 16:12,0.85,17128.0,United Kingdom
545405,22748,POPPY'S PLAYHOUSE KITCHEN,12,2/20/2011 16:12,2.1,17128.0,United Kingdom
545405,22960,JAM MAKING SET WITH JARS,48,2/20/2011 16:12,4.25,17128.0,United Kingdom
545405,84969,BOX OF 6 ASSORTED COLOUR TEASPOONS,8,2/20/2011 16:12,4.25,17128.0,United Kingdom
545405,85099B,JUMBO BAG RED RETROSPOT,12,2/20/2011 16:12,1.95,17128.0,United Kingdom
545405,22748,POPPY'S PLAYHOUSE KITCHEN,12,2/20/2011 16:12,2.1,17128.0,United Kingdom
545464,22310,IVORY KNITTED MUG COSY,48,2/21/2011 8:36,1.65,15648.0,United Kingdom
545464,48187,DOORMAT NEW ENGLAND,12,2/21/2011 8:36,7.95,15648.0,United Kingdom
545464,84406B,CREAM CUPID HEARTS COAT HANGER,8,2/21/2011 8:36,2.75,15648.0,United Kingdom
545464,22960,JAM MAKING SET WITH JARS,4,2/21/2011 8:36,4.25,15648.0,United Kingdom
545464,85099B,JUMBO BAG RED RETROSPOT,8,2/21/2011 8:36,1.95,15648.0,United Kingdom
545464,20725,LUNCH BAG RED RETROSPOT,1,2/21/2011 8:36,1.65,15648.0,United Kingdom
545464,22423,REGENCY CAKESTAND 3 TIER,8,2/21/2011 8:36,12.75,15648.0,United Kingdom
545464,48187,DOORMAT NEW ENGLAND,48,2/21/2011 8:36,7.95,15648.0,United Kingdom
545464,71053,WHITE METAL LANTERN,1,2/21/2011 8:36,3.39,15648.0,United Kingdom
545464,71053,WHITE METAL LANTERN,24,2/21/2011 8:36,3.39,15648.0,United Kingdom
545464,84879,ASSORTED COLOUR BIRD ORNAMENT,48,2/21/2011 8:36,1.69,15648.0,United Kingdom
545464,21730,GLASS STAR FROSTED T-LIGHT HOLDER,2,2/21/2011 8:36,4.25,15648.0,United Kingdom
545464,21212,PACK OF 72 RETROSPOT CAKE CASES,8,2/21/2011 8:36,0.55,15648.0,United Kingdom
545464,71053,WHITE METAL LANTERN,2,2/21/2011 8:36,3.39,15648.0,United Kingdom
545464,22745,POPPY'S PLAYHOUSE BEDROOM,6,2/21/2011 8:36,2.1,15648.0,United Kingdom
545464,47566,PARTY BUNTING,48,2/21/2011 8:36,4.95,15648.0,United Kingdom
545464,84969,BOX OF 6 ASSORTED COLOUR TEASPOONS,24,2/21/2011 8:36,4.25,15648.0,United Kingdom
545464,47566,PARTY BUNTING,6,2/21/2011 8:36,4.95,15648.0,United Kingdom
545464,22613,PACK OF 20 SPACEBOY NAPKINS,24,2/21/2011 8:36,0.85,15648.0,United Kingdom
545464,84406B,CREAM CUPID HEARTS COAT HANGER,3,2/21/2011 8:36,2.75,15648.0,United Kingdom
C545511,22632,HAND WARMER RED POLKA DOT,-4,2/21/2011 13:37,1.85,12395.0,United Kingdom
545575,84029E,RED WOOLLY HOTTIE WHITE HEART.,8,2/22/2011 10:41,3.39,15365.0,EIRE
545575,22623,BOX OF VINTAGE JIGSAW BLOCKS,1,2/22/2011 10:41,4.95,15365.0,EIRE
545575,22913,RED COAT RACK PARIS FASHION,24,2/22/2011 10:41,4.95,15365.0,EIRE
545575,71053,WHITE METAL LANTERN,3,2/22/2011 10:41,3.39,15365.0,EIRE
545575,85123A,WHITE HANGING HEART T-LIGHT HOLDER,12,2/22/2011 10:41,2.55,15365.0,EIRE
545575,23084,RABBIT NIGHT LIGHT,24,2/22/2011 10:41,2.08,15365.0,EIRE
545575,84029G,KNITTED UNION FLAG HOT WATER BOTTLE,48,2/22/2011 10:41,3.39,15365.0,EIRE
545575,85099B,JUMBO BAG RED RETROSPOT,12,2/22/2011 10:41,1.95,15365.0,EIRE
545575,22623,BOX OF VINTAGE JIGSAW BLOCKS,12,2/22/2011 10:41,4.95,15365.0,EIRE
545575,21730,GLASS STAR FROSTED T-LIGHT HOLDER,4,2/22/2011 10:41,4.25,15365.0,EIRE
545575,22960,JAM MAKING SET WITH JARS,2,2/22/2011 10:41,4.25,15365.0,EIRE
545575,22913,RED COAT RACK PARIS FASHION,3,2/22/2011 10:41,4.95,15365.0,EIRE
545575,20725,LUNCH BAG RED RETROSPOT,1,2/22/2011 10:41,1.65,15365.0,EIRE
545575,84879,ASSORTED COLOUR BIRD ORNAMENT,6,2/22/2011 10:41,1.69,15365.0,EIRE
545575,22632,HAND WARMER RED POLKA DOT,1,2/22/2011 10:41,1.85,15365.0,EIRE
545575,84406B,CREAM CUPID HEARTS COAT HANGER,8,2/22/2011 10:41,2.75,15365.0,EIRE
545575,22613,PACK OF 20 SPACEBOY NAPKINS,3,2/22/2011 10:41,0.85,15365.0,EIRE
545620,84029E,RED WOOLLY HOTTIE WHITE HEART.,24,2/22/2011 18:49,3.39,14859.0,United Kingdom
545620,22310,IVORY KNITTED MUG COSY,8,2/22/2011 18:49,1.65,14859.0,United Kingdom
545620,22745,POPPY'S PLAYHOUSE BEDROOM,8,2/22/2011 18:49,2.1,14859.0,United Kingdom
545620,21212,PACK OF 72 RETROSPOT CAKE CASES,24,2/22/2011 18:49,0.55,14859.0,United Kingdom
545620,21730,GLASS STAR FROSTED T-LIGHT HOLDER,6,2/22/2011 18:49,4.25,14859.0,United Kingdom
545682,84029G,KNITTED UNION FLAG HOT WATER BOTTLE,3,2/23/2011 11:06,3.39,14990.0,United Kingdom
545682,22913,RED COAT RACK PARIS FASHION,6,2/23/2011 11:06,4.95,14990.0,United Kingdom
545682,21754,HOME BUILDING BLOCK WORD,6,2/23/2011 11:06,5.95,14990.0,United Kingdom
545682,22748,POPPY'S PLAYHOUSE KITCHEN,12,2/23/2011 11:06,2.1,14990.0,United Kingdom
545682,21754,HOME BUILDING BLOCK WORD,4,2/23/2011 11:06,5.95,14990.0,United Kingdom
545682,22913,RED COAT RACK PARIS FASHION,1,2/23/2011 11:06,4.95,14990.0,United Kingdom
545682,22960,JAM MAKING SET WITH JARS,6,2/23/2011 11:06,4.25,14990.0,United Kingdom
545682,22960,JAM MAKING SET WITH JARS,3,2/23/2011 11:06,4.25,14990.0,United Kingdom
545682,22623,BOX OF VINTAGE JIGSAW BLOCKS,12,2/23/2011 11:06,4.95,14990.0,United Kingdom
545731,71053,WHITE METAL LANTERN,2,2/23/2011 14:57,3.39,17979.0,United Kingdom
545731,22197,SMALL POPCORN HOLDER,8,2/23/2011 14:57,0.85,17979.0,United Kingdom
545731,85099B,JUMBO BAG RED RETROSPOT,12,2/23/2011 14:57,1.95,17979.0,United Kingdom
545731,85123A,WHITE HANGING HEART T-LIGHT HOLDER,6,2/23/2011 14:57,2.55,17979.0,United Kingdom
545731,84969,BOX OF 6 ASSORTED COLOUR TEASPOONS,4,2/23/2011 14:57,4.25,17979.0,United Kingdom
545731,84406B,CREAM CUPID HEARTS COAT HANGER,24,2/23/2011 14:57,2.75,17979.0,United Kingdom
545731,48187,DOORMAT NEW ENGLAND,4,2/23/2011 14:57,7.95,17979.0,United Kingdom
545731,22197,SMALL POPCORN HOLDER,1,2/23/2011 14:57,0.85,17979.0,United Kingdom
545731,21755,LOVE BUILDING BLOCK WORD,24,2/23/2011 14:57,5.95,17979.0,United Kingdom
545731,22633,HAND WARMER UNION JACK,3,2/23/2011 14:57,1.85,17979.0,United Kingdom
545790,22632,HAND WARMER RED POLKA DOT,48,2/23/2011 18:07,1.85,,United Kingdom
545790,84029E,RED WOOLLY HOTTIE WHITE HEART.,6,2/23/2011 18:07,3.39,,United Kingdom
545790,22623,BOX OF VINTAGE JIGSAW BLOCKS,2,2/23/2011 18:07,4.95,,United Kingdom
545790,84029G,KNITTED UNION FLAG HOT WATER BOTTLE,4,2/23/2011 18:07,3.39,,United Kingdom
545790,22720,SET OF 3 CAKE TINS PANTRY DESIGN,4,2/23/2011 18:07,4.95,,United Kingdom
545790,22748,POPPY'S PLAYHOUSE KITCHEN,4,2/23/2011 18:07,2.1,,United Kingdom
545790,22197,SMALL POPCORN HOLDER,3,2/23/2011 18:07,0.85,,United Kingdom
545790,21754,HOME BUILDING BLOCK WORD,1,2/23/2011 18:07,5.95,,United Kingdom
545790,85123A,WHITE HANGING HEART T-LIGHT HOLDER,48,2/23/2011 18:07,2.55,,United Kingdom
545790,21755,LOVE BUILDING BLOCK WORD,3,2/23/2011 18:07,5.95,,United Kingdom
545790,22613,PACK OF 20 SPACEBOY NAPKINS,2,2/23/2011 18:07,0.85,,United Kingdom
545790,22913,RED COAT RACK PARIS FASHION,6,2/23/2011 18:07,4.95,,United Kingdom
545790,84029G,KNITTED UNION FLAG HOT WATER BOTTLE,12,2/23/2011 18:07,3.39,,United Kingdom
545790,22720,SET OF 3 CAKE TINS PANTRY DESIGN,8,2/23/2011 18:07,4.95,,United Kingdom
545790,85123A,WHITE HANGING HEART T-LIGHT HOLDER,12,2/23/2011 18:07,2.55,,United Kingdom
545790,21754,HOME BUILDING BLOCK WORD,2,2/23/2011 18:07,5.95,,United Kingdom
545790,21755,LOVE BUILDING BLOCK WORD,1,2/23/2011 18:07,5.95,,United Kingdom
545790,21212,PACK OF 72 RETROSPOT CAKE CASES,1,2/23/2011 18:07,0.55,,United Kingdom
545790,22197,SMALL POPCORN HOLDER,2,2/23/2011 18:07,0.85,,United Kingdom
545790,22960,,6,2/23/2011 18:07,4.25,,United Kingdom
545790,22423,REGENCY CAKESTAND 3 TIER,8,2/23/2011 18:07,12.75,,United Kingdom
545790,84969,BOX OF 6 ASSORTED COLOUR TEASPOONS,2,2/23/2011 18:07,4.25,,United Kingdom
545790,21777,RECIPE BOX WITH METAL HEART,2,2/23/2011 18:07,7.95,,United Kingdom
545864,22745,POPPY'S PLAYHOUSE BEDROOM,3,2/24/2011 10:23,2.1,16116.0,United Kingdom
545864,71053,WHITE METAL LANTERN,3,2/24/2011 10:23,3.39,16116.0,United Kingdom
545864,48187,DOORMAT NEW ENGLAND,8,2/24/2011 10:23,7.95,16116.0,United Kingdom
545864,85123A,WHITE HANGING HEART T-LIGHT HOLDER,3,2/24/2011 10:23,2.55,16116.0,United Kingdom
545864,85123A,WHITE HANGING HEART T-LIGHT HOLDER,4,2/24/2011 10:23,2.55,16116.0,United Kingdom
545864,22423,REGENCY CAKESTAND 3 TIER,24,2/24/2011 10:23,12.75,16116.0,United Kingdom
545864,21754,HOME BUILDING BLOCK WORD,12,2/24/2011 10:23,5.95,16116.0,United Kingdom
545864,21754,HOME BUILDING BLOCK WORD,6,2/24/2011 10:23,5.95,16116.0,United Kingdom
545864,22913,RED COAT RACK PARIS FASHION,6,2/24/2011 10:23,4.95,16116.0,United Kingdom
545864,22310,IVORY KNITTED MUG COSY,2,2/24/2011 10:23,1.65,16116.0,United Kingdom
545864,21730,GLASS STAR FROSTED T-LIGHT HOLDER,4,2/24/2011 10:23,4.25,16116.0,United Kingdom
545864,22748,POPPY'S PLAYHOUSE KITCHEN,1,2/24/2011 10:23,2.1,16116.0,United Kingdom
545864,22310,IVORY KNITTED MUG COSY,8,2/24/2011 10:23,1.65,16116.0,United Kingdom
545864,22720,SET OF 3 CAKE TINS PANTRY DESIGN,3,2/24/2011 10:23,4.95,16116.0,United Kingdom
545864,21212,PACK OF 72 RETROSPOT CAKE CASES,24,2/24/2011 10:23,0.55,16116.0,United Kingdom
545864,84879,ASSORTED COLOUR BIRD ORNAMENT,48,2/24/2011 10:23,1.69,16116.0,United Kingdom
545864,22748,POPPY'S PLAYHOUSE KITCHEN,4,2/24/2011 10:23,2.1,16116.0,United Kingdom
545864,84969,BOX OF 6 ASSORTED COLOUR TEASPOONS,2,2/24/2011 10:23,4.25,16116.0,United Kingdom
545942,22960,JAM MAKING SET WITH JARS,1,2/24/2011 18:25,4.25,16449.0,United Kingdom
545942,20725,LUNCH BAG RED RETROSPOT,8,2/24/2011 18:25,1.65,16449.0,United Kingdom
545942,22752,SET 7 BABUSHKA NESTING BOXES,24,2/24/2011 18:25,7.65,16449.0,United Kingdom
545942,22752,SET 7 BABUSHKA NESTING BOXES,3,2/24/2011 18:25,7.65,16449.0,United Kingdom
545942,22197,SMALL POPCORN HOLDER,12,2/24/2011 18:25,0.85,16449.0,United Kingdom
545942,21730,GLASS STAR FROSTED T-LIGHT HOLDER,6,2/24/2011 18:25,4.25,16449.0,United Kingdom
545942,22423,REGENCY CAKESTAND 3 TIER,3,2/24/2011 18:25,12.75,16449.0,United Kingdom
545942,22748,POPPY'S PLAYHOUSE KITCHEN,1,2/24/2011 18:25,2.1,16449.0,United Kingdom
545942,71053,WHITE METAL LANTERN,1,2/24/2011 18:25,3.39,16449.0,United Kingdom
545942,22960,JAM MAKING SET WITH JARS,48,2/24/2011 18:25,4.25,16449.0,United Kingdom
545942,22720,SET OF 3 CAKE TINS PANTRY DESIGN,6,2/24/2011 18:25,4.95,16449.0,United Kingdom
545942,21730,GLASS STAR FROSTED T-LIGHT HOLDER,6,2/24/2011 18:25,4.25,16449.0,United Kingdom
545942,84879,ASSORTED COLOUR BIRD ORNAMENT,24,2/24/2011 18:25,1.69,16449.0,United Kingdom
545942,22197,SMALL POPCORN HOLDER,8,2/24/2011 18:25,0.85,16449.0,United Kingdom
545942,22310,IVORY KNITTED MUG COSY,8,2/24/2011 18:25,1.65,16449.0,United Kingdom
545942,21212,PACK OF 72 RETROSPOT CAKE CASES,48,2/24/2011 18:25,0.55,16449.0,United Kingdom
545942,22748,POPPY'S PLAYHOUSE KITCHEN,6,2/24/2011 18:25,2.1,16449.0,United Kingdom
545942,22632,HAND WARMER RED POLKA DOT,12,2/24/2011 18:25,1.85,16449.0,United Kingdom
545942,85099B,JUMBO BAG RED RETROSPOT,24,2/24/2011 18:25,1.95,16449.0,United Kingdom
545942,22197,SMALL POPCORN HOLDER,48,2/24/2011 18:25,0.85,16449.0,United Kingdom
545942,84029E,RED WOOLLY HOTTIE WHITE HEART.,3,2/24/2011 18:25,3.39,16449.0,United Kingdom
546021,22632,HAND WARMER RED POLKA DOT,4,2/25/2011 10:43,1.85,12889.0,United Kingdom
546021,21730,GLASS STAR FROSTED T-LIGHT HOLDER,2,2/25/2011 10:43,4.25,12889.0,United Kingdom
546021,22310,IVORY KNITTED MUG COSY,8,2/25/2011 10:43,1.65,12889.0,United Kingdom
546021,21754,HOME BUILDING BLOCK WORD,12,2/25/2011 10:43,5.95,12889.0,United Kingdom
546021,23084,RABBIT NIGHT LIGHT,4,2/25/2011 10:43,2.08,12889.0,United Kingdom
546021,22632,HAND WARMER RED POLKA DOT,12,2/25/2011 10:43,1.85,12889.0,United Kingdom
546021,21212,PACK OF 72 RETROSPOT CAKE CASES,48,2/25/2011 10:43,0.55,12889.0,United Kingdom
546021,85123A,WHITE HANGING HEART T-LIGHT HOLDER,8,2/25/2011 10:43,2.55,12889.0,United Kingdom
546021,22913,RED COAT RACK PARIS FASHION,6,2/25/2011 10:43,4.95,12889.0,United Kingdom
546021,22960,JAM MAKING SET WITH JARS,3,2/25/2011 10:43,4.25,12889.0,United Kingdom
546021,22748,POPPY'S PLAYHOUSE KITCHEN,6,2/25/2011 10:43,2.1,12889.0,United Kingdom
546021,22748,POPPY'S PLAYHOUSE KITCHEN,24,2/25/2011 10:43,2.1,12889.0,United Kingdom
546021,22423,REGENCY CAKESTAND 3 TIER,12,2/25/2011 10:43,12.75,12889.0,United Kingdom
546021,22613,PACK OF 20 SPACEBOY NAPKINS,2,2/25/2011 10:43,0.85,12889.0,United Kingdom
546021,21755,LOVE BUILDING BLOCK WORD,12,2/25/2011 10:43,5.95,12889.0,United Kingdom
546021,84029E,RED WOOLLY HOTTIE WHITE HEART.,1,2/25/2011 10:43,3.39,12889.0,United Kingdom
546021,84029G,KNITTED UNION FLAG HOT WATER BOTTLE,4,2/25/2011 10:43,3.39,12889.0,United Kingdom
546021,21755,LOVE BUILDING BLOCK WORD,1,2/25/2011 10:43,5.95,12889.0,United Kingdom
546021,21754,HOME BUILDING BLOCK WORD,12,2/25/2011 10:43,5.95,12889.0,United Kingdom
C546076,71053,WHITE METAL LANTERN,-4,2/25/2011 14:24,3.39,17709.0,United Kingdom
C546076,22720,SET OF 3 CAKE TINS PANTRY DESIGN,-48,2/25/2011 14:24,4.95,17709.0,United Kingdom
C546076,84029E,RED WOOLLY HOTTIE WHITE HEART.,-12,2/25/2011 14:24,3.39,17709.0,United Kingdom
C546076,47566,PARTY BUNTING,-2,2/25/2011 14:24,4.95,17709.0,United Kingdom
C546076,21755,LOVE BUILDING BLOCK WORD,-6,2/25/2011 14:24,5.95,17709.0,United Kingdom
546121,21212,PACK OF 72 RETROSPOT CAKE CASES,24,2/26/2011 9:35,0.55,17983.0,United Kingdom
546121,20725,LUNCH BAG RED RETROSPOT,2,2/26/2011 9:35,1.65,17983.0,United Kingdom
546121,21755,LOVE BUILDING BLOCK WORD,24,2/26/2011 9:35,5.95,17983.0,United Kingdom
546121,22613,PACK OF 20 SPACEBOY NAPKINS,8,2/26/2011 9:35,0.85,17983.0,United Kingdom
546121,84029G,KNITTED UNION FLAG HOT WATER BOTTLE,24,2/26/2011 9:35,3.39,17983.0,United Kingdom
546121,22960,JAM MAKING SET WITH JARS,2,2/26/2011 9:35,4.25,17983.0,United Kingdom
546121,71053,WHITE METAL LANTERN,24,2/26/2011 9:35,3.39,17983.0,United Kingdom
546121,21730,GLASS STAR FROSTED T-LIGHT HOLDER,6,2/26/2011 9:35,4.25,17983.0,United Kingdom
546121,22632,HAND WARMER RED POLKA DOT,1,2/26/2011 9:35,1.85,17983.0,United Kingdom
546121,20725,LUNCH BAG RED RETROSPOT,6,2/26/2011 9:35,1.65,17983.0,United Kingdom
546121,22913,RED COAT RACK PARIS FASHION,2,2/26/2011 9:35,4.95,17983.0,United Kingdom
546121,21212,PACK OF 72 RETROSPOT CAKE CASES,4,2/26/2011 9:35,0.55,17983.0,United Kingdom
546121,71053,WHITE METAL LANTERN,48,2/26/2011 9:35,3.39,17983.0,United Kingdom
546121,22745,POPPY'S PLAYHOUSE BEDROOM,2,2/26/2011 9:35,2.1,17983.0,United Kingdom
546121,22720,SET OF 3 CAKE TINS PANTRY DESIGN,48,2/26/2011 9:35,4.95,17983.0,United Kingdom
546121,22310,IVORY KNITTED MUG COSY,2,2/26/2011 9:35,1.65,17983.0,United Kingdom
546121,22310,IVORY KNITTED MUG COSY,48,2/26/2011 9:35,1.65,17983.0,United Kingdom
546121,21730,GLASS STAR FROSTED T-LIGHT HOLDER,3,2/26/2011 9:35,4.25,17983.0,United Kingdom
546121,21755,LOVE BUILDING BLOCK WORD,4,2/26/2011 9:35,5.95,17983.0,United Kingdom
546121,84406B,CREAM CUPID HEARTS COAT HANGER,12,2/26/2011 9:35,2.75,17983.0,United Kingdom
546161,21755,LOVE BUILDING BLOCK WORD,24,2/26/2011 12:48,5.95,13367.0,United Kingdom
546161,85123A,WHITE HANGING HEART T-LIGHT HOLDER,3,2/26/2011 12:48,2.55,13367.0,United Kingdom
546161,22613,PACK OF 20 SPACEBOY NAPKINS,2,2/26/2011 12:48,0.85,13367.0,United Kingdom
546161,84406B,CREAM CUPID HEARTS COAT HANGER,6,2/26/2011 12:48,2.75,13367.0,United Kingdom
546161,21755,LOVE BUILDING BLOCK WORD,3,2/26/2011 12:48,5.95,13367.0,United Kingdom
546161,85099B,JUMBO BAG RED RETROSPOT,24,2/26/2011 12:48,1.95,13367.0,United Kingdom
546161,21754,HOME BUILDING BLOCK WORD,2,2/26/2011 12:48,5.95,13367.0,United Kingdom
546161,71053,WHITE METAL LANTERN,4,2/26/2011 12:48,3.39,13367.0,United Kingdom
546161,22613,PACK OF 20 SPACEBOY NAPKINS,8,2/26/2011 12:48,0.85,13367.0,United Kingdom
546161,22720,SET OF 3 CAKE TINS PANTRY DESIGN,3,2/26/2011 12:48,4.95,13367.0,United Kingdom
546161,22913,RED COAT RACK PARIS FASHION,4,2/26/2011 12:48,4.95,13367.0,United Kingdom
546161,22197,SMALL POPCORN HOLDER,6,2/26/2011 12:48,0.85,13367.0,United Kingdom
546161,47566,PARTY BUNTING,3,2/26/2011 12:48,4.95,13367.0,United Kingdom
546161,85123A,WHITE HANGING HEART T-LIGHT HOLDER,2,2/26/2011 12:48,2.55,13367.0,United Kingdom
546161,84879,ASSORTED COLOUR BIRD ORNAMENT,6,2/26/2011 12:48,1.69,13367.0,United Kingdom
546161,22310,IVORY KNITTED MUG COSY,24,2/26/2011 12:48,1.65,13367.0,United Kingdom
546161,22752,SET 7 BABUSHKA NESTING BOXES,8,2/26/2011 12:48,7.65,13367.0,United Kingdom
546235,85123A,WHITE HANGING HEART T-LIGHT HOLDER,2,2/27/2011 10:44,2.55,12804.0,United Kingdom
546235,22197,SMALL POPCORN HOLDER,2,2/27/2011 10:44,0.85,12804.0,United Kingdom
546235,22310,IVORY KNITTED MUG COSY,2,2/27/2011 10:44,1.65,12804.0,United Kingdom
546235,22745,POPPY'S PLAYHOUSE BEDROOM,24,2/27/2011 10:44,2.1,12804.0,United Kingdom
546235,21212,PACK OF 72 RETROSPOT CAKE CASES,6,2/27/2011 10:44,0.55,12804.0,United Kingdom
546235,84029E,RED WOOLLY HOTTIE WHITE HEART.,24,2/27/2011 10:44,3.39,12804.0,United Kingdom
546235,22745,POPPY'S PLAYHOUSE BEDROOM,4,2/27/2011 10:44,2.1,12804.0,United Kingdom
546235,48187,DOORMAT NEW ENGLAND,48,2/27/2011 10:44,7.95,12804.0,United Kingdom
546235,21777,RECIPE BOX WITH METAL HEART,48,2/27/2011 10:44,7.95,12804.0,United Kingdom
546235,48187,DOORMAT NEW ENGLAND,8,2/27/2011 10:44,7.95,12804.0,United Kingdom
546235,21730,GLASS STAR FROSTED T-LIGHT HOLDER,4,2/27/2011 10:44,4.25,12804.0,United Kingdom
546235,48187,DOORMAT NEW ENGLAND,4,2/27/2011 10:44,7.95,12804.0,United Kingdom
546235,85099B,JUMBO BAG RED RETROSPOT,8,2/27/2011 10:44,1.95,12804.0,United Kingdom
546235,47566,PARTY BUNTING,24,2/27/2011 10:44,4.95,12804.0,United Kingdom
546296,22745,POPPY'S PLAYHOUSE BEDROOM,8,2/28/2011 8:43,2.1,17098.0,United Kingdom
546296,48187,DOORMAT NEW ENGLAND,4,2/28/2011 8:43,7.95,17098.0,United Kingdom
546296,21212,PACK OF 72 RETROSPOT CAKE CASES,2,2/28/2011 8:43,0.55,17098.0,United Kingdom
546296,22613,PACK OF 20 SPACEBOY NAPKINS,48,2/28/2011 8:43,0.85,17098.0,United Kingdom
546296,20725,LUNCH BAG RED RETROSPOT,2,2/28/2011 8:43,1.65,17098.0,United Kingdom
546296,47566,PARTY BUNTING,12,2/28/2011 8:43,4.95,17098.0,United Kingdom
546296,84879,ASSORTED COLOUR BIRD ORNAMENT,8,2/28/2011 8:43,1.69,17098.0,United Kingdom
546296,23084,RABBIT NIGHT LIGHT,8,2/28/2011 8:43,2.08,17098.0,United Kingdom
546296,71053,WHITE METAL LANTERN,24,2/28/2011 8:43,3.39,17098.0,United Kingdom
546296,22633,HAND WARMER UNION JACK,4,2/28/2011 8:43,1.85,17098.0,United Kingdom
546296,22423,REGENCY CAKESTAND 3 TIER,4,2/28/2011 8:43,12.75,17098.0,United Kingdom
546296,22748,POPPY'S PLAYHOUSE KITCHEN,48,2/28/2011 8:43,2.1,17098.0,United Kingdom
546296,84406B,CREAM CUPID HEARTS COAT HANGER,24,2/28/2011 8:43,2.75,17098.0,United Kingdom
546296,22632,HAND WARMER RED POLKA DOT,2,2/28/2011 8:43,1.85,17098.0,United Kingdom
546296,22913,RED COAT RACK PARIS FASHION,8,2/28/2011 8:43,4.95,17098.0,United Kingdom
546296,71053,WHITE METAL LANTERN,6,2/28/2011 8:43,3.39,17098.0,United Kingdom
546296,22197,SMALL POPCORN HOLDER,4,2/28/2011 8:43,0.85,17098.0,United Kingdom
546296,22633,HAND WARMER UNION JACK,3,2/28/2011 8:43,1.85,17098.0,United Kingdom
546296,21730,GLASS STAR FROSTED T-LIGHT HOLDER,8,2/28/2011 8:43,4.25,17098.0,United Kingdom
546296,85123A,WHITE HANGING HEART T-LIGHT HOLDER,3,2/28/2011 8:43,2.55,17098.0,United Kingdom
546296,22197,SMALL POPCORN HOLDER,2,2/28/2011 8:43,0.85,17098.0,United Kingdom
546296,21777,RECIPE BOX WITH METAL HEART,4,2/28/2011 8:43,7.95,17098.0,United Kingdom
546296,48187,DOORMAT NEW ENGLAND,4,2/28/2011 8:43,7.95,17098.0,United Kingdom
546296,22960,JAM MAKING SET WITH JARS,6,2/28/2011 8:43,4.25,17098.0,United Kingdom
546349,48187,DOORMAT NEW ENGLAND,48,2/28/2011 15:15,7.95,15068.0,United Kingdom
546349,22960,JAM MAKING SET WITH JARS,4,2/28/2011 15:15,4.25,15068.0,United Kingdom
546349,48187,DOORMAT NEW ENGLAND,1,2/28/2011 15:15,7.95,15068.0,United Kingdom
546349,84969,BOX OF 6 ASSORTED COLOUR TEASPOONS,48,2/28/2011 15:15,4.25,15068.0,United Kingdom
546349,22632,HAND WARMER RED POLKA DOT,3,2/28/2011 15:15,1.85,15068.0,United Kingdom
546349,22197,SMALL POPCORN HOLDER,3,2/28/2011 15:15,0.85,15068.0,United Kingdom
546349,48187,DOORMAT NEW ENGLAND,12,2/28/2011 15:15,7.95,15068.0,United Kingdom
546349,21777,RECIPE BOX WITH METAL HEART,2,2/28/2011 15:15,7.95,15068.0,United Kingdom
546349,21754,HOME BUILDING BLOCK WORD,8,2/28/2011 15:15,5.95,15068.0,United Kingdom
546349,22748,POPPY'S PLAYHOUSE KITCHEN,48,2/28/2011 15:15,2.1,15068.0,United Kingdom
546349,21754,HOME BUILDING BLOCK WORD,3,2/28/2011 15:15,5.95,15068.0,United Kingdom
546349,22752,SET 7 BABUSHKA NESTING BOXES,48,2/28/2011 15:15,7.65,15068.0,United Kingdom
546349,84029E,RED WOOLLY HOTTIE WHITE HEART.,2,2/28/2011 15:15,3.39,15068.0,United Kingdom
546349,22745,POPPY'S PLAYHOUSE BEDROOM,3,2/28/2011 15:15,2.1,15068.0,United Kingdom
546349,21777,RECIPE BOX WITH METAL HEART,4,2/28/2011 15:15,7.95,15068.0,United Kingdom
546349,21777,RECIPE BOX WITH METAL HEART,12,2/28/2011 15:15,7.95,15068.0,United Kingdom
546413,22752,SET 7 BABUSHKA NESTING BOXES,8,3/1/2011 11:16,7.65,13230.0,United Kingdom
546413,21755,LOVE BUILDING BLOCK WORD,24,3/1/2011 11:16,5.95,13230.0,United Kingdom
546413,21777,RECIPE BOX WITH METAL HEART,12,3/1/2011 11:16,7.95,13230.0,United Kingdom
546468,22960,JAM MAKING SET WITH JARS,3,3/1/2011 16:48,4.25,14714.0,United Kingdom
546468,22745,POPPY'S PLAYHOUSE BEDROOM,8,3/1/2011 16:48,2.1,14714.0,United Kingdom
546468,22720,SET OF 3 CAKE TINS PANTRY DESIGN,4,3/1/2011 16:48,4.95,14714.0,United Kingdom
546468,85099B,JUMBO BAG RED RETROSPOT,24,3/1/2011 16:48,1.95,14714.0,United Kingdom
546468,84879,ASSORTED COLOUR BIRD ORNAMENT,12,3/1/2011 16:48,1.69,14714.0,United Kingdom
546468,21777,RECIPE BOX WITH METAL HEART,2,3/1/2011 16:48,7.95,14714.0,United Kingdom
546468,84406B,CREAM CUPID HEARTS COAT HANGER,2,3/1/2011 16:48,2.75,14714.0,United Kingdom
546468,22423,REGENCY CAKESTAND 3 TIER,4,3/1/2011 16:48,12.75,14714.0,United Kingdom
546468,22423,REGENCY CAKESTAND 3 TIER,2,3/1/2011 16:48,12.75,14714.0,United Kingdom
546468,22913,RED COAT RACK PARIS FASHION,12,3/1/2011 16:48,4.95,14714.0,United Kingdom
546468,21212,PACK OF 72 RETROSPOT CAKE CASES,4,3/1/2011 16:48,0.55,14714.0,United Kingdom
546468,84969,BOX OF 6 ASSORTED COLOUR TEASPOONS,2,3/1/2011 16:48,4.25,14714.0,United Kingdom
546468,84879,ASSORTED COLOUR BIRD ORNAMENT,12,3/1/2011 16:48,1.69,14714.0,United Kingdom
546468,84879,ASSORTED COLOUR BIRD ORNAMENT,4,3/1/2011 16:48,1.69,14714.0,United Kingdom
546468,48187,DOORMAT NEW ENGLAND,6,3/1/2011 16:48,7.95,14714.0,United Kingdom
546468,71053,WHITE METAL LANTERN,4,3/1/2011 16:48,3.39,14714.0,United Kingdom
546468,84969,BOX OF 6 ASSORTED COLOUR TEASPOONS,24,3/1/2011 16:48,4.25,14714.0,United Kingdom
546468,22632,HAND WARMER RED POLKA DOT,1,3/1/2011 16:48,1.85,14714.0,United Kingdom
546468,85099B,JUMBO BAG RED RETROSPOT,2,3/1/2011 16:48,1.95,14714.0,United Kingdom
546539,84879,ASSORTED COLOUR BIRD ORNAMENT,3,3/2/2011 9:08,1.69,,United Kingdom
546539,84406B,CREAM CUPID HEARTS COAT HANGER,3,3/2/2011 9:08,2.75,,United Kingdom
546539,84029G,KNITTED UNION FLAG HOT WATER BOTTLE,2,3/2/2011 9:08,3.39,,United Kingdom
546539,48187,DOORMAT NEW ENGLAND,24,3/2/2011 9:08,7.95,,United Kingdom
546539,20725,LUNCH BAG RED RETROSPOT,12,3/2/2011 9:08,1.65,,United Kingdom
546539,22960,JAM MAKING SET WITH JARS,6,3/2/2011 9:08,4.25,,United Kingdom
546539,22197,SMALL POPCORN HOLDER,4,3/2/2011 9:08,0.85,,United Kingdom
546539,22197,SMALL POPCORN HOLDER,2,3/2/2011 9:08,0.85,,United Kingdom
546539,85123A,WHITE HANGING HEART T-LIGHT HOLDER,4,3/2/2011 9:08,2.55,,United Kingdom
546539,22720,SET OF 3 CAKE TINS PANTRY DESIGN,1,3/2/2011 9:08,4.95,,United Kingdom
546581,22748,POPPY'S PLAYHOUSE KITCHEN,48,3/3/2011 9:40,2.1,18034.0,United Kingdom
546581,84029E,RED WOOLLY HOTTIE WHITE HEART.,24,3/3/2011 9:40,3.39,18034.0,United Kingdom
546581,84029E,RED WOOLLY HOTTIE WHITE HEART.,3,3/3/2011 9:40,3.39,18034.0,United Kingdom
546581,47566,PARTY BUNTING,48,3/3/2011 9:40,4.95,18034.0,United Kingdom
546581,21730,GLASS STAR FROSTED T-LIGHT HOLDER,2,3/3/2011 9:40,4.25,18034.0,United Kingdom
546581,71053,WHITE METAL LANTERN,1,3/3/2011 9:40,3.39,18034.0,United Kingdom
546581,48187,DOORMAT NEW ENGLAND,2,3/3/2011 9:40,7.95,18034.0,United Kingdom
546581,22633,HAND WARMER UNION JACK,1,3/3/2011 9:40,1.85,18034.0,United Kingdom
546581,22633,HAND WARMER UNION JACK,3,3/3/2011 9:40,1.85,18034.0,United Kingdom
546581,22748,POPPY'S PLAYHOUSE KITCHEN,1,3/3/2011 9:40,2.1,18034.0,United Kingdom
546581,22752,SET 7 BABUSHKA NESTING BOXES,3,3/3/2011 9:40,7.65,18034.0,United Kingdom
546581,22613,PACK OF 20 SPACEBOY NAPKINS,3,3/3/2011 9:40,0.85,18034.0,United Kingdom
546581,22720,SET OF 3 CAKE TINS PANTRY DESIGN,4,3/3/2011 9:40,4.95,18034.0,United Kingdom
546581,21755,LOVE BUILDING BLOCK WORD,24,3/3/2011 9:40,5.95,18034.0,United Kingdom
546581,22623,BOX OF VINTAGE JIGSAW BLOCKS,6,3/3/2011 9:40,4.95,18034.0,United Kingdom
546581,21755,LOVE BUILDING BLOCK WORD,12,3/3/2011 9:40,5.95,18034.0,United Kingdom
546581,20725,LUNCH BAG RED RETROSPOT,1,3/3/2011 9:40,1.65,18034.0,United Kingdom
546581,84029G,KNITTED UNION FLAG HOT WATER BOTTLE,12,3/3/2011 9:40,3.39,18034.0,United Kingdom
546581,21212,PACK OF 72 RETROSPOT CAKE CASES,12,3/3/2011 9:40,0.55,18034.0,United Kingdom
546581,22752,SET 7 BABUSHKA NESTING BOXES,2,3/3/2011 9:40,7.65,18034.0,United Kingdom
546581,84406B,CREAM CUPID HEARTS COAT HANGER,12,3/3/2011 9:40,2.75,18034.0,United Kingdom
546581,84879,ASSORTED COLOUR BIRD ORNAMENT,4,3/3/2011 9:40,1.69,18034.0,United Kingdom
546627,48187,DOORMAT NEW ENGLAND,8,3/3/2011 14:43,7.95,13985.0,United Kingdom
546627,71053,WHITE METAL LANTERN,2,3/3/2011 14:43,3.39,13985.0,United Kingdom
546627,71053,WHITE METAL LANTERN,12,3/3/2011 14:43,3.39,13985.0,United Kingdom
546627,22748,POPPY'S PLAYHOUSE KITCHEN,8,3/3/2011 14:43,2.1,13985.0,United Kingdom
546627,22632,HAND WARMER RED POLKA DOT,4,3/3/2011 14:43,1.85,13985.0,United Kingdom
546627,22623,BOX OF VINTAGE JIGSAW BLOCKS,6,3/3/2011 14:43,4.95,13985.0,United Kingdom
546627,22613,PACK OF 20 SPACEBOY NAPKINS,8,3/3/2011 14:43,0.85,13985.0,United Kingdom
546627,22623,BOX OF VINTAGE JIGSAW BLOCKS,24,3/3/2011 14:43,4.95,13985.0,United Kingdom
546627,84029G,KNITTED UNION FLAG HOT WATER BOTTLE,3,3/3/2011 14:43,3.39,13985.0,United Kingdom
546627,23084,RABBIT NIGHT LIGHT,24,3/3/2011 14:43,2.08,13985.0,United Kingdom
546627,84029G,KNITTED UNION FLAG HOT WATER BOTTLE,8,3/3/2011 14:43,3.39,13985.0,United Kingdom
546627,84969,BOX OF 6 ASSORTED COLOUR TEASPOONS,6,3/3/2011 14:43,4.25,13985.0,United Kingdom
546627,22197,SMALL POPCORN HOLDER,8,3/3/2011 14:43,0.85,13985.0,United Kingdom
546627,22423,REGENCY CAKESTAND 3 TIER,1,3/3/2011 14:43,12.75,13985.0,United Kingdom
546627,22752,SET 7 BABUSHKA NESTING BOXES,2,3/3/2011 14:43,7.65,13985.0,United Kingdom
546627,22623,BOX OF VINTAGE JIGSAW BLOCKS,1,3/3/2011 14:43,4.95,13985.0,United Kingdom
546705,22960,JAM MAKING SET WITH JARS,48,3/4/2011 8:05,4.25,15781.0,United Kingdom
546768,71053,WHITE METAL LANTERN,1,3/4/2011 12:14,3.39,14605.0,United Kingdom
546768,22748,POPPY'S PLAYHOUSE KITCHEN,48,3/4/2011 12:14,2.1,14605.0,United Kingdom
546768,48187,DOORMAT NEW ENGLAND,4,3/4/2011 12:14,7.95,14605.0,United Kingdom
546768,48187,DOORMAT NEW ENGLAND,1,3/4/2011 12:14,7.95,14605.0,United Kingdom
546768,71053,WHITE METAL LANTERN,4,3/4/2011 12:14,3.39,14605.0,United Kingdom
546768,84029G,KNITTED UNION FLAG HOT WATER BOTTLE,2,3/4/2011 12:14,3.39,14605.0,United Kingdom
546768,22720,SET OF 3 CAKE TINS PANTRY DESIGN,48,3/4/2011 12:14,4.95,14605.0,United Kingdom
546768,84029E,RED WOOLLY HOTTIE WHITE HEART.,3,3/4/2011 12:14,3.39,14605.0,United Kingdom
546768,47566,PARTY BUNTING,8,3/4/2011 12:14,4.95,14605.0,United Kingdom
546768,22632,HAND WARMER RED POLKA DOT,8,3/4/2011 12:14,1.85,14605.0,United Kingdom
546768,22423,REGENCY CAKESTAND 3 TIER,6,3/4/2011 12:14,12.75,14605.0,United Kingdom
546819,84879,ASSORTED COLOUR BIRD ORNAMENT,6,3/5/2011 10:18,1.69,,United Kingdom
546886,22720,SET OF 3 CAKE TINS PANTRY DESIGN,8,3/6/2011 8:00,4.95,18135.0,United Kingdom
546965,22310,IVORY KNITTED MUG COSY,1,3/6/2011 13:10,1.65,14358.0,EIRE
546965,21730,GLASS STAR FROSTED T-LIGHT HOLDER,1,3/6/2011 13:10,4.25,14358.0,EIRE
547022,48187,DOORMAT NEW ENGLAND,3,3/7/2011 9:56,7.95,,United Kingdom
547022,22623,BOX OF VINTAGE JIGSAW BLOCKS,4,3/7/2011 9:56,4.95,,United Kingdom
547022,48187,DOORMAT NEW ENGLAND,2,3/7/2011 9:56,7.95,,United Kingdom
547022,84969,BOX OF 6 ASSORTED COLOUR TEASPOONS,8,3/7/2011 9:56,4.25,,United Kingdom
547022,48187,DOORMAT NEW ENGLAND,12,3/7/2011 9:56,7.95,,United Kingdom
547022,22960,JAM MAKING SET WITH JARS,6,3/7/2011 9:56,4.25,,United Kingdom
547022,22960,JAM MAKING SET WITH JARS,3,3/7/2011 9:56,4.25,,United Kingdom
547022,22623,BOX OF VINTAGE JIGSAW BLOCKS,1,3/7/2011 9:56,4.95,,United Kingdom
547022,21212,PACK OF 72 RETROSPOT CAKE CASES,1,3/7/2011 9:56,0.55,,United Kingdom
547022,22613,PACK OF 20 SPACEBOY NAPKINS,1,3/7/2011 9:56,0.85,,United Kingdom
547022,22913,RED COAT RACK PARIS FASHION,48,3/7/2011 9:56,4.95,,United Kingdom
547022,22632,HAND WARMER RED POLKA DOT,48,3/7/2011 9:56,1.85,,United Kingdom
547022,22720,SET OF 3 CAKE TINS PANTRY DESIGN,12,3/7/2011 9:56,4.95,,United Kingdom
547022,22632,HAND WARMER RED POLKA DOT,3,3/7/2011 9:56,1.85,,United Kingdom
547022,22310,IVORY KNITTED MUG COSY,8,3/7/2011 9:56,1.65,,United Kingdom
547022,22960,JAM MAKING SET WITH JARS,4,3/7/2011 9:56,4.25,,United Kingdom
547022,21777,RECIPE BOX WITH METAL HEART,2,3/7/2011 9:56,7.95,,United Kingdom
547022,85123A,WHITE HANGING HEART T-LIGHT HOLDER,3,3/7/2011 9:56,2.55,,United Kingdom
547022,21754,HOME BUILDING BLOCK WORD,12,3/7/2011 9:56,5.95,,United Kingdom
547022,20725,LUNCH BAG RED RETROSPOT,48,3/7/2011 9:56,1.65,,United Kingdom
547022,21212,PACK OF 72 RETROSPOT CAKE CASES,2,3/7/2011 9:56,0.55,,United Kingdom
547022,84406B,CREAM CUPID HEARTS COAT HANGER,4,3/7/2011 9:56,2.75,,United Kingdom
547022,22913,RED COAT RACK PARIS FASHION,12,3/7/2011 9:56,4.95,,United Kingdom
547022,84029E,RED WOOLLY HOTTIE WHITE HEART.,1,3/7/2011 9:56,3.39,,United Kingdom
547095,22633,HAND WARMER UNION JACK,24,3/7/2011 17:59,1.85,,United Kingdom
547095,84879,ASSORTED COLOUR BIRD ORNAMENT,48,3/7/2011 17:59,1.69,,United Kingdom
547095,21212,PACK OF 72 RETROSPOT CAKE CASES,1,3/7/2011 17:59,0.55,,United Kingdom
547095,22423,REGENCY CAKESTAND 3 TIER,12,3/7/2011 17:59,12.75,,United Kingdom
547095,84029E,,12,3/7/2011 17:59,3.39,,United Kingdom
547095,22960,JAM MAKING SET WITH JARS,3,3/7/2011 17:59,4.25,,United Kingdom
547095,22745,POPPY'S PLAYHOUSE BEDROOM,6,3/7/2011 17:59,2.1,,United Kingdom
547156,22632,HAND WARMER RED POLKA DOT,12,3/8/2011 9:33,1.85,17058.0,United Kingdom
547156,22632,HAND WARMER RED POLKA DOT,1,3/8/2011 9:33,1.85,17058.0,United Kingdom
547156,22720,SET OF 3 CAKE TINS PANTRY DESIGN,2,3/8/2011 9:33,4.95,17058.0,United Kingdom
547156,22752,SET 7 BABUSHKA NESTING BOXES,6,3/8/2011 9:33,7.65,17058.0,United Kingdom
547156,85099B,JUMBO BAG RED RETROSPOT,1,3/8/2011 9:33,1.95,17058.0,United Kingdom
547156,84029G,KNITTED UNION FLAG HOT WATER BOTTLE,48,3/8/2011 9:33,3.39,17058.0,United Kingdom
547156,22960,JAM MAKING SET WITH JARS,24,3/8/2011 9:33,4.25,17058.0,United Kingdom
547156,84406B,CREAM CUPID HEARTS COAT HANGER,12,3/8/2011 9:33,2.75,17058.0,United Kingdom
547156,21754,HOME BUILDING BLOCK WORD,24,3/8/2011 9:33,5.95,17058.0,United Kingdom
547156,84969,BOX OF 6 ASSORTED COLOUR TEASPOONS,6,3/8/2011 9:33,4.25,17058.0,United Kingdom
547156,22423,REGENCY CAKESTAND 3 TIER,12,3/8/2011 9:33,12.75,17058.0,United Kingdom
547156,22632,HAND WARMER RED POLKA DOT,24,3/8/2011 9:33,1.85,17058.0,United Kingdom
547156,22960,JAM MAKING SET WITH JARS,48,3/8/2011 9:33,4.25,17058.0,United Kingdom
547156,84969,BOX OF 6 ASSORTED COLOUR TEASPOONS,24,3/8/2011 9:33,4.25,17058.0,United Kingdom
547156,84406B,CREAM CUPID HEARTS COAT HANGER,1,3/8/2011 9:33,2.75,17058.0,United Kingdom
547156,23084,RABBIT NIGHT LIGHT,12,3/8/2011 9:33,2.08,17058.0,United Kingdom
547156,20725,LUNCH BAG RED RETROSPOT,6,3/8/2011 9:33,1.65,17058.0,United Kingdom
547156,22748,POPPY'S PLAYHOUSE KITCHEN,2,3/8/2011 9:33,2.1,17058.0,United Kingdom
547156,84406B,CREAM CUPID HEARTS COAT HANGER,1,3/8/2011 9:33,2.75,17058.0,United Kingdom
547213,22632,HAND WARMER RED POLKA DOT,12,3/8/2011 16:22,1.85,14793.0,United Kingdom
547213,22960,JAM MAKING SET WITH JARS,12,3/8/2011 16:22,4.25,14793.0,United Kingdom
547213,22310,IVORY KNITTED MUG COSY,4,3/8/2011 16:22,1.65,14793.0,United Kingdom
547213,22633,HAND WARMER UNION JACK,8,3/8/2011 16:22,1.85,14793.0,United Kingdom
547213,20725,LUNCH BAG RED RETROSPOT,1,3/8/2011 16:22,1.65,14793.0,United Kingdom
547213,21777,RECIPE BOX WITH METAL HEART,48,3/8/2011 16:22,7.95,14793.0,United Kingdom
547213,20725,LUNCH BAG RED RETROSPOT,8,3/8/2011 16:22,1.65,14793.0,United Kingdom
547213,22745,POPPY'S PLAYHOUSE BEDROOM,48,3/8/2011 16:22,2.1,14793.0,United Kingdom
547292,85099B,JUMBO BAG RED RETROSPOT,24,3/9/2011 8:05,1.95,,United Kingdom
547292,71053,WHITE METAL LANTERN,48,3/9/2011 8:05,3.39,,United Kingdom
547292,84879,ASSORTED COLOUR BIRD ORNAMENT,2,3/9/2011 8:05,1.69,,United Kingdom
547292,84029G,KNITTED UNION FLAG HOT WATER BOTTLE,6,3/9/2011 8:05,3.39,,United Kingdom
547292,23084,RABBIT NIGHT LIGHT,48,3/9/2011 8:05,2.08,,United Kingdom
547292,20725,LUNCH BAG RED RETROSPOT,1,3/9/2011 8:05,1.65,,United Kingdom
547349,22197,SMALL POPCORN HOLDER,8,3/9/2011 16:33,0.85,14640.0,United Kingdom
547349,85123A,WHITE HANGING HEART T-LIGHT HOLDER,6,3/9/2011 16:33,2.55,14640.0,United Kingdom
547349,22633,HAND WARMER UNION JACK,24,3/9/2011 16:33,1.85,14640.0,United Kingdom
547349,22310,IVORY KNITTED MUG COSY,4,3/9/2011 16:33,1.65,14640.0,United Kingdom
547349,84029E,RED WOOLLY HOTTIE WHITE HEART.,1,3/9/2011 16:33,3.39,14640.0,United Kingdom
547349,21212,PACK OF 72 RETROSPOT CAKE CASES,3,3/9/2011 16:33,0.55,14640.0,United Kingdom
547349,21754,HOME BUILDING BLOCK WORD,4,3/9/2011 16:33,5.95,14640.0,United Kingdom
547349,22720,SET OF 3 CAKE TINS PANTRY DESIGN,24,3/9/2011 16:33,4.95,14640.0,United Kingdom
547349,22960,JAM MAKING SET WITH JARS,48,3/9/2011 16:33,4.25,14640.0,United Kingdom
547349,22613,PACK OF 20 SPACEBOY NAPKINS,6,3/9/2011 16:33,0.85,14640.0,United Kingdom
547349,22913,RED COAT RACK PARIS FASHION,2,3/9/2011 16:33,4.95,14640.0,United Kingdom
547349,22623,BOX OF VINTAGE JIGSAW BLOCKS,8,3/9/2011 16:33,4.95,14640.0,United Kingdom
547349,71053,WHITE METAL LANTERN,48,3/9/2011 16:33,3.39,14640.0,United Kingdom
547349,48187,DOORMAT NEW ENGLAND,48,3/9/2011 16:33,7.95,14640.0,United Kingdom
547349,84969,BOX OF 6 ASSORTED COLOUR TEASPOONS,2,3/9/2011 16:33,4.25,14640.0,United Kingdom
547349,21754,HOME BUILDING BLOCK WORD,24,3/9/2011 16:33,5.95,14640.0,United Kingdom
547349,22310,IVORY KNITTED MUG COSY,4,3/9/2011 16:33,1.65,14640.0,United Kingdom
547417,22745,POPPY'S PLAYHOUSE BEDROOM,8,3/10/2011 11:15,2.1,12763.0,United Kingdom
547417,23084,RABBIT NIGHT LIGHT,2,3/10/2011 11:15,2.08,12763.0,United Kingdom
547417,84969,BOX OF 6 ASSORTED COLOUR TEASPOONS,3,3/10/2011 11:15,4.25,12763.0,United Kingdom
547417,71053,WHITE METAL LANTERN,48,3/10/2011 11:15,3.39,12763.0,United Kingdom
547417,22752,SET 7 BABUSHKA NESTING BOXES,2,3/10/2011 11:15,7.65,12763.0,United Kingdom
547417,22613,PACK OF 20 SPACEBOY NAPKINS,48,3/10/2011 11:15,0.85,12763.0,United Kingdom
547417,47566,PARTY BUNTING,8,3/10/2011 11:15,4.95,12763.0,United Kingdom
547417,22960,JAM MAKING SET WITH JARS,3,3/10/2011 11:15,4.25,12763.0,United Kingdom
547417,22197,SMALL POPCORN HOLDER,48,3/10/2011 11:15,0.85,12763.0,United Kingdom
547417,84406B,CREAM CUPID HEARTS COAT HANGER,24,3/10/2011 11:15,2.75,12763.0,United Kingdom
547417,22623,BOX OF VINTAGE JIGSAW BLOCKS,24,3/10/2011 11:15,4.95,12763.0,United Kingdom
547463,22423,REGENCY CAKESTAND 3 TIER,12,3/10/2011 14:12,12.75,,United Kingdom
547463,21730,GLASS STAR FROSTED T-LIGHT HOLDER,8,3/10/2011 14:12,4.25,,United Kingdom
547463,22423,REGENCY CAKESTAND 3 TIER,2,3/10/2011 14:12,12.75,,United Kingdom
547463,85123A,WHITE HANGING HEART T-LIGHT HOLDER,3,3/10/2011 14:12,2.55,,United Kingdom
547463,48187,DOORMAT NEW ENGLAND,48,3/10/2011 14:12,7.95,,United Kingdom
547463,22720,SET OF 3 CAKE TINS PANTRY DESIGN,3,3/10/2011 14:12,4.95,,United Kingdom
547463,22423,REGENCY CAKESTAND 3 TIER,8,3/10/2011 14:12,12.75,,United Kingdom
547463,84406B,CREAM CUPID HEARTS COAT HANGER,48,3/10/2011 14:12,2.75,,United Kingdom
547463,20725,,4,3/10/2011 14:12,1.65,,United Kingdom
547463,84029E,RED WOOLLY HOTTIE WHITE HEART.,48,3/10/2011 14:12,3.39,,United Kingdom
547463,22197,SMALL POPCORN HOLDER,3,3/10/2011 14:12,0.85,,United Kingdom
547463,48187,DOORMAT NEW ENGLAND,4,3/10/2011 14:12,7.95,,United Kingdom
547463,22748,POPPY'S PLAYHOUSE KITCHEN,48,3/10/2011 14:12,2.1,,United Kingdom
547463,85123A,WHITE HANGING HEART T-LIGHT HOLDER,8,3/10/2011 14:12,2.55,,United Kingdom
547463,22613,PACK OF 20 SPACEBOY NAPKINS,2,3/10/2011 14:12,0.85,,United Kingdom
547463,22748,POPPY'S PLAYHOUSE KITCHEN,48,3/10/2011 14:12,2.1,,United Kingdom
547463,22745,POPPY'S PLAYHOUSE BEDROOM,8,3/10/2011 14:12,2.1,,United Kingdom
547463,84406B,CREAM CUPID HEARTS COAT HANGER,24,3/10/2011 14:12,2.75,,United Kingdom
547463,48187,DOORMAT NEW ENGLAND,12,3/10/2011 14:12,7.95,,United Kingdom
547463,22960,JAM MAKING SET WITH JARS,2,3/10/2011 14:12,4.25,,United Kingdom
547536,22310,IVORY KNITTED MUG COSY,12,3/10/2011 19:17,1.65,17395.0,United Kingdom
547536,22913,RED COAT RACK PARIS FASHION,6,3/10/2011 19:17,4.95,17395.0,United Kingdom
547536,21730,GLASS STAR FROSTED T-LIGHT HOLDER,1,3/10/2011 19:17,4.25,17395.0,United Kingdom
547536,22720,SET OF 3 CAKE TINS PANTRY DESIGN,3,3/10/2011 19:17,4.95,17395.0,United Kingdom
547584,22423,REGENCY CAKESTAND 3 TIER,48,3/11/2011 9:34,12.75,15606.0,United Kingdom
547584,22623,BOX OF VINTAGE JIGSAW BLOCKS,6,3/11/2011 9:34,4.95,15606.0,United Kingdom
547584,48187,DOORMAT NEW ENGLAND,3,3/11/2011 9:34,7.95,15606.0,United Kingdom
547584,22623,BOX OF VINTAGE JIGSAW BLOCKS,6,3/11/2011 9:34,4.95,15606.0,United Kingdom
547584,21212,PACK OF 72 RETROSPOT CAKE CASES,3,3/11/2011 9:34,0.55,15606.0,United Kingdom
547653,22310,IVORY KNITTED MUG COSY,48,3/11/2011 13:15,1.65,17992.0,United Kingdom
547653,22310,IVORY KNITTED MUG COSY,3,3/11/2011 13:15,1.65,17992.0,United Kingdom
547653,22623,BOX OF VINTAGE JIGSAW BLOCKS,8,3/11/2011 13:15,4.95,17992.0,United Kingdom
547653,22423,REGENCY CAKESTAND 3 TIER,3,3/11/2011 13:15,12.75,17992.0,United Kingdom
547653,22623,BOX OF VINTAGE JIGSAW BLOCKS,3,3/11/2011 13:15,4.95,17992.0,United Kingdom
547653,84029E,RED WOOLLY HOTTIE WHITE HEART.,6,3/11/2011 13:15,3.39,17992.0,United Kingdom
547653,48187,DOORMAT NEW ENGLAND,8,3/11/2011 13:15,7.95,17992.0,United Kingdom
547653,23084,RABBIT NIGHT LIGHT,4,3/11/2011 13:15,2.08,17992.0,United Kingdom
547653,22633,HAND WARMER UNION JACK,1,3/11/2011 13:15,1.85,17992.0,United Kingdom
547653,85099B,JUMBO BAG RED RETROSPOT,3,3/11/2011 13:15,1.95,17992.0,United Kingdom
547698,22913,RED COAT RACK PARIS FASHION,48,3/11/2011 18:42,4.95,12735.0,United Kingdom
547698,22913,RED COAT RACK PARIS FASHION,6,3/11/2011 18:42,4.95,12735.0,United Kingdom
547698,22913,RED COAT RACK PARIS FASHION,12,3/11/2011 18:42,4.95,12735.0,United Kingdom
547698,84029G,KNITTED UNION FLAG HOT WATER BOTTLE,12,3/11/2011 18:42,3.39,12735.0,United Kingdom
547698,22632,HAND WARMER RED POLKA DOT,4,3/11/2011 18:42,1.85,12735.0,United Kingdom
547698,22720,SET OF 3 CAKE TINS PANTRY DESIGN,12,3/11/2011 18:42,4.95,12735.0,United Kingdom
547698,22423,REGENCY CAKESTAND 3 TIER,48,3/11/2011 18:42,12.75,12735.0,United Kingdom
547698,22423,REGENCY CAKESTAND 3 TIER,8,3/11/2011 18:42,12.75,12735.0,United Kingdom
547698,22745,POPPY'S PLAYHOUSE BEDROOM,24,3/11/2011 18:42,2.1,12735.0,United Kingdom
547698,22623,BOX OF VINTAGE JIGSAW BLOCKS,3,3/11/2011 18:42,4.95,12735.0,United Kingdom
547698,22720,SET OF 3 CAKE TINS PANTRY DESIGN,4,3/11/2011 18:42,4.95,12735.0,United Kingdom
547698,22720,SET OF 3 CAKE TINS PANTRY DESIGN,24,3/11/2011 18:42,4.95,12735.0,United Kingdom
547698,84029G,KNITTED UNION FLAG HOT WATER BOTTLE,48,3/11/2011 18:42,3.39,12735.0,United Kingdom
547698,84029G,KNITTED UNION FLAG HOT WATER BOTTLE,24,3/11/2011 18:42,3.39,12735.0,United Kingdom
547755,22613,PACK OF 20 SPACEBOY NAPKINS,48,3/12/2011 11:18,0.85,16477.0,United Kingdom
547755,84029E,RED WOOLLY HOTTIE WHITE HEART.,6,3/12/2011 11:18,3.39,16477.0,United Kingdom
547755,47566,PARTY BUNTING,48,3/12/2011 11:18,4.95,16477.0,United Kingdom
547755,71053,WHITE METAL LANTERN,4,3/12/2011 11:18,3.39,16477.0,United Kingdom
547755,84879,ASSORTED COLOUR BIRD ORNAMENT,6,3/12/2011 11:18,1.69,16477.0,United Kingdom
547755,48187,DOORMAT NEW ENGLAND,12,3/12/2011 11:18,7.95,16477.0,United Kingdom
547826,71053,WHITE METAL LANTERN,6,3/12/2011 14:57,3.39,17217.0,United Kingdom
547826,48187,DOORMAT NEW ENGLAND,12,3/12/2011 14:57,7.95,17217.0,United Kingdom
547826,84029E,RED WOOLLY HOTTIE WHITE HEART.,8,3/12/2011 14:57,3.39,17217.0,United Kingdom
547826,47566,PARTY BUNTING,1,3/12/2011 14:57,4.95,17217.0,United Kingdom
547826,21754,HOME BUILDING BLOCK WORD,2,3/12/2011 14:57,5.95,17217.0,United Kingdom
547826,23084,RABBIT NIGHT LIGHT,24,3/12/2011 14:57,2.08,17217.0,United Kingdom
547826,21212,PACK OF 72 RETROSPOT CAKE CASES,6,3/12/2011 14:57,0.55,17217.0,United Kingdom
547826,84879,ASSORTED COLOUR BIRD ORNAMENT,24,3/12/2011 14:57,1.69,17217.0,United Kingdom
547826,21754,HOME BUILDING BLOCK WORD,3,3/12/2011 14:57,5.95,17217.0,United Kingdom
547826,22632,HAND WARMER RED POLKA DOT,8,3/12/2011 14:57,1.85,17217.0,United Kingdom
547826,21754,HOME BUILDING BLOCK WORD,12,3/12/2011 14:57,5.95,17217.0,United Kingdom
547826,22310,IVORY KNITTED MUG COSY,48,3/12/2011 14:57,1.65,17217.0,United Kingdom
547826,47566,PARTY BUNTING,3,3/12/2011 14:57,4.95,17217.0,United Kingdom
547826,84969,BOX OF 6 ASSORTED COLOUR TEASPOONS,24,3/12/2011 14:57,4.25,17217.0,United Kingdom
547826,20725,LUNCH BAG RED RETROSPOT,2,3/12/2011 14:57,1.65,17217.0,United Kingdom
547826,22913,RED COAT RACK PARIS FASHION,6,3/12/2011 14:57,4.95,17217.0,United Kingdom
547826,22960,JAM MAKING SET WITH JARS,6,3/12/2011 14:57,4.25,17217.0,United Kingdom
547899,21777,RECIPE BOX WITH METAL HEART,24,3/12/2011 18:39,7.95,14138.0,United Kingdom
547899,71053,WHITE METAL LANTERN,4,3/12/2011 18:39,3.39,14138.0,United Kingdom
547899,84879,ASSORTED COLOUR BIRD ORNAMENT,2,3/12/2011 18:39,1.69,14138.0,United Kingdom
547899,20725,LUNCH BAG RED RETROSPOT,2,3/12/2011 18:39,1.65,14138.0,United Kingdom
547899,22197,SMALL POPCORN HOLDER,2,3/12/2011 18:39,0.85,14138.0,United Kingdom
547899,21212,PACK OF 72 RETROSPOT CAKE CASES,8,3/12/2011 18:39,0.55,14138.0,United Kingdom
547899,22423,REGENCY CAKESTAND 3 TIER,12,3/12/2011 18:39,12.75,14138.0,United Kingdom
547899,84969,BOX OF 6 ASSORTED COLOUR TEASPOONS,12,3/12/2011 18:39,4.25,14138.0,United Kingdom
547899,22745,POPPY'S PLAYHOUSE BEDROOM,12,3/12/2011 18:39,2.1,14138.0,United Kingdom
547899,22748,POPPY'S PLAYHOUSE KITCHEN,1,3/12/2011 18:39,2.1,14138.0,United Kingdom
547899,21777,RECIPE BOX WITH METAL HEART,48,3/12/2011 18:39,7.95,14138.0,United Kingdom
547959,22623,BOX OF VINTAGE JIGSAW BLOCKS,8,3/13/2011 10:37,4.95,,United Kingdom
547959,85099B,JUMBO BAG RED RETROSPOT,4,3/13/2011 10:37,1.95,,United Kingdom
547959,71053,WHITE METAL LANTERN,1,3/13/2011 10:37,3.39,,United Kingdom
547959,22613,PACK OF 20 SPACEBOY NAPKINS,12,3/13/2011 10:37,0.85,,United Kingdom
547959,22960,JAM MAKING SET WITH JARS,1,3/13/2011 10:37,4.25,,United Kingdom
547959,22745,POPPY'S PLAYHOUSE BEDROOM,24,3/13/2011 10:37,2.1,,United Kingdom
547959,84969,BOX OF 6 ASSORTED COLOUR TEASPOONS,2,3/13/2011 10:37,4.25,,United Kingdom
547959,22623,BOX OF VINTAGE JIGSAW BLOCKS,48,3/13/2011 10:37,4.95,,United Kingdom
547959,22623,BOX OF VINTAGE JIGSAW BLOCKS,1,3/13/2011 10:37,4.95,,United Kingdom
547959,22633,HAND WARMER UNION JACK,3,3/13/2011 10:37,1.85,,United Kingdom
547959,22913,RED COAT RACK PARIS FASHION,6,3/13/2011 10:37,4.95,,United Kingdom
547959,20725,LUNCH BAG RED RETROSPOT,8,3/13/2011 10:37,1.65,,United Kingdom
547959,48187,DOORMAT NEW ENGLAND,3,3/13/2011 10:37,7.95,,United Kingdom
547959,47566,PARTY BUNTING,24,3/13/2011 10:37,4.95,,United Kingdom
547959,85099B,JUMBO BAG RED RETROSPOT,48,3/13/2011 10:37,1.95,,United Kingdom
547959,22748,POPPY'S PLAYHOUSE KITCHEN,24,3/13/2011 10:37,2.1,,United Kingdom
547959,21777,RECIPE BOX WITH METAL HEART,2,3/13/2011 10:37,7.95,,United Kingdom
547959,71053,WHITE METAL LANTERN,24,3/13/2011 10:37,3.39,,United Kingdom
547959,84029E,RED WOOLLY HOTTIE WHITE HEART.,6,3/13/2011 10:37,3.39,,United Kingdom
C548028,47566,PARTY BUNTING,-3,3/13/2011 14:46,4.95,16075.0,United Kingdom
C548028,22745,POPPY'S PLAYHOUSE BEDROOM,-2,3/13/2011 14:46,2.1,16075.0,United Kingdom
548086,20725,LUNCH BAG RED RETROSPOT,24,3/14/2011 10:52,1.65,14860.0,Germany
548130,84029E,RED WOOLLY HOTTIE WHITE HEART.,6,3/15/2011 10:24,3.39,13704.0,United Kingdom
548130,22310,IVORY KNITTED MUG COSY,48,3/15/2011 10:24,1.65,13704.0,United Kingdom
548201,22745,POPPY'S PLAYHOUSE BEDROOM,6,3/15/2011 17:11,2.1,14915.0,United Kingdom
548201,22752,SET 7 BABUSHKA NESTING BOXES,12,3/15/2011 17:11,7.65,14915.0,United Kingdom
548201,22720,SET OF 3 CAKE TINS PANTRY DESIGN,4,3/15/2011 17:11,4.95,14915.0,United Kingdom
548201,84029E,RED WOOLLY HOTTIE WHITE HEART.,48,3/15/2011 17:11,3.39,14915.0,United Kingdom
548201,22613,PACK OF 20 SPACEBOY NAPKINS,2,3/15/2011 17:11,0.85,14915.0,United Kingdom
548201,22720,SET OF 3 CAKE TINS PANTRY DESIGN,1,3/15/2011 17:11,4.95,14915.0,United Kingdom
548201,21754,HOME BUILDING BLOCK WORD,48,3/15/2011 17:11,5.95,14915.0,United Kingdom
548201,22720,SET OF 3 CAKE TINS PANTRY DESIGN,48,3/15/2011 17:11,4.95,14915.0,United Kingdom
548201,20725,LUNCH BAG RED RETROSPOT,3,3/15/2011 17:11,1.65,14915.0,United Kingdom
548201,22720,SET OF 3 CAKE TINS PANTRY DESIGN,48,3/15/2011 17:11,4.95,14915.0,United Kingdom
548201,85123A,WHITE HANGING HEART T-LIGHT HOLDER,4,3/15/2011 17:11,2.55,14915.0,United Kingdom
548201,22720,SET OF 3 CAKE TINS PANTRY DESIGN,3,3/15/2011 17:11,4.95,14915.0,United Kingdom
548201,22960,JAM MAKING SET WITH JARS,3,3/15/2011 17:11,4.25,14915.0,United Kingdom
548201,21777,RECIPE BOX WITH METAL HEART,24,3/15/2011 17:11,7.95,14915.0,United Kingdom
548201,22613,PACK OF 20 SPACEBOY NAPKINS,8,3/15/2011 17:11,0.85,14915.0,United Kingdom
548201,21777,RECIPE BOX WITH METAL HEART,3,3/15/2011 17:11,7.95,14915.0,United Kingdom
548201,48187,DOORMAT NEW ENGLAND,12,3/15/2011 17:11,7.95,14915.0,United Kingdom
548201,22720,SET OF 3 CAKE TINS PANTRY DESIGN,1,3/15/2011 17:11,4.95,14915.0,United Kingdom
548255,22310,IVORY KNITTED MUG COSY,2,3/16/2011 11:01,1.65,,United Kingdom
548255,21730,GLASS STAR FROSTED T-LIGHT HOLDER,24,3/16/2011 11:01,4.25,,United Kingdom
548255,21730,GLASS STAR FROSTED T-LIGHT HOLDER,1,3/16/2011 11:01,4.25,,United Kingdom
548255,85099B,JUMBO BAG RED RETROSPOT,1,3/16/2011 11:01,1.95,,United Kingdom
548255,21755,,24,3/16/2011 11:01,5.95,,United Kingdom
548255,21777,RECIPE BOX WITH METAL HEART,3,3/16/2011 11:01,7.95,,United Kingdom
548255,85099B,JUMBO BAG RED RETROSPOT,3,3/16/2011 11:01,1.95,,United Kingdom
548255,23084,RABBIT NIGHT LIGHT,8,3/16/2011 11:01,2.08,,United Kingdom
548255,85099B,JUMBO BAG RED RETROSPOT,8,3/16/2011 11:01,1.95,,United Kingdom
548255,84879,ASSORTED COLOUR BIRD ORNAMENT,1,3/16/2011 11:01,1.69,,United Kingdom
548255,84406B,CREAM CUPID HEARTS COAT HANGER,8,3/16/2011 11:01,2.75,,United Kingdom
548255,84406B,CREAM CUPID HEARTS COAT HANGER,4,3/16/2011 11:01,2.75,,United Kingdom
548255,22310,IVORY KNITTED MUG COSY,48,3/16/2011 11:01,1.65,,United Kingdom
548255,84406B,CREAM CUPID HEARTS COAT HANGER,3,3/16/2011 11:01,2.75,,United Kingdom
548255,21777,RECIPE BOX WITH METAL HEART,12,3/16/2011 11:01,7.95,,United Kingdom
548307,22197,SMALL POPCORN HOLDER,2,3/16/2011 17:00,0.85,,United Kingdom
548307,22632,HAND WARMER RED POLKA DOT,3,3/16/2011 17:00,1.85,,United Kingdom
548307,47566,PARTY BUNTING,48,3/16/2011 17:00,4.95,,United Kingdom
548307,85123A,WHITE HANGING HEART T-LIGHT HOLDER,2,3/16/2011 17:00,2.55,,United Kingdom
548307,85123A,WHITE HANGING HEART T-LIGHT HOLDER,24,3/16/2011 17:00,2.55,,United Kingdom
548307,21212,PACK OF 72 RETROSPOT CAKE CASES,2,3/16/2011 17:00,0.55,,United Kingdom
548307,47566,PARTY BUNTING,24,3/16/2011 17:00,4.95,,United Kingdom
548354,21730,GLASS STAR FROSTED T-LIGHT HOLDER,6,3/17/2011 8:10,4.25,17838.0,United Kingdom
548354,47566,PARTY BUNTING,8,3/17/2011 8:10,4.95,17838.0,United Kingdom
548354,22752,SET 7 BABUSHKA NESTING BOXES,6,3/17/2011 8:10,7.65,17838.0,United Kingdom
548354,22310,IVORY KNITTED MUG COSY,48,3/17/2011 8:10,1.65,17838.0,United Kingdom
548354,47566,PARTY BUNTING,12,3/17/2011 8:10,4.95,17838.0,United Kingdom
548354,20725,LUNCH BAG RED RETROSPOT,1,3/17/2011 8:10,1.65,17838.0,United Kingdom
548354,84406B,CREAM CUPID HEARTS COAT HANGER,2,3/17/2011 8:10,2.75,17838.0,United Kingdom
548354,84969,BOX OF 6 ASSORTED COLOUR TEASPOONS,2,3/17/2011 8:10,4.25,17838.0,United Kingdom
548354,20725,LUNCH BAG RED RETROSPOT,2,3/17/2011 8:10,1.65,17838.0,United Kingdom
548354,22720,SET OF 3 CAKE TINS PANTRY DESIGN,12,3/17/2011 8:10,4.95,17838.0,United Kingdom
548354,23084,RABBIT NIGHT LIGHT,24,3/17/2011 8:10,2.08,17838.0,United Kingdom
548354,22310,IVORY KNITTED MUG COSY,4,3/17/2011 8:10,1.65,17838.0,United Kingdom
548354,71053,WHITE METAL LANTERN,1,3/17/2011 8:10,3.39,17838.0,United Kingdom
548420,48187,DOORMAT NEW ENGLAND,2,3/17/2011 15:20,7.95,14802.0,United Kingdom
548420,84029E,RED WOOLLY HOTTIE WHITE HEART.,4,3/17/2011 15:20,3.39,14802.0,United Kingdom
548420,22633,HAND WARMER UNION JACK,2,3/17/2011 15:20,1.85,14802.0,United Kingdom
548420,22720,SET OF 3 CAKE TINS PANTRY DESIGN,3,3/17/2011 15:20,4.95,14802.0,United Kingdom
548420,85099B,JUMBO BAG RED RETROSPOT,2,3/17/2011 15:20,1.95,14802.0,United Kingdom
548420,21754,HOME BUILDING BLOCK WORD,24,3/17/2011 15:20,5.95,14802.0,United Kingdom
548420,22745,POPPY'S PLAYHOUSE BEDROOM,2,3/17/2011 15:20,2.1,14802.0,United Kingdom
548420,22748,POPPY'S PLAYHOUSE KITCHEN,3,3/17/2011 15:20,2.1,14802.0,United Kingdom
548420,22633,HAND WARMER UNION JACK,8,3/17/2011 15:20,1.85,14802.0,United Kingdom
548420,22960,JAM MAKING SET WITH JARS,24,3/17/2011 15:20,4.25,14802.0,United Kingdom
548420,48187,DOORMAT NEW ENGLAND,2,3/17/2011 15:20,7.95,14802.0,United Kingdom
548420,21777,RECIPE BOX WITH METAL HEART,4,3/17/2011 15:20,7.95,14802.0,United Kingdom
548420,85123A,WHITE HANGING HEART T-LIGHT HOLDER,24,3/17/2011 15:20,2.55,14802.0,United Kingdom
548420,22623,BOX OF VINTAGE JIGSAW BLOCKS,1,3/17/2011 15:20,4.95,14802.0,United Kingdom
548420,22745,POPPY'S PLAYHOUSE BEDROOM,48,3/17/2011 15:20,2.1,14802.0,United Kingdom
548420,22197,SMALL POPCORN HOLDER,4,3/17/2011 15:20,0.85,14802.0,United Kingdom
548420,22745,POPPY'S PLAYHOUSE BEDROOM,1,3/17/2011 15:20,2.1,14802.0,United Kingdom
548420,84029E,RED WOOLLY HOTTIE WHITE HEART.,8,3/17/2011 15:20,3.39,14802.0,United Kingdom
548420,84029G,KNITTED UNION FLAG HOT WATER BOTTLE,6,3/17/2011 15:20,3.39,14802.0,United Kingdom
548420,22197,SMALL POPCORN HOLDER,4,3/17/2011 15:20,0.85,14802.0,United Kingdom
548420,48187,DOORMAT NEW ENGLAND,8,3/17/2011 15:20,7.95,14802.0,United Kingdom
548420,22752,SET 7 BABUSHKA NESTING BOXES,6,3/17/2011 15:20,7.65,14802.0,United Kingdom
548472,48187,DOORMAT NEW ENGLAND,12,3/18/2011 9:14,7.95,17310.0,United Kingdom
548472,22960,JAM MAKING SET WITH JARS,12,3/18/2011 9:14,4.25,17310.0,United Kingdom
548472,21754,HOME BUILDING BLOCK WORD,4,3/18/2011 9:14,5.95,17310.0,United Kingdom
548472,22632,HAND WARMER RED POLKA DOT,2,3/18/2011 9:14,1.85,17310.0,United Kingdom
548472,22197,SMALL POPCORN HOLDER,24,3/18/2011 9:14,0.85,17310.0,United Kingdom
548472,22960,JAM MAKING SET WITH JARS,3,3/18/2011 9:14,4.25,17310.0,United Kingdom
548472,85123A,WHITE HANGING HEART T-LIGHT HOLDER,48,3/18/2011 9:14,2.55,17310.0,United Kingdom
548472,22720,SET OF 3 CAKE TINS PANTRY DESIGN,12,3/18/2011 9:14,4.95,17310.0,United Kingdom
548472,85123A,WHITE HANGING HEART T-LIGHT HOLDER,8,3/18/2011 9:14,2.55,17310.0,United Kingdom
548472,48187,DOORMAT NEW ENGLAND,3,3/18/2011 9:14,7.95,17310.0,United Kingdom
548472,22310,IVORY KNITTED MUG COSY,48,3/18/2011 9:14,1.65,17310.0,United Kingdom
548472,21755,LOVE BUILDING BLOCK WORD,48,3/18/2011 9:14,5.95,17310.0,United Kingdom
548472,22960,JAM MAKING SET WITH JARS,2,3/18/2011 9:14,4.25,17310.0,United Kingdom
548472,85099B,JUMBO BAG RED RETROSPOT,1,3/18/2011 9:14,1.95,17310.0,United Kingdom
548472,22745,POPPY'S PLAYHOUSE BEDROOM,3,3/18/2011 9:14,2.1,17310.0,United Kingdom
548472,85099B,JUMBO BAG RED RETROSPOT,4,3/18/2011 9:14,1.95,17310.0,United Kingdom
548472,22632,HAND WARMER RED POLKA DOT,12,3/18/2011 9:14,1.85,17310.0,United Kingdom
548472,22633,HAND WARMER UNION JACK,48,3/18/2011 9:14,1.85,17310.0,United Kingdom
548472,22960,JAM MAKING SET WITH JARS,4,3/18/2011 9:14,4.25,17310.0,United Kingdom
548472,22913,RED COAT RACK PARIS FASHION,8,3/18/2011 9:14,4.95,17310.0,United Kingdom
548472,22310,IVORY KNITTED MUG COSY,6,3/18/2011 9:14,1.65,17310.0,United Kingdom
548472,85099B,JUMBO BAG RED RETROSPOT,1,3/18/2011 9:14,1.95,17310.0,United Kingdom
548472,21730,GLASS STAR FROSTED T-LIGHT HOLDER,6,3/18/2011 9:14,4.25,17310.0,United Kingdom
C548549,21755,LOVE BUILDING BLOCK WORD,-1,3/18/2011 17:38,5.95,15599.0,United Kingdom
C548549,22310,IVORY KNITTED MUG COSY,-1,3/18/2011 17:38,1.65,15599.0,United Kingdom
C548549,22748,POPPY'S PLAYHOUSE KITCHEN,-3,3/18/2011 17:38,2.1,15599.0,United Kingdom
C548549,22197,SMALL POPCORN HOLDER,-1,3/18/2011 17:38,0.85,15599.0,United Kingdom
C548549,47566,PARTY BUNTING,-48,3/18/2011 17:38,4.95,15599.0,United Kingdom
C548549,22613,PACK OF 20 SPACEBOY NAPKINS,-1,3/18/2011 17:38,0.85,15599.0,United Kingdom
C548549,84879,ASSORTED COLOUR BIRD ORNAMENT,-6,3/18/2011 17:38,1.69,15599.0,United Kingdom
C548549,22752,SET 7 BABUSHKA NESTING BOXES,-4,3/18/2011 17:38,7.65,15599.0,United Kingdom
C548549,22913,RED COAT RACK PARIS FASHION,-24,3/18/2011 17:38,4.95,15599.0,United Kingdom
C548549,22748,POPPY'S PLAYHOUSE KITCHEN,-48,3/18/2011 17:38,2.1,15599.0,United Kingdom
C548549,84029G,KNITTED UNION FLAG HOT WATER BOTTLE,-6,3/18/2011 17:38,3.39,15599.0,United Kingdom
C548549,22633,HAND WARMER UNION JACK,-24,3/18/2011 17:38,1.85,15599.0,United Kingdom
C548549,23084,RABBIT NIGHT LIGHT,-12,3/18/2011 17:38,2.08,15599.0,United Kingdom
C548549,22310,IVORY KNITTED MUG COSY,-8,3/18/2011 17:38,1.65,15599.0,United Kingdom
C548549,48187,DOORMAT NEW ENGLAND,-4,3/18/2011 17:38,7.95,15599.0,United Kingdom
C548549,22745,POPPY'S PLAYHOUSE BEDROOM,-8,3/18/2011 17:38,2.1,15599.0,United Kingdom
C548549,71053,WHITE METAL LANTERN,-3,3/18/2011 17:38,3.39,15599.0,United Kingdom
C548549,22913,RED COAT RACK PARIS FASHION,-48,3/18/2011 17:38,4.95,15599.0,United Kingdom
C548549,22913,RED COAT RACK PARIS FASHION,-1,3/18/2011 17:38,4.95,15599.0,United Kingdom
548611,22633,HAND WARMER UNION JACK,8,3/19/2011 9:32,1.85,13539.0,United Kingdom
548611,22632,HAND WARMER RED POLKA DOT,1,3/19/2011 9:32,1.85,13539.0,United Kingdom
548611,22960,JAM MAKING SET WITH JARS,12,3/19/2011 9:32,4.25,13539.0,United Kingdom
548611,22613,PACK OF 20 SPACEBOY NAPKINS,4,3/19/2011 9:32,0.85,13539.0,United Kingdom
548611,22623,BOX OF VINTAGE JIGSAW BLOCKS,2,3/19/2011 9:32,4.95,13539.0,United Kingdom
548652,22613,PACK OF 20 SPACEBOY NAPKINS,4,3/19/2011 17:47,0.85,16888.0,United Kingdom
548652,22748,POPPY'S PLAYHOUSE KITCHEN,3,3/19/2011 17:47,2.1,16888.0,United Kingdom
548652,22748,POPPY'S PLAYHOUSE KITCHEN,6,3/19/2011 17:47,2.1,16888.0,United Kingdom
548652,22720,SET OF 3 CAKE TINS PANTRY DESIGN,1,3/19/2011 17:47,4.95,16888.0,United Kingdom
548652,84406B,CREAM CUPID HEARTS COAT HANGER,48,3/19/2011 17:47,2.75,16888.0,United Kingdom
548652,84879,ASSORTED COLOUR BIRD ORNAMENT,1,3/19/2011 17:47,1.69,16888.0,United Kingdom
548652,85123A,WHITE HANGING HEART T-LIGHT HOLDER,2,3/19/2011 17:47,2.55,16888.0,United Kingdom
548652,48187,DOORMAT NEW ENGLAND,3,3/19/2011 17:47,7.95,16888.0,United Kingdom
548652,85123A,WHITE HANGING HEART T-LIGHT HOLDER,24,3/19/2011 17:47,2.55,16888.0,United Kingdom
548652,22613,PACK OF 20 SPACEBOY NAPKINS,12,3/19/2011 17:47,0.85,16888.0,United Kingdom
548652,22752,SET 7 BABUSHKA NESTING BOXES,2,3/19/2011 17:47,7.65,16888.0,United Kingdom
548652,22423,REGENCY CAKESTAND 3 TIER,8,3/19/2011 17:47,12.75,16888.0,United Kingdom
548728,21777,RECIPE BOX WITH METAL HEART,24,3/20/2011 10:03,7.95,,United Kingdom
548728,22623,BOX OF VINTAGE JIGSAW BLOCKS,4,3/20/2011 10:03,4.95,,United Kingdom
548728,22613,PACK OF 20 SPACEBOY NAPKINS,48,3/20/2011 10:03,0.85,,United Kingdom
548728,22310,IVORY KNITTED MUG COSY,24,3/20/2011 10:03,1.65,,United Kingdom
548728,22623,BOX OF VINTAGE JIGSAW BLOCKS,48,3/20/2011 10:03,4.95,,United Kingdom
548728,84029E,RED WOOLLY HOTTIE WHITE HEART.,8,3/20/2011 10:03,3.39,,United Kingdom
548728,84029E,RED WOOLLY HOTTIE WHITE HEART.,6,3/20/2011 10:03,3.39,,United Kingdom
548728,22613,,3,3/20/2011 10:03,0.85,,United Kingdom
548728,22310,IVORY KNITTED MUG COSY,48,3/20/2011 10:03,1.65,,United Kingdom
548728,22752,SET 7 BABUSHKA NESTING BOXES,3,3/20/2011 10:03,7.65,,United Kingdom
548728,22633,HAND WARMER UNION JACK,1,3/20/2011 10:03,1.85,,United Kingdom
548728,71053,WHITE METAL LANTERN,3,3/20/2011 10:03,3.39,,United Kingdom
548728,22748,POPPY'S PLAYHOUSE KITCHEN,24,3/20/2011 10:03,2.1,,United Kingdom
548728,22960,JAM MAKING SET WITH JARS,6,3/20/2011 10:03,4.25,,United Kingdom
548728,21730,GLASS STAR FROSTED T-LIGHT HOLDER,12,3/20/2011 10:03,4.25,,United Kingdom
548728,22960,JAM MAKING SET WITH JARS,2,3/20/2011 10:03,4.25,,United Kingdom
548728,84969,BOX OF 6 ASSORTED COLOUR TEASPOONS,2,3/20/2011 10:03,4.25,,United Kingdom
548728,22745,POPPY'S PLAYHOUSE BEDROOM,2,3/20/2011 10:03,2.1,,United Kingdom
548728,22913,,48,3/20/2011 10:03,4.95,,United Kingdom
548728,22913,RED COAT RACK PARIS FASHION,6,3/20/2011 10:03,4.95,,United Kingdom
548794,85123A,WHITE HANGING HEART T-LIGHT HOLDER,12,3/20/2011 16:42,2.55,17463.0,United Kingdom
548794,22623,BOX OF VINTAGE JIGSAW BLOCKS,12,3/20/2011 16:42,4.95,17463.0,United Kingdom
548794,21212,PACK OF 72 RETROSPOT CAKE CASES,2,3/20/2011 16:42,0.55,17463.0,United Kingdom
548794,48187,DOORMAT NEW ENGLAND,8,3/20/2011 16:42,7.95,17463.0,United Kingdom
548794,22748,POPPY'S PLAYHOUSE KITCHEN,6,3/20/2011 16:42,2.1,17463.0,United Kingdom
548794,21777,RECIPE BOX WITH METAL HEART,12,3/20/2011 16:42,7.95,17463.0,United Kingdom
548794,22752,SET 7 BABUSHKA NESTING BOXES,8,3/20/2011 16:42,7.65,17463.0,United Kingdom
548794,84969,BOX OF 6 ASSORTED COLOUR TEASPOONS,24,3/20/2011 16:42,4.25,17463.0,United Kingdom
548860,22960,JAM MAKING SET WITH JARS,8,3/21/2011 11:16,4.25,15245.0,United Kingdom
548860,84969,BOX OF 6 ASSORTED COLOUR TEASPOONS,1,3/21/2011 11:16,4.25,15245.0,United Kingdom
548860,22720,SET OF 3 CAKE TINS PANTRY DESIGN,24,3/21/2011 11:16,4.95,15245.0,United Kingdom
548860,20725,LUNCH BAG RED RETROSPOT,1,3/21/2011 11:16,1.65,15245.0,United Kingdom
548901,84879,ASSORTED COLOUR BIRD ORNAMENT,4,3/21/2011 17:14,1.69,15517.0,United Kingdom
548901,22632,HAND WARMER RED POLKA DOT,4,3/21/2011 17:14,1.85,15517.0,United Kingdom
548950,84879,ASSORTED COLOUR BIRD ORNAMENT,3,3/22/2011 11:42,1.69,15004.0,United Kingdom
548950,22623,BOX OF VINTAGE JIGSAW BLOCKS,2,3/22/2011 11:42,4.95,15004.0,United Kingdom
548950,22633,HAND WARMER UNION JACK,24,3/22/2011 11:42,1.85,15004.0,United Kingdom
548950,22633,HAND WARMER UNION JACK,24,3/22/2011 11:42,1.85,15004.0,United Kingdom
548950,47566,PARTY BUNTING,8,3/22/2011 11:42,4.95,15004.0,United Kingdom
548950,21754,HOME BUILDING BLOCK WORD,2,3/22/2011 11:42,5.95,15004.0,United Kingdom
548950,85099B,JUMBO BAG RED RETROSPOT,12,3/22/2011 11:42,1.95,15004.0,United Kingdom
549008,22913,RED COAT RACK PARIS FASHION,3,3/23/2011 8:31,4.95,16867.0,United Kingdom
549008,21730,GLASS STAR FROSTED T-LIGHT HOLDER,6,3/23/2011 8:31,4.25,16867.0,United Kingdom
549008,85123A,WHITE HANGING HEART T-LIGHT HOLDER,4,3/23/2011 8:31,2.55,16867.0,United Kingdom
549008,21212,PACK OF 72 RETROSPOT CAKE CASES,12,3/23/2011 8:31,0.55,16867.0,United Kingdom
549008,22632,HAND WARMER RED POLKA DOT,1,3/23/2011 8:31,1.85,16867.0,United Kingdom
549008,84406B,CREAM CUPID HEARTS COAT HANGER,12,3/23/2011 8:31,2.75,16867.0,United Kingdom
549008,47566,PARTY BUNTING,6,3/23/2011 8:31,4.95,16867.0,United Kingdom
549008,48187,DOORMAT NEW ENGLAND,8,3/23/2011 8:31,7.95,16867.0,United Kingdom
549008,21754,HOME BUILDING BLOCK WORD,48,3/23/2011 8:31,5.95,16867.0,United Kingdom
549008,48187,DOORMAT NEW ENGLAND,3,3/23/2011 8:31,7.95,16867.0,United Kingdom
549008,22745,POPPY'S PLAYHOUSE BEDROOM,24,3/23/2011 8:31,2.1,16867.0,United Kingdom
549070,84029E,RED WOOLLY HOTTIE WHITE HEART.,6,3/23/2011 16:07,3.39,,United Kingdom
549070,21754,HOME BUILDING BLOCK WORD,1,3/23/2011 16:07,5.95,,United Kingdom
549070,85123A,WHITE HANGING HEART T-LIGHT HOLDER,3,3/23/2011 16:07,2.55,,United Kingdom
549070,22310,IVORY KNITTED MUG COSY,3,3/23/2011 16:07,1.65,,United Kingdom
549070,22310,IVORY KNITTED MUG COSY,48,3/23/2011 16:07,1.65,,United Kingdom
549070,22752,SET 7 BABUSHKA NESTING BOXES,6,3/23/2011 16:07,7.65,,United Kingdom
549070,21212,PACK OF 72 RETROSPOT CAKE CASES,3,3/23/2011 16:07,0.55,,United Kingdom
549070,22752,SET 7 BABUSHKA NESTING BOXES,12,3/23/2011 16:07,7.65,,United Kingdom
549070,22423,REGENCY CAKESTAND 3 TIER,1,3/23/2011 16:07,12.75,,United Kingdom
549070,22745,POPPY'S PLAYHOUSE BEDROOM,2,3/23/2011 16:07,2.1,,United Kingdom
549070,21777,RECIPE BOX WITH METAL HEART,3,3/23/2011 16:07,7.95,,United Kingdom
549070,22623,BOX OF VINTAGE JIGSAW BLOCKS,48,3/23/2011 16:07,4.95,,United Kingdom
549070,47566,,2,3/23/2011 16:07,4.95,,United Kingdom
549070,21754,HOME BUILDING BLOCK WORD,1,3/23/2011 16:07,5.95,,United Kingdom
549070,22748,POPPY'S PLAYHOUSE KITCHEN,1,3/23/2011 16:07,2.1,,United Kingdom
549070,22913,RED COAT RACK PARIS FASHION,6,3/23/2011 16:07,4.95,,United Kingdom
549070,84029G,KNITTED UNION FLAG HOT WATER BOTTLE,1,3/23/2011 16:07,3.39,,United Kingdom
549118,22632,HAND WARMER RED POLKA DOT,3,3/24/2011 8:43,1.85,,United Kingdom
549118,21754,HOME BUILDING BLOCK WORD,2,3/24/2011 8:43,5.95,,United Kingdom
549118,22720,SET OF 3 CAKE TINS PANTRY DESIGN,48,3/24/2011 8:43,4.95,,United Kingdom
549118,22613,PACK OF 20 SPACEBOY NAPKINS,8,3/24/2011 8:43,0.85,,United Kingdom
549186,23084,RABBIT NIGHT LIGHT,4,3/24/2011 18:14,2.08,16901.0,United Kingdom
549186,22623,BOX OF VINTAGE JIGSAW BLOCKS,24,3/24/2011 18:14,4.95,16901.0,United Kingdom
549186,84879,ASSORTED COLOUR BIRD ORNAMENT,12,3/24/2011 18:14,1.69,16901.0,United Kingdom
549186,22960,JAM MAKING SET WITH JARS,24,3/24/2011 18:14,4.25,16901.0,United Kingdom
549186,20725,LUNCH BAG RED RETROSPOT,1,3/24/2011 18:14,1.65,16901.0,United Kingdom
549186,47566,PARTY BUNTING,12,3/24/2011 18:14,4.95,16901.0,United Kingdom
549186,22633,HAND WARMER UNION JACK,2,3/24/2011 18:14,1.85,16901.0,United Kingdom
549186,84879,ASSORTED COLOUR BIRD ORNAMENT,8,3/24/2011 18:14,1.69,16901.0,United Kingdom
549186,21212,PACK OF 72 RETROSPOT CAKE CASES,4,3/24/2011 18:14,0.55,16901.0,United Kingdom
549246,22913,RED COAT RACK PARIS FASHION,4,3/25/2011 8:51,4.95,13780.0,EIRE
549246,22423,REGENCY CAKESTAND 3 TIER,6,3/25/2011 8:51,12.75,13780.0,EIRE
549246,85099B,JUMBO BAG RED RETROSPOT,1,3/25/2011 8:51,1.95,13780.0,EIRE
549246,84969,BOX OF 6 ASSORTED COLOUR TEASPOONS,48,3/25/2011 8:51,4.25,13780.0,EIRE
549246,21754,HOME BUILDING BLOCK WORD,4,3/25/2011 8:51,5.95,13780.0,EIRE
549246,22752,SET 7 BABUSHKA NESTING BOXES,2,3/25/2011 8:51,7.65,13780.0,EIRE
549246,84879,ASSORTED COLOUR BIRD ORNAMENT,48,3/25/2011 8:51,1.69,13780.0,EIRE
549246,85099B,JUMBO BAG RED RETROSPOT,24,3/25/2011 8:51,1.95,13780.0,EIRE
549246,21730,GLASS STAR FROSTED T-LIGHT HOLDER,4,3/25/2011 8:51,4.25,13780.0,EIRE
549246,22633,HAND WARMER UNION JACK,12,3/25/2011 8:51,1.85,13780.0,EIRE
549246,22197,SMALL POPCORN HOLDER,48,3/25/2011 8:51,0.85,13780.0,EIRE
549246,22623,BOX OF VINTAGE JIGSAW BLOCKS,12,3/25/2011 8:51,4.95,13780.0,EIRE
549246,22633,HAND WARMER UNION JACK,48,3/25/2011 8:51,1.85,13780.0,EIRE
549246,22913,RED COAT RACK PARIS FASHION,3,3/25/2011 8:51,4.95,13780.0,EIRE
549246,22745,POPPY'S PLAYHOUSE BEDROOM,1,3/25/2011 8:51,2.1,13780.0,EIRE
549246,22633,HAND WARMER UNION JACK,1,3/25/2011 8:51,1.85,13780.0,EIRE
549246,84879,ASSORTED COLOUR BIRD ORNAMENT,48,3/25/2011 8:51,1.69,13780.0,EIRE
549246,20725,LUNCH BAG RED RETROSPOT,2,3/25/2011 8:51,1.65,13780.0,EIRE
549246,21777,RECIPE BOX WITH METAL HEART,2,3/25/2011 8:51,7.95,13780.0,EIRE
549246,20725,LUNCH BAG RED RETROSPOT,8,3/25/2011 8:51,1.65,13780.0,EIRE
549315,22633,HAND WARMER UNION JACK,2,3/25/2011 16:15,1.85,12765.0,United Kingdom
549315,21755,LOVE BUILDING BLOCK WORD,2,3/25/2011 16:15,5.95,12765.0,United Kingdom
549315,22745,POPPY'S PLAYHOUSE BEDROOM,1,3/25/2011 16:15,2.1,12765.0,United Kingdom
549315,22310,IVORY KNITTED MUG COSY,4,3/25/2011 16:15,1.65,12765.0,United Kingdom
549315,84879,ASSORTED COLOUR BIRD ORNAMENT,48,3/25/2011 16:15,1.69,12765.0,United Kingdom
549315,85099B,JUMBO BAG RED RETROSPOT,48,3/25/2011 16:15,1.95,12765.0,United Kingdom
549315,22310,IVORY KNITTED MUG COSY,1,3/25/2011 16:15,1.65,12765.0,United Kingdom
549315,22613,PACK OF 20 SPACEBOY NAPKINS,2,3/25/2011 16:15,0.85,12765.0,United Kingdom
549315,22720,SET OF 3 CAKE TINS PANTRY DESIGN,4,3/25/2011 16:15,4.95,12765.0,United Kingdom
549315,21755,LOVE BUILDING BLOCK WORD,1,3/25/2011 16:15,5.95,12765.0,United Kingdom
549315,20725,LUNCH BAG RED RETROSPOT,1,3/25/2011 16:15,1.65,12765.0,United Kingdom
549315,84879,ASSORTED COLOUR BIRD ORNAMENT,2,3/25/2011 16:15,1.69,12765.0,United Kingdom
549315,22745,POPPY'S PLAYHOUSE BEDROOM,2,3/25/2011 16:15,2.1,12765.0,United Kingdom
549315,21777,RECIPE BOX WITH METAL HEART,24,3/25/2011 16:15,7.95,12765.0,United Kingdom
549315,48187,DOORMAT NEW ENGLAND,6,3/25/2011 16:15,7.95,12765.0,United Kingdom
549315,21777,RECIPE BOX WITH METAL HEART,4,3/25/2011 16:15,7.95,12765.0,United Kingdom
549315,21755,LOVE BUILDING BLOCK WORD,3,3/25/2011 16:15,5.95,12765.0,United Kingdom
549315,21777,RECIPE BOX WITH METAL HEART,24,3/25/2011 16:15,7.95,12765.0,United Kingdom
549315,84029G,KNITTED UNION FLAG HOT WATER BOTTLE,12,3/25/2011 16:15,3.39,12765.0,United Kingdom
549315,22613,PACK OF 20 SPACEBOY NAPKINS,3,3/25/2011 16:15,0.85,12765.0,United Kingdom
549315,22423,REGENCY CAKESTAND 3 TIER,12,3/25/2011 16:15,12.75,12765.0,United Kingdom
549315,48187,DOORMAT NEW ENGLAND,2,3/25/2011 16:15,7.95,12765.0,United Kingdom
549366,22913,RED COAT RACK PARIS FASHION,4,3/25/2011 19:39,4.95,,United Kingdom
549366,21755,LOVE BUILDING BLOCK WORD,4,3/25/2011 19:39,5.95,,United Kingdom
549366,21212,PACK OF 72 RETROSPOT CAKE CASES,6,3/25/2011 19:39,0.55,,United Kingdom
549366,22720,SET OF 3 CAKE TINS PANTRY DESIGN,48,3/25/2011 19:39,4.95,,United Kingdom
549366,84879,ASSORTED COLOUR BIRD ORNAMENT,3,3/25/2011 19:39,1.69,,United Kingdom
549366,47566,PARTY BUNTING,24,3/25/2011 19:39,4.95,,United Kingdom
549366,84029G,KNITTED UNION FLAG HOT WATER BOTTLE,3,3/25/2011 19:39,3.39,,United Kingdom
549366,84029G,,4,3/25/2011 19:39,3.39,,United Kingdom
549366,22913,RED COAT RACK PARIS FASHION,3,3/25/2011 19:39,4.95,,United Kingdom
549366,22613,PACK OF 20 SPACEBOY NAPKINS,8,3/25/2011 19:39,0.85,,United Kingdom
549366,84029G,KNITTED UNION FLAG HOT WATER BOTTLE,1,3/25/2011 19:39,3.39,,United Kingdom
549366,21730,GLASS STAR FROSTED T-LIGHT HOLDER,48,3/25/2011 19:39,4.25,,United Kingdom
549366,21754,HOME BUILDING BLOCK WORD,2,3/25/2011 19:39,5.95,,United Kingdom
549432,21755,LOVE BUILDING BLOCK WORD,48,3/26/2011 8:12,5.95,12362.0,United Kingdom
549432,20725,LUNCH BAG RED RETROSPOT,4,3/26/2011 8:12,1.65,12362.0,United Kingdom
549432,84029G,KNITTED UNION FLAG HOT WATER BOTTLE,12,3/26/2011 8:12,3.39,12362.0,United Kingdom
549432,85123A,WHITE HANGING HEART T-LIGHT HOLDER,1,3/26/2011 8:12,2.55,12362.0,United Kingdom
549432,85099B,JUMBO BAG RED RETROSPOT,6,3/26/2011 8:12,1.95,12362.0,United Kingdom
549432,22913,RED COAT RACK PARIS FASHION,6,3/26/2011 8:12,4.95,12362.0,United Kingdom
549432,71053,WHITE METAL LANTERN,4,3/26/2011 8:12,3.39,12362.0,United Kingdom
549432,84406B,CREAM CUPID HEARTS COAT HANGER,3,3/26/2011 8:12,2.75,12362.0,United Kingdom
549432,23084,RABBIT NIGHT LIGHT,24,3/26/2011 8:12,2.08,12362.0,United Kingdom
549478,85099B,JUMBO BAG RED RETROSPOT,3,3/26/2011 19:07,1.95,14520.0,United Kingdom
549478,22633,HAND WARMER UNION JACK,24,3/26/2011 19:07,1.85,14520.0,United Kingdom
549478,47566,PARTY BUNTING,2,3/26/2011 19:07,4.95,14520.0,United Kingdom
549478,21755,LOVE BUILDING BLOCK WORD,8,3/26/2011 19:07,5.95,14520.0,United Kingdom
549478,84879,ASSORTED COLOUR BIRD ORNAMENT,6,3/26/2011 19:07,1.69,14520.0,United Kingdom
549522,84029E,RED WOOLLY HOTTIE WHITE HEART.,2,3/27/2011 11:52,3.39,,United Kingdom
549522,85099B,JUMBO BAG RED RETROSPOT,4,3/27/2011 11:52,1.95,,United Kingdom
549522,22633,HAND WARMER UNION JACK,8,3/27/2011 11:52,1.85,,United Kingdom
549522,22197,SMALL POPCORN HOLDER,24,3/27/2011 11:52,0.85,,United Kingdom
549522,22960,JAM MAKING SET WITH JARS,12,3/27/2011 11:52,4.25,,United Kingdom
549522,21212,PACK OF 72 RETROSPOT CAKE CASES,8,3/27/2011 11:52,0.55,,United Kingdom
549522,23084,RABBIT NIGHT LIGHT,1,3/27/2011 11:52,2.08,,United Kingdom
549522,22632,HAND WARMER RED POLKA DOT,12,3/27/2011 11:52,1.85,,United Kingdom
549522,22310,,12,3/27/2011 11:52,1.65,,United Kingdom
549587,22720,SET OF 3 CAKE TINS PANTRY DESIGN,1,3/28/2011 11:49,4.95,16485.0,United Kingdom
549587,85123A,WHITE HANGING HEART T-LIGHT HOLDER,8,3/28/2011 11:49,2.55,16485.0,United Kingdom
549587,21754,HOME BUILDING BLOCK WORD,24,3/28/2011 11:49,5.95,16485.0,United Kingdom
549587,23084,RABBIT NIGHT LIGHT,1,3/28/2011 11:49,2.08,16485.0,United Kingdom
549587,84029G,KNITTED UNION FLAG HOT WATER BOTTLE,24,3/28/2011 11:49,3.39,16485.0,United Kingdom
549587,21777,RECIPE BOX WITH METAL HEART,8,3/28/2011 11:49,7.95,16485.0,United Kingdom
549587,22613,PACK OF 20 SPACEBOY NAPKINS,2,3/28/2011 11:49,0.85,16485.0,United Kingdom
549587,22623,BOX OF VINTAGE JIGSAW BLOCKS,2,3/28/2011 11:49,4.95,16485.0,United Kingdom
549587,22752,SET 7 BABUSHKA NESTING BOXES,12,3/28/2011 11:49,7.65,16485.0,United Kingdom
549587,22197,SMALL POPCORN HOLDER,4,3/28/2011 11:49,0.85,16485.0,United Kingdom
549587,22613,PACK OF 20 SPACEBOY NAPKINS,6,3/28/2011 11:49,0.85,16485.0,United Kingdom
549587,22632,HAND WARMER RED POLKA DOT,48,3/28/2011 11:49,1.85,16485.0,United Kingdom
549631,85123A,WHITE HANGING HEART T-LIGHT HOLDER,48,3/28/2011 16:19,2.55,13057.0,United Kingdom
549631,48187,DOORMAT NEW ENGLAND,12,3/28/2011 16:19,7.95,13057.0,United Kingdom
549631,22197,SMALL POPCORN HOLDER,1,3/28/2011 16:19,0.85,13057.0,United Kingdom
549631,20725,LUNCH BAG RED RETROSPOT,12,3/28/2011 16:19,1.65,13057.0,United Kingdom
549631,23084,RABBIT NIGHT LIGHT,12,3/28/2011 16:19,2.08,13057.0,United Kingdom
549631,22720,SET OF 3 CAKE TINS PANTRY DESIGN,6,3/28/2011 16:19,4.95,13057.0,United Kingdom
549631,20725,LUNCH BAG RED RETROSPOT,8,3/28/2011 16:19,1.65,13057.0,United Kingdom
549631,21212,PACK OF 72 RETROSPOT CAKE CASES,8,3/28/2011 16:19,0.55,13057.0,United Kingdom
549631,22745,POPPY'S PLAYHOUSE BEDROOM,12,3/28/2011 16:19,2.1,13057.0,United Kingdom
549631,71053,WHITE METAL LANTERN,24,3/28/2011 16:19,3.39,13057.0,United Kingdom
549631,21730,GLASS STAR FROSTED T-LIGHT HOLDER,2,3/28/2011 16:19,4.25,13057.0,United Kingdom
549631,22423,REGENCY CAKESTAND 3 TIER,12,3/28/2011 16:19,12.75,13057.0,United Kingdom
549631,20725,LUNCH BAG RED RETROSPOT,48,3/28/2011 16:19,1.65,13057.0,United Kingdom
549631,22613,PACK OF 20 SPACEBOY NAPKINS,3,3/28/2011 16:19,0.85,13057.0,United Kingdom
549631,22720,SET OF 3 CAKE TINS PANTRY DESIGN,2,3/28/2011 16:19,4.95,13057.0,United Kingdom
549631,84029G,KNITTED UNION FLAG HOT WATER BOTTLE,8,3/28/2011 16:19,3.39,13057.0,United Kingdom
549631,84029G,KNITTED UNION FLAG HOT WATER BOTTLE,3,3/28/2011 16:19,3.39,13057.0,United Kingdom
549631,22197,SMALL POPCORN HOLDER,1,3/28/2011 16:19,0.85,13057.0,United Kingdom
549631,22752,SET 7 BABUSHKA NESTING BOXES,12,3/28/2011 16:19,7.65,13057.0,United Kingdom
549700,21730,GLASS STAR FROSTED T-LIGHT HOLDER,1,3/29/2011 8:55,4.25,,United Kingdom
549700,22197,SMALL POPCORN HOLDER,8,3/29/2011 8:55,0.85,,United Kingdom
549700,48187,DOORMAT NEW ENGLAND,4,3/29/2011 8:55,7.95,,United Kingdom
549700,84969,BOX OF 6 ASSORTED COLOUR TEASPOONS,8,3/29/2011 8:55,4.25,,United Kingdom
549700,22913,RED COAT RACK PARIS FASHION,48,3/29/2011 8:55,4.95,,United Kingdom
549700,22623,BOX OF VINTAGE JIGSAW BLOCKS,3,3/29/2011 8:55,4.95,,United Kingdom
549700,84406B,CREAM CUPID HEARTS COAT HANGER,3,3/29/2011 8:55,2.75,,United Kingdom
549700,22745,POPPY'S PLAYHOUSE BEDROOM,6,3/29/2011 8:55,2.1,,United Kingdom
549700,47566,PARTY BUNTING,2,3/29/2011 8:55,4.95,,United Kingdom
549700,85123A,WHITE HANGING HEART T-LIGHT HOLDER,12,3/29/2011 8:55,2.55,,United Kingdom
549700,47566,PARTY BUNTING,12,3/29/2011 8:55,4.95,,United Kingdom
549700,71053,WHITE METAL LANTERN,1,3/29/2011 8:55,3.39,,United Kingdom
549700,21212,PACK OF 72 RETROSPOT CAKE CASES,48,3/29/2011 8:55,0.55,,United Kingdom
549700,20725,,3,3/29/2011 8:55,1.65,,United Kingdom
549700,84029G,KNITTED UNION FLAG HOT WATER BOTTLE,12,3/29/2011 8:55,3.39,,United Kingdom
549700,85123A,WHITE HANGING HEART T-LIGHT HOLDER,1,3/29/2011 8:55,2.55,,United Kingdom
549767,22197,SMALL POPCORN HOLDER,2,3/29/2011 14:33,0.85,13171.0,Switzerland
549767,21754,HOME BUILDING BLOCK WORD,1,3/29/2011 14:33,5.95,13171.0,Switzerland
549767,84879,ASSORTED COLOUR BIRD ORNAMENT,4,3/29/2011 14:33,1.69,13171.0,Switzerland
549767,22720,SET OF 3 CAKE TINS PANTRY DESIGN,48,3/29/2011 14:33,4.95,13171.0,Switzerland
549767,84879,ASSORTED COLOUR BIRD ORNAMENT,2,3/29/2011 14:33,1.69,13171.0,Switzerland
549767,22613,PACK OF 20 SPACEBOY NAPKINS,1,3/29/2011 14:33,0.85,13171.0,Switzerland
549767,47566,PARTY BUNTING,3,3/29/2011 14:33,4.95,13171.0,Switzerland
549767,47566,PARTY BUNTING,4,3/29/2011 14:33,4.95,13171.0,Switzerland
549767,22720,SET OF 3 CAKE TINS PANTRY DESIGN,12,3/29/2011 14:33,4.95,13171.0,Switzerland
549767,71053,WHITE METAL LANTERN,12,3/29/2011 14:33,3.39,13171.0,Switzerland
549828,22197,SMALL POPCORN HOLDER,6,3/30/2011 8:08,0.85,,United Kingdom
549828,84029G,KNITTED UNION FLAG HOT WATER BOTTLE,1,3/30/2011 8:08,3.39,,United Kingdom
549828,21730,GLASS STAR FROSTED T-LIGHT HOLDER,3,3/30/2011 8:08,4.25,,United Kingdom
549828,48187,DOORMAT NEW ENGLAND,1,3/30/2011 8:08,7.95,,United Kingdom
549828,22197,SMALL POPCORN HOLDER,12,3/30/2011 8:08,0.85,,United Kingdom
549828,84969,BOX OF 6 ASSORTED COLOUR TEASPOONS,1,3/30/2011 8:08,4.25,,United Kingdom
549828,23084,RABBIT NIGHT LIGHT,48,3/30/2011 8:08,2.08,,United Kingdom
549828,21212,PACK OF 72 RETROSPOT CAKE CASES,6,3/30/2011 8:08,0.55,,United Kingdom
549828,22632,HAND WARMER RED POLKA DOT,24,3/30/2011 8:08,1.85,,United Kingdom
549879,20725,LUNCH BAG RED RETROSPOT,24,3/30/2011 17:20,1.65,16797.0,United Kingdom
549879,85123A,WHITE HANGING HEART T-LIGHT HOLDER,3,3/30/2011 17:20,2.55,16797.0,United Kingdom
549879,22197,SMALL POPCORN HOLDER,2,3/30/2011 17:20,0.85,16797.0,United Kingdom
549879,22960,JAM MAKING SET WITH JARS,6,3/30/2011 17:20,4.25,16797.0,United Kingdom
549879,21730,GLASS STAR FROSTED T-LIGHT HOLDER,2,3/30/2011 17:20,4.25,16797.0,United Kingdom
549879,85099B,JUMBO BAG RED RETROSPOT,48,3/30/2011 17:20,1.95,16797.0,United Kingdom
549879,22960,JAM MAKING SET WITH JARS,3,3/30/2011 17:20,4.25,16797.0,United Kingdom
549879,23084,RABBIT NIGHT LIGHT,4,3/30/2011 17:20,2.08,16797.0,United Kingdom
549879,22748,POPPY'S PLAYHOUSE KITCHEN,2,3/30/2011 17:20,2.1,16797.0,United Kingdom
549879,22720,SET OF 3 CAKE TINS PANTRY DESIGN,3,3/30/2011 17:20,4.95,16797.0,United Kingdom
549879,21730,GLASS STAR FROSTED T-LIGHT HOLDER,24,3/30/2011 17:20,4.25,16797.0,United Kingdom
549879,47566,PARTY BUNTING,12,3/30/2011 17:20,4.95,16797.0,United Kingdom
549879,21212,PACK OF 72 RETROSPOT CAKE CASES,24,3/30/2011 17:20,0.55,16797.0,United Kingdom
549879,84969,BOX OF 6 ASSORTED COLOUR TEASPOONS,24,3/30/2011 17:20,4.25,16797.0,United Kingdom
549879,22748,POPPY'S PLAYHOUSE KITCHEN,6,3/30/2011 17:20,2.1,16797.0,United Kingdom
549879,22960,JAM MAKING SET WITH JARS,48,3/30/2011 17:20,4.25,16797.0,United Kingdom
549922,47566,PARTY BUNTING,12,3/31/2011 9:01,4.95,12570.0,EIRE
549922,22613,PACK OF 20 SPACEBOY NAPKINS,8,3/31/2011 9:01,0.85,12570.0,EIRE
549922,22960,JAM MAKING SET WITH JARS,8,3/31/2011 9:01,4.25,12570.0,EIRE
549922,71053,WHITE METAL LANTERN,24,3/31/2011 9:01,3.39,12570.0,EIRE
549922,71053,WHITE METAL LANTERN,2,3/31/2011 9:01,3.39,12570.0,EIRE
549922,47566,PARTY BUNTING,3,3/31/2011 9:01,4.95,12570.0,EIRE
549922,21754,HOME BUILDING BLOCK WORD,2,3/31/2011 9:01,5.95,12570.0,EIRE
549974,22633,HAND WARMER UNION JACK,24,3/31/2011 16:43,1.85,17219.0,United Kingdom
550051,22913,RED COAT RACK PARIS FASHION,4,4/1/2011 10:01,4.95,12849.0,United Kingdom
550051,84029E,RED WOOLLY HOTTIE WHITE HEART.,12,4/1/2011 10:01,3.39,12849.0,United Kingdom
550051,22197,SMALL POPCORN HOLDER,24,4/1/2011 10:01,0.85,12849.0,United Kingdom
550051,21754,HOME BUILDING BLOCK WORD,48,4/1/2011 10:01,5.95,12849.0,United Kingdom
550051,22748,POPPY'S PLAYHOUSE KITCHEN,6,4/1/2011 10:01,2.1,12849.0,United Kingdom
550051,22752,SET 7 BABUSHKA NESTING BOXES,8,4/1/2011 10:01,7.65,12849.0,United Kingdom
550051,22613,PACK OF 20 SPACEBOY NAPKINS,6,4/1/2011 10:01,0.85,12849.0,United Kingdom
550051,20725,LUNCH BAG RED RETROSPOT,24,4/1/2011 10:01,1.65,12849.0,United Kingdom
550051,84969,BOX OF 6 ASSORTED COLOUR TEASPOONS,1,4/1/2011 10:01,4.25,12849.0,United Kingdom
550051,22613,PACK OF 20 SPACEBOY NAPKINS,2,4/1/2011 10:01,0.85,12849.0,United Kingdom
550120,85099B,JUMBO BAG RED RETROSPOT,48,4/1/2011 15:58,1.95,17970.0,United Kingdom
550120,84029E,RED WOOLLY HOTTIE WHITE HEART.,1,4/1/2011 15:58,3.39,17970.0,United Kingdom
550196,22913,RED COAT RACK PARIS FASHION,8,4/2/2011 8:06,4.95,12830.0,United Kingdom
550196,84879,ASSORTED COLOUR BIRD ORNAMENT,8,4/2/2011 8:06,1.69,12830.0,United Kingdom
550196,23084,RABBIT NIGHT LIGHT,48,4/2/2011 8:06,2.08,12830.0,United Kingdom
550196,21730,GLASS STAR FROSTED T-LIGHT HOLDER,2,4/2/2011 8:06,4.25,12830.0,United Kingdom
550196,48187,DOORMAT NEW ENGLAND,12,4/2/2011 8:06,7.95,12830.0,United Kingdom
550196,22913,RED COAT RACK PARIS FASHION,24,4/2/2011 8:06,4.95,12830.0,United Kingdom
550196,22913,RED COAT RACK PARIS FASHION,3,4/2/2011 8:06,4.95,12830.0,United Kingdom
550196,22752,SET 7 BABUSHKA NESTING BOXES,6,4/2/2011 8:06,7.65,12830.0,United Kingdom
550196,20725,LUNCH BAG RED RETROSPOT,4,4/2/2011 8:06,1.65,12830.0,United Kingdom
550196,21777,RECIPE BOX WITH METAL HEART,24,4/2/2011 8:06,7.95,12830.0,United Kingdom
550196,22745,POPPY'S PLAYHOUSE BEDROOM,4,4/2/2011 8:06,2.1,12830.0,United Kingdom
550196,22745,POPPY'S PLAYHOUSE BEDROOM,12,4/2/2011 8:06,2.1,12830.0,United Kingdom
550196,47566,PARTY BUNTING,12,4/2/2011 8:06,4.95,12830.0,United Kingdom
550196,22423,REGENCY CAKESTAND 3 TIER,8,4/2/2011 8:06,12.75,12830.0,United Kingdom
550196,22632,HAND WARMER RED POLKA DOT,4,4/2/2011 8:06,1.85,12830.0,United Kingdom
550240,84969,BOX OF 6 ASSORTED COLOUR TEASPOONS,48,4/2/2011 12:07,4.25,14945.0,United Kingdom
550240,20725,LUNCH BAG RED RETROSPOT,48,4/2/2011 12:07,1.65,14945.0,United Kingdom
550240,84969,BOX OF 6 ASSORTED COLOUR TEASPOONS,24,4/2/2011 12:07,4.25,14945.0,United Kingdom
550240,85123A,WHITE HANGING HEART T-LIGHT HOLDER,4,4/2/2011 12:07,2.55,14945.0,United Kingdom
550240,22720,SET OF 3 CAKE TINS PANTRY DESIGN,4,4/2/2011 12:07,4.95,14945.0,United Kingdom
550240,22632,HAND WARMER RED POLKA DOT,24,4/2/2011 12:07,1.85,14945.0,United Kingdom
550309,22623,BOX OF VINTAGE JIGSAW BLOCKS,3,4/2/2011 19:33,4.95,,United Kingdom
550309,22613,PACK OF 20 SPACEBOY NAPKINS,24,4/2/2011 19:33,0.85,,United Kingdom
550309,22197,SMALL POPCORN HOLDER,1,4/2/2011 19:33,0.85,,United Kingdom
550309,84969,BOX OF 6 ASSORTED COLOUR TEASPOONS,12,4/2/2011 19:33,4.25,,United Kingdom
550309,22632,HAND WARMER RED POLKA DOT,48,4/2/2011 19:33,1.85,,United Kingdom
550309,84406B,CREAM CUPID HEARTS COAT HANGER,12,4/2/2011 19:33,2.75,,United Kingdom
550309,22745,,48,4/2/2011 19:33,2.1,,United Kingdom
550309,22752,SET 7 BABUSHKA NESTING BOXES,12,4/2/2011 19:33,7.65,,United Kingdom
550309,47566,PARTY BUNTING,1,4/2/2011 19:33,4.95,,United Kingdom
550309,84406B,CREAM CUPID HEARTS COAT HANGER,2,4/2/2011 19:33,2.75,,United Kingdom
550309,22613,PACK OF 20 SPACEBOY NAPKINS,12,4/2/2011 19:33,0.85,,United Kingdom
550375,71053,WHITE METAL LANTERN,8,4/3/2011 11:28,3.39,13670.0,United Kingdom
550375,22913,RED COAT RACK PARIS FASHION,24,4/3/2011 11:28,4.95,13670.0,United Kingdom
550375,21754,HOME BUILDING BLOCK WORD,8,4/3/2011 11:28,5.95,13670.0,United Kingdom
550375,22310,IVORY KNITTED MUG COSY,8,4/3/2011 11:28,1.65,13670.0,United Kingdom
550375,48187,DOORMAT NEW ENGLAND,4,4/3/2011 11:28,7.95,13670.0,United Kingdom
550375,20725,LUNCH BAG RED RETROSPOT,3,4/3/2011 11:28,1.65,13670.0,United Kingdom
550375,22197,SMALL POPCORN HOLDER,4,4/3/2011 11:28,0.85,13670.0,United Kingdom
550375,22745,POPPY'S PLAYHOUSE BEDROOM,12,4/3/2011 11:28,2.1,13670.0,United Kingdom
550375,22752,SET 7 BABUSHKA NESTING BOXES,6,4/3/2011 11:28,7.65,13670.0,United Kingdom
550375,84406B,CREAM CUPID HEARTS COAT HANGER,8,4/3/2011 11:28,2.75,13670.0,United Kingdom
550375,22310,IVORY KNITTED MUG COSY,1,4/3/2011 11:28,1.65,13670.0,United Kingdom
550375,21777,RECIPE BOX WITH METAL HEART,6,4/3/2011 11:28,7.95,13670.0,United Kingdom
550375,21754,HOME BUILDING BLOCK WORD,6,4/3/2011 11:28,5.95,13670.0,United Kingdom
550375,84969,BOX OF 6 ASSORTED COLOUR TEASPOONS,12,4/3/2011 11:28,4.25,13670.0,United Kingdom
550375,21755,LOVE BUILDING BLOCK WORD,24,4/3/2011 11:28,5.95,13670.0,United Kingdom
550415,22960,JAM MAKING SET WITH JARS,1,4/3/2011 15:02,4.25,16907.0,United Kingdom
550415,21212,PACK OF 72 RETROSPOT CAKE CASES,3,4/3/2011 15:02,0.55,16907.0,United Kingdom
550415,84879,ASSORTED COLOUR BIRD ORNAMENT,1,4/3/2011 15:02,1.69,16907.0,United Kingdom
550473,84879,ASSORTED COLOUR BIRD ORNAMENT,1,4/4/2011 9:26,1.69,17748.0,United Kingdom
550473,22752,SET 7 BABUSHKA NESTING BOXES,8,4/4/2011 9:26,7.65,17748.0,United Kingdom
550473,22633,HAND WARMER UNION JACK,48,4/4/2011 9:26,1.85,17748.0,United Kingdom
550473,84879,ASSORTED COLOUR BIRD ORNAMENT,6,4/4/2011 9:26,1.69,17748.0,United Kingdom
550473,84879,ASSORTED COLOUR BIRD ORNAMENT,24,4/4/2011 9:26,1.69,17748.0,United Kingdom
550473,22748,POPPY'S PLAYHOUSE KITCHEN,6,4/4/2011 9:26,2.1,17748.0,United Kingdom
550522,21777,RECIPE BOX WITH METAL HEART,8,4/5/2011 9:49,7.95,15416.0,United Kingdom
550522,21754,HOME BUILDING BLOCK WORD,4,4/5/2011 9:49,5.95,15416.0,United Kingdom
550522,22613,PACK OF 20 SPACEBOY NAPKINS,12,4/5/2011 9:49,0.85,15416.0,United Kingdom
550522,22613,PACK OF 20 SPACEBOY NAPKINS,12,4/5/2011 9:49,0.85,15416.0,United Kingdom
550522,47566,PARTY BUNTING,48,4/5/2011 9:49,4.95,15416.0,United Kingdom
550522,84029G,KNITTED UNION FLAG HOT WATER BOTTLE,6,4/5/2011 9:49,3.39,15416.0,United Kingdom
550522,85099B,JUMBO BAG RED RETROSPOT,8,4/5/2011 9:49,1.95,15416.0,United Kingdom
550522,22745,POPPY'S PLAYHOUSE BEDROOM,3,4/5/2011 9:49,2.1,15416.0,United Kingdom
550522,21777,RECIPE BOX WITH METAL HEART,8,4/5/2011 9:49,7.95,15416.0,United Kingdom
550522,71053,WHITE METAL LANTERN,24,4/5/2011 9:49,3.39,15416.0,United Kingdom
550522,22613,PACK OF 20 SPACEBOY NAPKINS,4,4/5/2011 9:49,0.85,15416.0,United Kingdom
550522,84029E,RED WOOLLY HOTTIE WHITE HEART.,12,4/5/2011 9:49,3.39,15416.0,United Kingdom
550522,22310,IVORY KNITTED MUG COSY,1,4/5/2011 9:49,1.65,15416.0,United Kingdom
550522,22748,POPPY'S PLAYHOUSE KITCHEN,12,4/5/2011 9:49,2.1,15416.0,United Kingdom
550522,20725,LUNCH BAG RED RETROSPOT,6,4/5/2011 9:49,1.65,15416.0,United Kingdom
550522,21212,PACK OF 72 RETROSPOT CAKE CASES,2,4/5/2011 9:49,0.55,15416.0,United Kingdom
550522,85123A,WHITE HANGING HEART T-LIGHT HOLDER,4,4/5/2011 9:49,2.55,15416.0,United Kingdom
550563,20725,LUNCH BAG RED RETROSPOT,4,4/6/2011 8:37,1.65,15419.0,United Kingdom
550563,21212,PACK OF 72 RETROSPOT CAKE CASES,24,4/6/2011 8:37,0.55,15419.0,United Kingdom
550563,22310,IVORY KNITTED MUG COSY,3,4/6/2011 8:37,1.65,15419.0,United Kingdom
550563,85123A,WHITE HANGING HEART T-LIGHT HOLDER,3,4/6/2011 8:37,2.55,15419.0,United Kingdom
550563,22423,REGENCY CAKESTAND 3 TIER,2,4/6/2011 8:37,12.75,15419.0,United Kingdom
550563,22748,POPPY'S PLAYHOUSE KITCHEN,6,4/6/2011 8:37,2.1,15419.0,United Kingdom
550563,21754,HOME BUILDING BLOCK WORD,12,4/6/2011 8:37,5.95,15419.0,United Kingdom
550563,22913,RED COAT RACK PARIS FASHION,4,4/6/2011 8:37,4.95,15419.0,United Kingdom
550563,21212,PACK OF 72 RETROSPOT CAKE CASES,24,4/6/2011 8:37,0.55,15419.0,United Kingdom
550563,22623,BOX OF VINTAGE JIGSAW BLOCKS,8,4/6/2011 8:37,4.95,15419.0,United Kingdom
550563,85123A,WHITE HANGING HEART T-LIGHT HOLDER,8,4/6/2011 8:37,2.55,15419.0,United Kingdom
550563,85123A,WHITE HANGING HEART T-LIGHT HOLDER,48,4/6/2011 8:37,2.55,15419.0,United Kingdom
550563,22960,JAM MAKING SET WITH JARS,12,4/6/2011 8:37,4.25,15419.0,United Kingdom
550563,22423,REGENCY CAKESTAND 3 TIER,2,4/6/2011 8:37,12.75,15419.0,United Kingdom
550563,21754,HOME BUILDING BLOCK WORD,3,4/6/2011 8:37,5.95,15419.0,United Kingdom
550563,22745,POPPY'S PLAYHOUSE BEDROOM,48,4/6/2011 8:37,2.1,15419.0,United Kingdom
550563,22752,SET 7 BABUSHKA NESTING BOXES,3,4/6/2011 8:37,7.65,15419.0,United Kingdom
550563,22745,POPPY'S PLAYHOUSE BEDROOM,6,4/6/2011 8:37,2.1,15419.0,United Kingdom
550563,84029G,KNITTED UNION FLAG HOT WATER BOTTLE,3,4/6/2011 8:37,3.39,15419.0,United Kingdom
550563,48187,DOORMAT NEW ENGLAND,4,4/6/2011 8:37,7.95,15419.0,United Kingdom
550563,84029E,RED WOOLLY HOTTIE WHITE HEART.,2,4/6/2011 8:37,3.39,15419.0,United Kingdom
550563,22720,SET OF 3 CAKE TINS PANTRY DESIGN,48,4/6/2011 8:37,4.95,15419.0,United Kingdom
550605,21730,GLASS STAR FROSTED T-LIGHT HOLDER,48,4/6/2011 17:00,4.25,13039.0,United Kingdom
550605,22310,IVORY KNITTED MUG COSY,48,4/6/2011 17:00,1.65,13039.0,United Kingdom
550605,84029E,RED WOOLLY HOTTIE WHITE HEART.,24,4/6/2011 17:00,3.39,13039.0,United Kingdom
550605,22197,SMALL POPCORN HOLDER,8,4/6/2011 17:00,0.85,13039.0,United Kingdom
550605,22745,POPPY'S PLAYHOUSE BEDROOM,2,4/6/2011 17:00,2.1,13039.0,United Kingdom
550605,22423,REGENCY CAKESTAND 3 TIER,24,4/6/2011 17:00,12.75,13039.0,United Kingdom
550605,22913,RED COAT RACK PARIS FASHION,3,4/6/2011 17:00,4.95,13039.0,United Kingdom
550605,22423,REGENCY CAKESTAND 3 TIER,2,4/6/2011 17:00,12.75,13039.0,United Kingdom
550605,22423,REGENCY CAKESTAND 3 TIER,8,4/6/2011 17:00,12.75,13039.0,United Kingdom
550605,20725,LUNCH BAG RED RETROSPOT,1,4/6/2011 17:00,1.65,13039.0,United Kingdom
550605,22745,POPPY'S PLAYHOUSE BEDROOM,6,4/6/2011 17:00,2.1,13039.0,United Kingdom
550605,22720,SET OF 3 CAKE TINS PANTRY DESIGN,4,4/6/2011 17:00,4.95,13039.0,United Kingdom
550605,22623,BOX OF VINTAGE JIGSAW BLOCKS,6,4/6/2011 17:00,4.95,13039.0,United Kingdom
550605,47566,PARTY BUNTING,3,4/6/2011 17:00,4.95,13039.0,United Kingdom
550605,20725,LUNCH BAG RED RETROSPOT,6,4/6/2011 17:00,1.65,13039.0,United Kingdom
550605,48187,DOORMAT NEW ENGLAND,12,4/6/2011 17:00,7.95,13039.0,United Kingdom
550605,84029E,RED WOOLLY HOTTIE WHITE HEART.,6,4/6/2011 17:00,3.39,13039.0,United Kingdom
550605,21730,GLASS STAR FROSTED T-LIGHT HOLDER,1,4/6/2011 17:00,4.25,13039.0,United Kingdom
550605,84029E,RED WOOLLY HOTTIE WHITE HEART.,12,4/6/2011 17:00,3.39,13039.0,United Kingdom
550605,21730,GLASS STAR FROSTED T-LIGHT HOLDER,24,4/6/2011 17:00,4.25,13039.0,United Kingdom
550605,84029G,KNITTED UNION FLAG HOT WATER BOTTLE,48,4/6/2011 17:00,3.39,13039.0,United Kingdom
550605,84406B,CREAM CUPID HEARTS COAT HANGER,8,4/6/2011 17:00,2.75,13039.0,United Kingdom
550605,22310,IVORY KNITTED MUG COSY,2,4/6/2011 17:00,1.65,13039.0,United Kingdom
550666,22748,POPPY'S PLAYHOUSE KITCHEN,4,4/7/2011 11:46,2.1,13802.0,United Kingdom
550666,23084,RABBIT NIGHT LIGHT,24,4/7/2011 11:46,2.08,13802.0,United Kingdom
550666,84406B,CREAM CUPID HEARTS COAT HANGER,12,4/7/2011 11:46,2.75,13802.0,United Kingdom
550666,22752,SET 7 BABUSHKA NESTING BOXES,3,4/7/2011 11:46,7.65,13802.0,United Kingdom
550666,21730,GLASS STAR FROSTED T-LIGHT HOLDER,4,4/7/2011 11:46,4.25,13802.0,United Kingdom
550666,22623,BOX OF VINTAGE JIGSAW BLOCKS,1,4/7/2011 11:46,4.95,13802.0,United Kingdom
550666,21754,HOME BUILDING BLOCK WORD,24,4/7/2011 11:46,5.95,13802.0,United Kingdom
550666,22745,POPPY'S PLAYHOUSE BEDROOM,24,4/7/2011 11:46,2.1,13802.0,United Kingdom
550666,84879,ASSORTED COLOUR BIRD ORNAMENT,1,4/7/2011 11:46,1.69,13802.0,United Kingdom
550666,22310,IVORY KNITTED MUG COSY,24,4/7/2011 11:46,1.65,13802.0,United Kingdom
550666,22745,POPPY'S PLAYHOUSE BEDROOM,48,4/7/2011 11:46,2.1,13802.0,United Kingdom
550666,85123A,WHITE HANGING HEART T-LIGHT HOLDER,8,4/7/2011 11:46,2.55,13802.0,United Kingdom
550666,84029G,KNITTED UNION FLAG HOT WATER BOTTLE,24,4/7/2011 11:46,3.39,13802.0,United Kingdom
550666,84969,BOX OF 6 ASSORTED COLOUR TEASPOONS,1,4/7/2011 11:46,4.25,13802.0,United Kingdom
550666,22613,PACK OF 20 SPACEBOY NAPKINS,6,4/7/2011 11:46,0.85,13802.0,United Kingdom
550666,22310,IVORY KNITTED MUG COSY,6,4/7/2011 11:46,1.65,13802.0,United Kingdom
550666,22960,JAM MAKING SET WITH JARS,12,4/7/2011 11:46,4.25,13802.0,United Kingdom
550666,21212,PACK OF 72 RETROSPOT CAKE CASES,8,4/7/2011 11:46,0.55,13802.0,United Kingdom
550666,22960,JAM MAKING SET WITH JARS,1,4/7/2011 11:46,4.25,13802.0,United Kingdom
550666,22613,PACK OF 20 SPACEBOY NAPKINS,2,4/7/2011 11:46,0.85,13802.0,United Kingdom
550716,22913,RED COAT RACK PARIS FASHION,1,4/7/2011 19:24,4.95,17643.0,United Kingdom
550716,84029E,RED WOOLLY HOTTIE WHITE HEART.,3,4/7/2011 19:24,3.39,17643.0,United Kingdom
550716,21212,PACK OF 72 RETROSPOT CAKE CASES,48,4/7/2011 19:24,0.55,17643.0,United Kingdom
550716,23084,RABBIT NIGHT LIGHT,6,4/7/2011 19:24,2.08,17643.0,United Kingdom
550716,21730,GLASS STAR FROSTED T-LIGHT HOLDER,48,4/7/2011 19:24,4.25,17643.0,United Kingdom
550716,22960,JAM MAKING SET WITH JARS,4,4/7/2011 19:24,4.25,17643.0,United Kingdom
550716,85099B,JUMBO BAG RED RETROSPOT,24,4/7/2011 19:24,1.95,17643.0,United Kingdom
550716,22960,JAM MAKING SET WITH JARS,12,4/7/2011 19:24,4.25,17643.0,United Kingdom
550716,84406B,CREAM CUPID HEARTS COAT HANGER,48,4/7/2011 19:24,2.75,17643.0,United Kingdom
550716,22748,POPPY'S PLAYHOUSE KITCHEN,3,4/7/2011 19:24,2.1,17643.0,United Kingdom
550716,22632,HAND WARMER RED POLKA DOT,12,4/7/2011 19:24,1.85,17643.0,United Kingdom
550716,21755,LOVE BUILDING BLOCK WORD,3,4/7/2011 19:24,5.95,17643.0,United Kingdom
550774,84029G,,2,4/8/2011 9:44,3.39,,United Kingdom
550774,22960,JAM MAKING SET WITH JARS,8,4/8/2011 9:44,4.25,,United Kingdom
550774,21212,PACK OF 72 RETROSPOT CAKE CASES,8,4/8/2011 9:44,0.55,,United Kingdom
550774,22720,SET OF 3 CAKE TINS PANTRY DESIGN,8,4/8/2011 9:44,4.95,,United Kingdom
550774,48187,DOORMAT NEW ENGLAND,12,4/8/2011 9:44,7.95,,United Kingdom
550774,22745,POPPY'S PLAYHOUSE BEDROOM,48,4/8/2011 9:44,2.1,,United Kingdom
550774,48187,DOORMAT NEW ENGLAND,8,4/8/2011 9:44,7.95,,United Kingdom
550774,22913,RED COAT RACK PARIS FASHION,12,4/8/2011 9:44,4.95,,United Kingdom
550774,23084,RABBIT NIGHT LIGHT,2,4/8/2011 9:44,2.08,,United Kingdom
550774,22632,HAND WARMER RED POLKA DOT,24,4/8/2011 9:44,1.85,,United Kingdom
550774,84406B,CREAM CUPID HEARTS COAT HANGER,4,4/8/2011 9:44,2.75,,United Kingdom
550774,22423,REGENCY CAKESTAND 3 TIER,2,4/8/2011 9:44,12.75,,United Kingdom
550774,22197,SMALL POPCORN HOLDER,3,4/8/2011 9:44,0.85,,United Kingdom
550774,22752,SET 7 BABUSHKA NESTING BOXES,4,4/8/2011 9:44,7.65,,United Kingdom
550774,22310,IVORY KNITTED MUG COSY,24,4/8/2011 9:44,1.65,,United Kingdom
550774,22197,SMALL POPCORN HOLDER,3,4/8/2011 9:44,0.85,,United Kingdom
550774,21754,HOME BUILDING BLOCK WORD,48,4/8/2011 9:44,5.95,,United Kingdom
550774,84029G,KNITTED UNION FLAG HOT WATER BOTTLE,12,4/8/2011 9:44,3.39,,United Kingdom
550774,84406B,CREAM CUPID HEARTS COAT HANGER,1,4/8/2011 9:44,2.75,,United Kingdom
550774,84406B,CREAM CUPID HEARTS COAT HANGER,8,4/8/2011 9:44,2.75,,United Kingdom
550774,21754,HOME BUILDING BLOCK WORD,1,4/8/2011 9:44,5.95,,United Kingdom
550774,22613,PACK OF 20 SPACEBOY NAPKINS,1,4/8/2011 9:44,0.85,,United Kingdom
550837,21212,PACK OF 72 RETROSPOT CAKE CASES,8,4/8/2011 18:17,0.55,14204.0,United Kingdom
550837,84969,BOX OF 6 ASSORTED COLOUR TEASPOONS,2,4/8/2011 18:17,4.25,14204.0,United Kingdom
550837,23084,RABBIT NIGHT LIGHT,3,4/8/2011 18:17,2.08,14204.0,United Kingdom
550837,22913,RED COAT RACK PARIS FASHION,2,4/8/2011 18:17,4.95,14204.0,United Kingdom
550837,22745,POPPY'S PLAYHOUSE BEDROOM,1,4/8/2011 18:17,2.1,14204.0,United Kingdom
550837,22310,IVORY KNITTED MUG COSY,12,4/8/2011 18:17,1.65,14204.0,United Kingdom
550837,21754,HOME BUILDING BLOCK WORD,3,4/8/2011 18:17,5.95,14204.0,United Kingdom
550837,21730,GLASS STAR FROSTED T-LIGHT HOLDER,3,4/8/2011 18:17,4.25,14204.0,United Kingdom
550912,84029E,RED WOOLLY HOTTIE WHITE HEART.,2,4/9/2011 9:17,3.39,13911.0,United Kingdom
550912,84029E,RED WOOLLY HOTTIE WHITE HEART.,2,4/9/2011 9:17,3.39,13911.0,United Kingdom
550912,20725,LUNCH BAG RED RETROSPOT,6,4/9/2011 9:17,1.65,13911.0,United Kingdom
550912,21212,PACK OF 72 RETROSPOT CAKE CASES,12,4/9/2011 9:17,0.55,13911.0,United Kingdom
550912,85123A,WHITE HANGING HEART T-LIGHT HOLDER,12,4/9/2011 9:17,2.55,13911.0,United Kingdom
550912,22197,SMALL POPCORN HOLDER,4,4/9/2011 9:17,0.85,13911.0,United Kingdom
550912,85099B,JUMBO BAG RED RETROSPOT,2,4/9/2011 9:17,1.95,13911.0,United Kingdom
550912,20725,LUNCH BAG RED RETROSPOT,6,4/9/2011 9:17,1.65,13911.0,United Kingdom
550912,22913,RED COAT RACK PARIS FASHION,2,4/9/2011 9:17,4.95,13911.0,United Kingdom
550912,84406B,CREAM CUPID HEARTS COAT HANGER,6,4/9/2011 9:17,2.75,13911.0,United Kingdom
550912,22623,BOX OF VINTAGE JIGSAW BLOCKS,24,4/9/2011 9:17,4.95,13911.0,United Kingdom
550912,22745,POPPY'S PLAYHOUSE BEDROOM,24,4/9/2011 9:17,2.1,13911.0,United Kingdom
550912,84029G,KNITTED UNION FLAG HOT WATER BOTTLE,48,4/9/2011 9:17,3.39,13911.0,United Kingdom
550912,22752,SET 7 BABUSHKA NESTING BOXES,4,4/9/2011 9:17,7.65,13911.0,United Kingdom
550912,20725,LUNCH BAG RED RETROSPOT,24,4/9/2011 9:17,1.65,13911.0,United Kingdom
550912,22960,JAM MAKING SET WITH JARS,12,4/9/2011 9:17,4.25,13911.0,United Kingdom
550912,22913,RED COAT RACK PARIS FASHION,2,4/9/2011 9:17,4.95,13911.0,United Kingdom
550912,22960,JAM MAKING SET WITH JARS,4,4/9/2011 9:17,4.25,13911.0,United Kingdom
550912,71053,WHITE METAL LANTERN,8,4/9/2011 9:17,3.39,13911.0,United Kingdom
550912,84029E,RED WOOLLY HOTTIE WHITE HEART.,4,4/9/2011 9:17,3.39,13911.0,United Kingdom
550912,20725,LUNCH BAG RED RETROSPOT,3,4/9/2011 9:17,1.65,13911.0,United Kingdom
550912,22752,SET 7 BABUSHKA NESTING BOXES,12,4/9/2011 9:17,7.65,13911.0,United Kingdom
550982,71053,WHITE METAL LANTERN,6,4/9/2011 15:36,3.39,15283.0,United Kingdom
550982,84406B,CREAM CUPID HEARTS COAT HANGER,6,4/9/2011 15:36,2.75,15283.0,United Kingdom
550982,22748,POPPY'S PLAYHOUSE KITCHEN,48,4/9/2011 15:36,2.1,15283.0,United Kingdom
550982,22633,HAND WARMER UNION JACK,4,4/9/2011 15:36,1.85,15283.0,United Kingdom
550982,22423,REGENCY CAKESTAND 3 TIER,8,4/9/2011 15:36,12.75,15283.0,United Kingdom
550982,84406B,CREAM CUPID HEARTS COAT HANGER,48,4/9/2011 15:36,2.75,15283.0,United Kingdom
550982,22613,PACK OF 20 SPACEBOY NAPKINS,12,4/9/2011 15:36,0.85,15283.0,United Kingdom
550982,84969,BOX OF 6 ASSORTED COLOUR TEASPOONS,4,4/9/2011 15:36,4.25,15283.0,United Kingdom
551052,71053,WHITE METAL LANTERN,24,4/10/2011 9:39,3.39,16568.0,United Kingdom
551052,85123A,WHITE HANGING HEART T-LIGHT HOLDER,6,4/10/2011 9:39,2.55,16568.0,United Kingdom
551052,22423,REGENCY CAKESTAND 3 TIER,3,4/10/2011 9:39,12.75,16568.0,United Kingdom
551052,47566,PARTY BUNTING,6,4/10/2011 9:39,4.95,16568.0,United Kingdom
551052,84879,ASSORTED COLOUR BIRD ORNAMENT,3,4/10/2011 9:39,1.69,16568.0,United Kingdom
551052,84029E,RED WOOLLY HOTTIE WHITE HEART.,8,4/10/2011 9:39,3.39,16568.0,United Kingdom
551052,48187,DOORMAT NEW ENGLAND,3,4/10/2011 9:39,7.95,16568.0,United Kingdom
551052,84969,BOX OF 6 ASSORTED COLOUR TEASPOONS,12,4/10/2011 9:39,4.25,16568.0,United Kingdom
551052,85123A,WHITE HANGING HEART T-LIGHT HOLDER,1,4/10/2011 9:39,2.55,16568.0,United Kingdom
551052,84879,ASSORTED COLOUR BIRD ORNAMENT,4,4/10/2011 9:39,1.69,16568.0,United Kingdom
551052,22745,POPPY'S PLAYHOUSE BEDROOM,2,4/10/2011 9:39,2.1,16568.0,United Kingdom
551052,22633,HAND WARMER UNION JACK,6,4/10/2011 9:39,1.85,16568.0,United Kingdom
551052,22960,JAM MAKING SET WITH JARS,48,4/10/2011 9:39,4.25,16568.0,United Kingdom
551052,22748,POPPY'S PLAYHOUSE KITCHEN,1,4/10/2011 9:39,2.1,16568.0,United Kingdom
551052,21755,LOVE BUILDING BLOCK WORD,1,4/10/2011 9:39,5.95,16568.0,United Kingdom
551052,20725,LUNCH BAG RED RETROSPOT,6,4/10/2011 9:39,1.65,16568.0,United Kingdom
551052,22960,JAM MAKING SET WITH JARS,12,4/10/2011 9:39,4.25,16568.0,United Kingdom
551052,84879,ASSORTED COLOUR BIRD ORNAMENT,8,4/10/2011 9:39,1.69,16568.0,United Kingdom
551113,22752,SET 7 BABUSHKA NESTING BOXES,1,4/10/2011 14:22,7.65,14084.0,United Kingdom
551113,22752,SET 7 BABUSHKA NESTING BOXES,12,4/10/2011 14:22,7.65,14084.0,United Kingdom
551113,22752,SET 7 BABUSHKA NESTING BOXES,6,4/10/2011 14:22,7.65,14084.0,United Kingdom
551113,22745,POPPY'S PLAYHOUSE BEDROOM,4,4/10/2011 14:22,2.1,14084.0,United Kingdom
551113,84029E,RED WOOLLY HOTTIE WHITE HEART.,8,4/10/2011 14:22,3.39,14084.0,United Kingdom
551113,22748,POPPY'S PLAYHOUSE KITCHEN,2,4/10/2011 14:22,2.1,14084.0,United Kingdom
551113,85099B,JUMBO BAG RED RETROSPOT,6,4/10/2011 14:22,1.95,14084.0,United Kingdom
551113,21212,PACK OF 72 RETROSPOT CAKE CASES,48,4/10/2011 14:22,0.55,14084.0,United Kingdom
551113,22913,RED COAT RACK PARIS FASHION,24,4/10/2011 14:22,4.95,14084.0,United Kingdom
551113,84029G,KNITTED UNION FLAG HOT WATER BOTTLE,12,4/10/2011 14:22,3.39,14084.0,United Kingdom
551181,21730,GLASS STAR FROSTED T-LIGHT HOLDER,48,4/11/2011 11:47,4.25,13094.0,United Kingdom
551181,22913,RED COAT RACK PARIS FASHION,8,4/11/2011 11:47,4.95,13094.0,United Kingdom
551230,47566,PARTY BUNTING,2,4/11/2011 18:04,4.95,,United Kingdom
551230,22423,REGENCY CAKESTAND 3 TIER,12,4/11/2011 18:04,12.75,,United Kingdom
551230,22197,SMALL POPCORN HOLDER,8,4/11/2011 18:04,0.85,,United Kingdom
551230,22960,JAM MAKING SET WITH JARS,48,4/11/2011 18:04,4.25,,United Kingdom
551279,22913,RED COAT RACK PARIS FASHION,12,4/12/2011 10:36,4.95,16935.0,United Kingdom
551279,22913,RED COAT RACK PARIS FASHION,3,4/12/2011 10:36,4.95,16935.0,United Kingdom
551279,22310,IVORY KNITTED MUG COSY,3,4/12/2011 10:36,1.65,16935.0,United Kingdom
551279,22613,PACK OF 20 SPACEBOY NAPKINS,3,4/12/2011 10:36,0.85,16935.0,United Kingdom
551279,22752,SET 7 BABUSHKA NESTING BOXES,8,4/12/2011 10:36,7.65,16935.0,United Kingdom
551279,22613,PACK OF 20 SPACEBOY NAPKINS,12,4/12/2011 10:36,0.85,16935.0,United Kingdom
551279,85123A,WHITE HANGING HEART T-LIGHT HOLDER,4,4/12/2011 10:36,2.55,16935.0,United Kingdom
551279,85099B,JUMBO BAG RED RETROSPOT,4,4/12/2011 10:36,1.95,16935.0,United Kingdom
551279,22633,HAND WARMER UNION JACK,2,4/12/2011 10:36,1.85,16935.0,United Kingdom
551279,22632,HAND WARMER RED POLKA DOT,6,4/12/2011 10:36,1.85,16935.0,United Kingdom
551279,48187,DOORMAT NEW ENGLAND,1,4/12/2011 10:36,7.95,16935.0,United Kingdom
551279,22423,REGENCY CAKESTAND 3 TIER,24,4/12/2011 10:36,12.75,16935.0,United Kingdom
551279,48187,DOORMAT NEW ENGLAND,12,4/12/2011 10:36,7.95,16935.0,United Kingdom
551279,20725,LUNCH BAG RED RETROSPOT,2,4/12/2011 10:36,1.65,16935.0,United Kingdom
551279,21730,GLASS STAR FROSTED T-LIGHT HOLDER,1,4/12/2011 10:36,4.25,16935.0,United Kingdom
551279,71053,WHITE METAL LANTERN,12,4/12/2011 10:36,3.39,16935.0,United Kingdom
551349,21730,GLASS STAR FROSTED T-LIGHT HOLDER,24,4/12/2011 18:09,4.25,17460.0,United Kingdom
551349,22752,SET 7 BABUSHKA NESTING BOXES,6,4/12/2011 18:09,7.65,17460.0,United Kingdom
551349,22745,POPPY'S PLAYHOUSE BEDROOM,8,4/12/2011 18:09,2.1,17460.0,United Kingdom
551349,22752,SET 7 BABUSHKA NESTING BOXES,48,4/12/2011 18:09,7.65,17460.0,United Kingdom
551349,84406B,CREAM CUPID HEARTS COAT HANGER,8,4/12/2011 18:09,2.75,17460.0,United Kingdom
551349,22613,PACK OF 20 SPACEBOY NAPKINS,8,4/12/2011 18:09,0.85,17460.0,United Kingdom
551349,22197,SMALL POPCORN HOLDER,12,4/12/2011 18:09,0.85,17460.0,United Kingdom
551349,22960,JAM MAKING SET WITH JARS,2,4/12/2011 18:09,4.25,17460.0,United Kingdom
551349,22745,POPPY'S PLAYHOUSE BEDROOM,12,4/12/2011 18:09,2.1,17460.0,United Kingdom
551349,85099B,JUMBO BAG RED RETROSPOT,2,4/12/2011 18:09,1.95,17460.0,United Kingdom
551349,21754,HOME BUILDING BLOCK WORD,8,4/12/2011 18:09,5.95,17460.0,United Kingdom
551349,84879,ASSORTED COLOUR BIRD ORNAMENT,12,4/12/2011 18:09,1.69,17460.0,United Kingdom
551397,22745,POPPY'S PLAYHOUSE BEDROOM,6,4/13/2011 11:55,2.1,15962.0,United Kingdom
551397,85123A,WHITE HANGING HEART T-LIGHT HOLDER,24,4/13/2011 11:55,2.55,15962.0,United Kingdom
551397,22720,SET OF 3 CAKE TINS PANTRY DESIGN,24,4/13/2011 11:55,4.95,15962.0,United Kingdom
551397,84029E,RED WOOLLY HOTTIE WHITE HEART.,8,4/13/2011 11:55,3.39,15962.0,United Kingdom
551397,84029E,RED WOOLLY HOTTIE WHITE HEART.,24,4/13/2011 11:55,3.39,15962.0,United Kingdom
551397,22633,HAND WARMER UNION JACK,6,4/13/2011 11:55,1.85,15962.0,United Kingdom
551397,21730,GLASS STAR FROSTED T-LIGHT HOLDER,8,4/13/2011 11:55,4.25,15962.0,United Kingdom
551397,22633,HAND WARMER UNION JACK,8,4/13/2011 11:55,1.85,15962.0,United Kingdom
551397,21212,PACK OF 72 RETROSPOT CAKE CASES,6,4/13/2011 11:55,0.55,15962.0,United Kingdom
551397,84879,ASSORTED COLOUR BIRD ORNAMENT,1,4/13/2011 11:55,1.69,15962.0,United Kingdom
551397,21730,GLASS STAR FROSTED T-LIGHT HOLDER,8,4/13/2011 11:55,4.25,15962.0,United Kingdom
551397,85099B,JUMBO BAG RED RETROSPOT,12,4/13/2011 11:55,1.95,15962.0,United Kingdom
551397,23084,RABBIT NIGHT LIGHT,2,4/13/2011 11:55,2.08,15962.0,United Kingdom
551397,21755,LOVE BUILDING BLOCK WORD,12,4/13/2011 11:55,5.95,15962.0,United Kingdom
551397,71053,WHITE METAL LANTERN,6,4/13/2011 11:55,3.39,15962.0,United Kingdom
551397,22632,HAND WARMER RED POLKA DOT,6,4/13/2011 11:55,1.85,15962.0,United Kingdom
551397,22632,HAND WARMER RED POLKA DOT,6,4/13/2011 11:55,1.85,15962.0,United Kingdom
551397,84029E,RED WOOLLY HOTTIE WHITE HEART.,8,4/13/2011 11:55,3.39,15962.0,United Kingdom
551397,84029G,KNITTED UNION FLAG HOT WATER BOTTLE,6,4/13/2011 11:55,3.39,15962.0,United Kingdom
551397,84029E,RED WOOLLY HOTTIE WHITE HEART.,4,4/13/2011 11:55,3.39,15962.0,United Kingdom
551397,22960,JAM MAKING SET WITH JARS,24,4/13/2011 11:55,4.25,15962.0,United Kingdom
551466,21212,PACK OF 72 RETROSPOT CAKE CASES,2,4/14/2011 10:25,0.55,17532.0,United Kingdom
551466,22913,RED COAT RACK PARIS FASHION,2,4/14/2011 10:25,4.95,17532.0,United Kingdom
551466,22633,HAND WARMER UNION JACK,24,4/14/2011 10:25,1.85,17532.0,United Kingdom
551466,21212,PACK OF 72 RETROSPOT CAKE CASES,4,4/14/2011 10:25,0.55,17532.0,United Kingdom
551466,21754,HOME BUILDING BLOCK WORD,48,4/14/2011 10:25,5.95,17532.0,United Kingdom
551466,22613,PACK OF 20 SPACEBOY NAPKINS,1,4/14/2011 10:25,0.85,17532.0,United Kingdom
551466,21755,LOVE BUILDING BLOCK WORD,24,4/14/2011 10:25,5.95,17532.0,United Kingdom
551466,20725,LUNCH BAG RED RETROSPOT,8,4/14/2011 10:25,1.65,17532.0,United Kingdom
551466,22197,SMALL POPCORN HOLDER,3,4/14/2011 10:25,0.85,17532.0,United Kingdom
551466,85123A,WHITE HANGING HEART T-LIGHT HOLDER,1,4/14/2011 10:25,2.55,17532.0,United Kingdom
551466,21777,RECIPE BOX WITH METAL HEART,3,4/14/2011 10:25,7.95,17532.0,United Kingdom
551466,71053,WHITE METAL LANTERN,3,4/14/2011 10:25,3.39,17532.0,United Kingdom
551466,23084,RABBIT NIGHT LIGHT,1,4/14/2011 10:25,2.08,17532.0,United Kingdom
551466,21755,LOVE BUILDING BLOCK WORD,24,4/14/2011 10:25,5.95,17532.0,United Kingdom
551466,22960,JAM MAKING SET WITH JARS,6,4/14/2011 10:25,4.25,17532.0,United Kingdom
551523,22623,BOX OF VINTAGE JIGSAW BLOCKS,2,4/15/2011 9:09,4.95,,United Kingdom
551523,22310,IVORY KNITTED MUG COSY,2,4/15/2011 9:09,1.65,,United Kingdom
551523,22745,POPPY'S PLAYHOUSE BEDROOM,4,4/15/2011 9:09,2.1,,United Kingdom
551523,20725,LUNCH BAG RED RETROSPOT,4,4/15/2011 9:09,1.65,,United Kingdom
551569,21754,HOME BUILDING BLOCK WORD,24,4/15/2011 17:19,5.95,13403.0,France
551630,85099B,JUMBO BAG RED RETROSPOT,8,4/16/2011 9:53,1.95,17365.0,United Kingdom
551630,21730,GLASS STAR FROSTED T-LIGHT HOLDER,8,4/16/2011 9:53,4.25,17365.0,United Kingdom
551688,21730,GLASS STAR FROSTED T-LIGHT HOLDER,24,4/16/2011 15:46,4.25,15156.0,United Kingdom
551688,22197,SMALL POPCORN HOLDER,1,4/16/2011 15:46,0.85,15156.0,United Kingdom
551688,48187,DOORMAT NEW ENGLAND,48,4/16/2011 15:46,7.95,15156.0,United Kingdom
551688,84029G,KNITTED UNION FLAG HOT WATER BOTTLE,24,4/16/2011 15:46,3.39,15156.0,United Kingdom
551688,21755,LOVE BUILDING BLOCK WORD,1,4/16/2011 15:46,5.95,15156.0,United Kingdom
551688,22913,RED COAT RACK PARIS FASHION,6,4/16/2011 15:46,4.95,15156.0,United Kingdom
551688,22633,HAND WARMER UNION JACK,6,4/16/2011 15:46,1.85,15156.0,United Kingdom
551688,22197,SMALL POPCORN HOLDER,8,4/16/2011 15:46,0.85,15156.0,United Kingdom
551688,22633,HAND WARMER UNION JACK,3,4/16/2011 15:46,1.85,15156.0,United Kingdom
551688,22748,POPPY'S PLAYHOUSE KITCHEN,6,4/16/2011 15:46,2.1,15156.0,United Kingdom
551688,21777,RECIPE BOX WITH METAL HEART,12,4/16/2011 15:46,7.95,15156.0,United Kingdom
551688,22633,HAND WARMER UNION JACK,1,4/16/2011 15:46,1.85,15156.0,United Kingdom
551688,21777,RECIPE BOX WITH METAL HEART,1,4/16/2011 15:46,7.95,15156.0,United Kingdom
551688,84029G,KNITTED UNION FLAG HOT WATER BOTTLE,3,4/16/2011 15:46,3.39,15156.0,United Kingdom
551758,21212,PACK OF 72 RETROSPOT CAKE CASES,8,4/16/2011 18:36,0.55,13598.0,United Kingdom
551758,21754,HOME BUILDING BLOCK WORD,48,4/16/2011 18:36,5.95,13598.0,United Kingdom
551758,21777,RECIPE BOX WITH METAL HEART,2,4/16/2011 18:36,7.95,13598.0,United Kingdom
551758,48187,DOORMAT NEW ENGLAND,1,4/16/2011 18:36,7.95,13598.0,United Kingdom
551758,21212,PACK OF 72 RETROSPOT CAKE CASES,1,4/16/2011 18:36,0.55,13598.0,United Kingdom
551812,22745,POPPY'S PLAYHOUSE BEDROOM,8,4/17/2011 11:06,2.1,,United Kingdom
551812,84029E,RED WOOLLY HOTTIE WHITE HEART.,12,4/17/2011 11:06,3.39,,United Kingdom
551812,85099B,JUMBO BAG RED RETROSPOT,12,4/17/2011 11:06,1.95,,United Kingdom
551812,23084,RABBIT NIGHT LIGHT,24,4/17/2011 11:06,2.08,,United Kingdom
551812,21777,RECIPE BOX WITH METAL HEART,2,4/17/2011 11:06,7.95,,United Kingdom
551812,47566,PARTY BUNTING,48,4/17/2011 11:06,4.95,,United Kingdom
551812,22197,,1,4/17/2011 11:06,0.85,,United Kingdom
551812,22423,REGENCY CAKESTAND 3 TIER,12,4/17/2011 11:06,12.75,,United Kingdom
551812,22720,SET OF 3 CAKE TINS PANTRY DESIGN,48,4/17/2011 11:06,4.95,,United Kingdom
551812,22197,SMALL POPCORN HOLDER,24,4/17/2011 11:06,0.85,,United Kingdom
551812,22720,SET OF 3 CAKE TINS PANTRY DESIGN,12,4/17/2011 11:06,4.95,,United Kingdom
551883,22423,REGENCY CAKESTAND 3 TIER,1,4/17/2011 14:46,12.75,15171.0,United Kingdom
551883,22632,HAND WARMER RED POLKA DOT,2,4/17/2011 14:46,1.85,15171.0,United Kingdom
551883,22423,REGENCY CAKESTAND 3 TIER,4,4/17/2011 14:46,12.75,15171.0,United Kingdom
551883,22913,RED COAT RACK PARIS FASHION,4,4/17/2011 14:46,4.95,15171.0,United Kingdom
551883,47566,PARTY BUNTING,3,4/17/2011 14:46,4.95,15171.0,United Kingdom
551883,22960,JAM MAKING SET WITH JARS,3,4/17/2011 14:46,4.25,15171.0,United Kingdom
551883,22197,SMALL POPCORN HOLDER,3,4/17/2011 14:46,0.85,15171.0,United Kingdom
551883,21777,RECIPE BOX WITH METAL HEART,1,4/17/2011 14:46,7.95,15171.0,United Kingdom
551883,84879,ASSORTED COLOUR BIRD ORNAMENT,6,4/17/2011 14:46,1.69,15171.0,United Kingdom
551883,85099B,JUMBO BAG RED RETROSPOT,4,4/17/2011 14:46,1.95,15171.0,United Kingdom
551883,21777,RECIPE BOX WITH METAL HEART,24,4/17/2011 14:46,7.95,15171.0,United Kingdom
551883,22632,HAND WARMER RED POLKA DOT,6,4/17/2011 14:46,1.85,15171.0,United Kingdom
551883,20725,LUNCH BAG RED RETROSPOT,2,4/17/2011 14:46,1.65,15171.0,United Kingdom
551883,22623,BOX OF VINTAGE JIGSAW BLOCKS,12,4/17/2011 14:46,4.95,15171.0,United Kingdom
551883,22632,HAND WARMER RED POLKA DOT,6,4/17/2011 14:46,1.85,15171.0,United Kingdom
551883,85123A,WHITE HANGING HEART T-LIGHT HOLDER,12,4/17/2011 14:46,2.55,15171.0,United Kingdom
551883,22310,IVORY KNITTED MUG COSY,24,4/17/2011 14:46,1.65,15171.0,United Kingdom
551883,21755,LOVE BUILDING BLOCK WORD,3,4/17/2011 14:46,5.95,15171.0,United Kingdom
551883,84029G,KNITTED UNION FLAG HOT WATER BOTTLE,4,4/17/2011 14:46,3.39,15171.0,United Kingdom
551883,85123A,WHITE HANGING HEART T-LIGHT HOLDER,48,4/17/2011 14:46,2.55,15171.0,United Kingdom
551883,22633,HAND WARMER UNION JACK,6,4/17/2011 14:46,1.85,15171.0,United Kingdom
551883,21212,PACK OF 72 RETROSPOT CAKE CASES,1,4/17/2011 14:46,0.55,15171.0,United Kingdom
551935,22752,SET 7 BABUSHKA NESTING BOXES,24,4/17/2011 19:21,7.65,12506.0,United Kingdom
551935,84029E,RED WOOLLY HOTTIE WHITE HEART.,3,4/17/2011 19:21,3.39,12506.0,United Kingdom
551935,22632,HAND WARMER RED POLKA DOT,3,4/17/2011 19:21,1.85,12506.0,United Kingdom
551935,22752,SET 7 BABUSHKA NESTING BOXES,3,4/17/2011 19:21,7.65,12506.0,United Kingdom
551935,71053,WHITE METAL LANTERN,2,4/17/2011 19:21,3.39,12506.0,United Kingdom
551935,22632,HAND WARMER RED POLKA DOT,4,4/17/2011 19:21,1.85,12506.0,United Kingdom
551935,22310,IVORY KNITTED MUG COSY,1,4/17/2011 19:21,1.65,12506.0,United Kingdom
551935,48187,DOORMAT NEW ENGLAND,1,4/17/2011 19:21,7.95,12506.0,United Kingdom
551935,22310,IVORY KNITTED MUG COSY,3,4/17/2011 19:21,1.65,12506.0,United Kingdom
551935,22197,SMALL POPCORN HOLDER,8,4/17/2011 19:21,0.85,12506.0,United Kingdom
551935,22720,SET OF 3 CAKE TINS PANTRY DESIGN,1,4/17/2011 19:21,4.95,12506.0,United Kingdom
551935,20725,LUNCH BAG RED RETROSPOT,3,4/17/2011 19:21,1.65,12506.0,United Kingdom
551935,21755,LOVE BUILDING BLOCK WORD,8,4/17/2011 19:21,5.95,12506.0,United Kingdom
551935,22633,HAND WARMER UNION JACK,3,4/17/2011 19:21,1.85,12506.0,United Kingdom
551935,20725,LUNCH BAG RED RETROSPOT,48,4/17/2011 19:21,1.65,12506.0,United Kingdom
551935,22423,REGENCY CAKESTAND 3 TIER,8,4/17/2011 19:21,12.75,12506.0,United Kingdom
551935,22752,SET 7 BABUSHKA NESTING BOXES,6,4/17/2011 19:21,7.65,12506.0,United Kingdom
551935,71053,WHITE METAL LANTERN,24,4/17/2011 19:21,3.39,12506.0,United Kingdom
551935,22960,JAM MAKING SET WITH JARS,3,4/17/2011 19:21,4.25,12506.0,United Kingdom
551935,84879,ASSORTED COLOUR BIRD ORNAMENT,48,4/17/2011 19:21,1.69,12506.0,United Kingdom
551935,48187,DOORMAT NEW ENGLAND,48,4/17/2011 19:21,7.95,12506.0,United Kingdom
551935,84029E,RED WOOLLY HOTTIE WHITE HEART.,12,4/17/2011 19:21,3.39,12506.0,United Kingdom
552004,84029E,RED WOOLLY HOTTIE WHITE HEART.,24,4/18/2011 11:37,3.39,17949.0,United Kingdom
552004,85099B,JUMBO BAG RED RETROSPOT,8,4/18/2011 11:37,1.95,17949.0,United Kingdom
552004,22613,PACK OF 20 SPACEBOY NAPKINS,6,4/18/2011 11:37,0.85,17949.0,United Kingdom
552004,22960,JAM MAKING SET WITH JARS,4,4/18/2011 11:37,4.25,17949.0,United Kingdom
552004,22913,RED COAT RACK PARIS FASHION,48,4/18/2011 11:37,4.95,17949.0,United Kingdom
552004,84406B,CREAM CUPID HEARTS COAT HANGER,6,4/18/2011 11:37,2.75,17949.0,United Kingdom
552004,21777,RECIPE BOX WITH METAL HEART,2,4/18/2011 11:37,7.95,17949.0,United Kingdom
552004,22745,POPPY'S PLAYHOUSE BEDROOM,8,4/18/2011 11:37,2.1,17949.0,United Kingdom
552004,21777,RECIPE BOX WITH METAL HEART,4,4/18/2011 11:37,7.95,17949.0,United Kingdom
552004,21755,LOVE BUILDING BLOCK WORD,12,4/18/2011 11:37,5.95,17949.0,United Kingdom
552075,84406B,CREAM CUPID HEARTS COAT HANGER,24,4/18/2011 18:57,2.75,,United Kingdom
552075,84406B,,12,4/18/2011 18:57,2.75,,United Kingdom
552075,85099B,JUMBO BAG RED RETROSPOT,3,4/18/2011 18:57,1.95,,United Kingdom
552075,22748,POPPY'S PLAYHOUSE KITCHEN,6,4/18/2011 18:57,2.1,,United Kingdom
552075,22197,SMALL POPCORN HOLDER,4,4/18/2011 18:57,0.85,,United Kingdom
552075,22745,POPPY'S PLAYHOUSE BEDROOM,12,4/18/2011 18:57,2.1,,United Kingdom
552075,84029G,KNITTED UNION FLAG HOT WATER BOTTLE,8,4/18/2011 18:57,3.39,,United Kingdom
552075,47566,PARTY BUNTING,2,4/18/2011 18:57,4.95,,United Kingdom
552075,21755,LOVE BUILDING BLOCK WORD,8,4/18/2011 18:57,5.95,,United Kingdom
552075,21212,PACK OF 72 RETROSPOT CAKE CASES,12,4/18/2011 18:57,0.55,,United Kingdom
552075,22913,RED COAT RACK PARIS FASHION,8,4/18/2011 18:57,4.95,,United Kingdom
552147,21212,PACK OF 72 RETROSPOT CAKE CASES,1,4/19/2011 10:55,0.55,12499.0,United Kingdom
552147,84029E,RED WOOLLY HOTTIE WHITE HEART.,6,4/19/2011 10:55,3.39,12499.0,United Kingdom
552147,71053,WHITE METAL LANTERN,4,4/19/2011 10:55,3.39,12499.0,United Kingdom
552147,21212,PACK OF 72 RETROSPOT CAKE CASES,12,4/19/2011 10:55,0.55,12499.0,United Kingdom
552147,22720,SET OF 3 CAKE TINS PANTRY DESIGN,24,4/19/2011 10:55,4.95,12499.0,United Kingdom
552147,21212,PACK OF 72 RETROSPOT CAKE CASES,48,4/19/2011 10:55,0.55,12499.0,United Kingdom
552147,22310,IVORY KNITTED MUG COSY,24,4/19/2011 10:55,1.65,12499.0,United Kingdom
552147,22310,IVORY KNITTED MUG COSY,1,4/19/2011 10:55,1.65,12499.0,United Kingdom
552147,22633,HAND WARMER UNION JACK,6,4/19/2011 10:55,1.85,12499.0,United Kingdom
552147,71053,WHITE METAL LANTERN,6,4/19/2011 10:55,3.39,12499.0,United Kingdom
552147,22720,SET OF 3 CAKE TINS PANTRY DESIGN,8,4/19/2011 10:55,4.95,12499.0,United Kingdom
552147,84029G,KNITTED UNION FLAG HOT WATER BOTTLE,4,4/19/2011 10:55,3.39,12499.0,United Kingdom
552147,21754,HOME BUILDING BLOCK WORD,8,4/19/2011 10:55,5.95,12499.0,United Kingdom
552147,21777,RECIPE BOX WITH METAL HEART,1,4/19/2011 10:55,7.95,12499.0,United Kingdom
552147,22423,REGENCY CAKESTAND 3 TIER,24,4/19/2011 10:55,12.75,12499.0,United Kingdom
552147,84029E,RED WOOLLY HOTTIE WHITE HEART.,12,4/19/2011 10:55,3.39,12499.0,United Kingdom
552147,85123A,WHITE HANGING HEART T-LIGHT HOLDER,24,4/19/2011 10:55,2.55,12499.0,United Kingdom
552147,85123A,WHITE HANGING HEART T-LIGHT HOLDER,8,4/19/2011 10:55,2.55,12499.0,United Kingdom
552190,21777,RECIPE BOX WITH METAL HEART,48,4/20/2011 11:19,7.95,14058.0,United Kingdom
552190,22613,PACK OF 20 SPACEBOY NAPKINS,6,4/20/2011 11:19,0.85,14058.0,United Kingdom
552190,22748,POPPY'S PLAYHOUSE KITCHEN,3,4/20/2011 11:19,2.1,14058.0,United Kingdom
552190,21212,PACK OF 72 RETROSPOT CAKE CASES,3,4/20/2011 11:19,0.55,14058.0,United Kingdom
552190,22745,POPPY'S PLAYHOUSE BEDROOM,48,4/20/2011 11:19,2.1,14058.0,United Kingdom
552190,22632,HAND WARMER RED POLKA DOT,24,4/20/2011 11:19,1.85,14058.0,United Kingdom
552190,48187,DOORMAT NEW ENGLAND,24,4/20/2011 11:19,7.95,14058.0,United Kingdom
552190,22423,REGENCY CAKESTAND 3 TIER,3,4/20/2011 11:19,12.75,14058.0,United Kingdom
552190,22748,POPPY'S PLAYHOUSE KITCHEN,48,4/20/2011 11:19,2.1,14058.0,United Kingdom
552190,22632,HAND WARMER RED POLKA DOT,12,4/20/2011 11:19,1.85,14058.0,United Kingdom
552240,23084,RABBIT NIGHT LIGHT,6,4/21/2011 11:10,2.08,12590.0,United Kingdom
552240,22632,HAND WARMER RED POLKA DOT,48,4/21/2011 11:10,1.85,12590.0,United Kingdom
552240,22632,HAND WARMER RED POLKA DOT,8,4/21/2011 11:10,1.85,12590.0,United Kingdom
552240,48187,DOORMAT NEW ENGLAND,24,4/21/2011 11:10,7.95,12590.0,United Kingdom
552240,22197,SMALL POPCORN HOLDER,2,4/21/2011 11:10,0.85,12590.0,United Kingdom
552240,22748,POPPY'S PLAYHOUSE KITCHEN,6,4/21/2011 11:10,2.1,12590.0,United Kingdom
552240,48187,DOORMAT NEW ENGLAND,4,4/21/2011 11:10,7.95,12590.0,United Kingdom
552240,71053,WHITE METAL LANTERN,6,4/21/2011 11:10,3.39,12590.0,United Kingdom
552240,22310,IVORY KNITTED MUG COSY,48,4/21/2011 11:10,1.65,12590.0,United Kingdom
552240,85099B,JUMBO BAG RED RETROSPOT,4,4/21/2011 11:10,1.95,12590.0,United Kingdom
552240,22913,RED COAT RACK PARIS FASHION,1,4/21/2011 11:10,4.95,12590.0,United Kingdom
552304,23084,RABBIT NIGHT LIGHT,24,4/21/2011 17:24,2.08,14660.0,United Kingdom
552304,84029G,KNITTED UNION FLAG HOT WATER BOTTLE,48,4/21/2011 17:24,3.39,14660.0,United Kingdom
552304,47566,PARTY BUNTING,8,4/21/2011 17:24,4.95,14660.0,United Kingdom
552304,22613,PACK OF 20 SPACEBOY NAPKINS,4,4/21/2011 17:24,0.85,14660.0,United Kingdom
552304,22913,RED COAT RACK PARIS FASHION,3,4/21/2011 17:24,4.95,14660.0,United Kingdom
552304,84969,BOX OF 6 ASSORTED COLOUR TEASPOONS,1,4/21/2011 17:24,4.25,14660.0,United Kingdom
552304,22423,REGENCY CAKESTAND 3 TIER,8,4/21/2011 17:24,12.75,14660.0,United Kingdom
552304,21777,RECIPE BOX WITH METAL HEART,48,4/21/2011 17:24,7.95,14660.0,United Kingdom
552304,22748,POPPY'S PLAYHOUSE KITCHEN,1,4/21/2011 17:24,2.1,14660.0,United Kingdom
552304,84969,BOX OF 6 ASSORTED COLOUR TEASPOONS,24,4/21/2011 17:24,4.25,14660.0,United Kingdom
552304,23084,RABBIT NIGHT LIGHT,1,4/21/2011 17:24,2.08,14660.0,United Kingdom
552304,22633,HAND WARMER UNION JACK,4,4/21/2011 17:24,1.85,14660.0,United Kingdom
552304,21754,HOME BUILDING BLOCK WORD,1,4/21/2011 17:24,5.95,14660.0,United Kingdom
552304,22633,HAND WARMER UNION JACK,2,4/21/2011 17:24,1.85,14660.0,United Kingdom
552367,84969,BOX OF 6 ASSORTED COLOUR TEASPOONS,1,4/22/2011 11:14,4.25,13750.0,United Kingdom
552367,22748,POPPY'S PLAYHOUSE KITCHEN,4,4/22/2011 11:14,2.1,13750.0,United Kingdom
552367,84969,BOX OF 6 ASSORTED COLOUR TEASPOONS,8,4/22/2011 11:14,4.25,13750.0,United Kingdom
552367,84029G,KNITTED UNION FLAG HOT WATER BOTTLE,4,4/22/2011 11:14,3.39,13750.0,United Kingdom
552367,22633,HAND WARMER UNION JACK,12,4/22/2011 11:14,1.85,13750.0,United Kingdom
552367,22720,SET OF 3 CAKE TINS PANTRY DESIGN,3,4/22/2011 11:14,4.95,13750.0,United Kingdom
552367,21755,LOVE BUILDING BLOCK WORD,3,4/22/2011 11:14,5.95,13750.0,United Kingdom
552367,22623,BOX OF VINTAGE JIGSAW BLOCKS,8,4/22/2011 11:14,4.95,13750.0,United Kingdom
552367,21754,HOME BUILDING BLOCK WORD,24,4/22/2011 11:14,5.95,13750.0,United Kingdom
552367,48187,DOORMAT NEW ENGLAND,48,4/22/2011 11:14,7.95,13750.0,United Kingdom
552367,21212,PACK OF 72 RETROSPOT CAKE CASES,48,4/22/2011 11:14,0.55,13750.0,United Kingdom
552367,84029E,RED WOOLLY HOTTIE WHITE HEART.,24,4/22/2011 11:14,3.39,13750.0,United Kingdom
552367,22310,IVORY KNITTED MUG COSY,8,4/22/2011 11:14,1.65,13750.0,United Kingdom
552367,22623,BOX OF VINTAGE JIGSAW BLOCKS,24,4/22/2011 11:14,4.95,13750.0,United Kingdom
552367,23084,RABBIT NIGHT LIGHT,2,4/22/2011 11:14,2.08,13750.0,United Kingdom
552367,84969,BOX OF 6 ASSORTED COLOUR TEASPOONS,2,4/22/2011 11:14,4.25,13750.0,United Kingdom
552367,22623,BOX OF VINTAGE JIGSAW BLOCKS,3,4/22/2011 11:14,4.95,13750.0,United Kingdom
552367,22310,IVORY KNITTED MUG COSY,4,4/22/2011 11:14,1.65,13750.0,United Kingdom
552367,20725,LUNCH BAG RED RETROSPOT,2,4/22/2011 11:14,1.65,13750.0,United Kingdom
552367,22913,RED COAT RACK PARIS FASHION,12,4/22/2011 11:14,4.95,13750.0,United Kingdom
552367,22197,SMALL POPCORN HOLDER,6,4/22/2011 11:14,0.85,13750.0,United Kingdom
552367,84029G,KNITTED UNION FLAG HOT WATER BOTTLE,24,4/22/2011 11:14,3.39,13750.0,United Kingdom
552423,84879,ASSORTED COLOUR BIRD ORNAMENT,48,4/22/2011 14:19,1.69,16660.0,Germany
552423,84029G,KNITTED UNION FLAG HOT WATER BOTTLE,4,4/22/2011 14:19,3.39,16660.0,Germany
552423,84029G,KNITTED UNION FLAG HOT WATER BOTTLE,48,4/22/2011 14:19,3.39,16660.0,Germany
552423,84969,BOX OF 6 ASSORTED COLOUR TEASPOONS,4,4/22/2011 14:19,4.25,16660.0,Germany
552423,84969,BOX OF 6 ASSORTED COLOUR TEASPOONS,1,4/22/2011 14:19,4.25,16660.0,Germany
552423,22310,IVORY KNITTED MUG COSY,24,4/22/2011 14:19,1.65,16660.0,Germany
552423,22632,HAND WARMER RED POLKA DOT,2,4/22/2011 14:19,1.85,16660.0,Germany
552423,21212,PACK OF 72 RETROSPOT CAKE CASES,3,4/22/2011 14:19,0.55,16660.0,Germany
552494,84969,BOX OF 6 ASSORTED COLOUR TEASPOONS,3,4/22/2011 18:29,4.25,,United Kingdom
552494,47566,PARTY BUNTING,3,4/22/2011 18:29,4.95,,United Kingdom
552494,84029E,RED WOOLLY HOTTIE WHITE HEART.,12,4/22/2011 18:29,3.39,,United Kingdom
552494,22913,RED COAT RACK PARIS FASHION,4,4/22/2011 18:29,4.95,,United Kingdom
552494,84406B,,3,4/22/2011 18:29,2.75,,United Kingdom
552494,22623,BOX OF VINTAGE JIGSAW BLOCKS,6,4/22/2011 18:29,4.95,,United Kingdom
552494,22613,PACK OF 20 SPACEBOY NAPKINS,3,4/22/2011 18:29,0.85,,United Kingdom
552494,21730,,1,4/22/2011 18:29,4.25,,United Kingdom
552494,21212,PACK OF 72 RETROSPOT CAKE CASES,3,4/22/2011 18:29,0.55,,United Kingdom
552494,22720,SET OF 3 CAKE TINS PANTRY DESIGN,8,4/22/2011 18:29,4.95,,United Kingdom
552494,84969,BOX OF 6 ASSORTED COLOUR TEASPOONS,3,4/22/2011 18:29,4.25,,United Kingdom
552494,84969,BOX OF 6 ASSORTED COLOUR TEASPOONS,3,4/22/2011 18:29,4.25,,United Kingdom
552494,84406B,CREAM CUPID HEARTS COAT HANGER,1,4/22/2011 18:29,2.75,,United Kingdom
552559,84969,BOX OF 6 ASSORTED COLOUR TEASPOONS,48,4/23/2011 9:22,4.25,15715.0,United Kingdom
552559,84029E,RED WOOLLY HOTTIE WHITE HEART.,12,4/23/2011 9:22,3.39,15715.0,United Kingdom
552559,21777,RECIPE BOX WITH METAL HEART,6,4/23/2011 9:22,7.95,15715.0,United Kingdom
552559,21754,HOME BUILDING BLOCK WORD,2,4/23/2011 9:22,5.95,15715.0,United Kingdom
552559,84879,ASSORTED COLOUR BIRD ORNAMENT,24,4/23/2011 9:22,1.69,15715.0,United Kingdom
552559,85123A,WHITE HANGING HEART T-LIGHT HOLDER,6,4/23/2011 9:22,2.55,15715.0,United Kingdom
552559,22423,REGENCY CAKESTAND 3 TIER,8,4/23/2011 9:22,12.75,15715.0,United Kingdom
552559,22310,IVORY KNITTED MUG COSY,12,4/23/2011 9:22,1.65,15715.0,United Kingdom
552559,85099B,JUMBO BAG RED RETROSPOT,48,4/23/2011 9:22,1.95,15715.0,United Kingdom
552559,48187,DOORMAT NEW ENGLAND,2,4/23/2011 9:22,7.95,15715.0,United Kingdom
552559,22613,PACK OF 20 SPACEBOY NAPKINS,8,4/23/2011 9:22,0.85,15715.0,United Kingdom
552559,22752,SET 7 BABUSHKA NESTING BOXES,48,4/23/2011 9:22,7.65,15715.0,United Kingdom
552631,84879,ASSORTED COLOUR BIRD ORNAMENT,48,4/23/2011 13:04,1.69,14405.0,United Kingdom
552631,22623,BOX OF VINTAGE JIGSAW BLOCKS,6,4/23/2011 13:04,4.95,14405.0,United Kingdom
552631,23084,RABBIT NIGHT LIGHT,48,4/23/2011 13:04,2.08,14405.0,United Kingdom
552631,22632,HAND WARMER RED POLKA DOT,4,4/23/2011 13:04,1.85,14405.0,United Kingdom
552631,21777,RECIPE BOX WITH METAL HEART,8,4/23/2011 13:04,7.95,14405.0,United Kingdom
552631,71053,WHITE METAL LANTERN,1,4/23/2011 13:04,3.39,14405.0,United Kingdom
552631,22748,POPPY'S PLAYHOUSE KITCHEN,3,4/23/2011 13:04,2.1,14405.0,United Kingdom
552631,48187,DOORMAT NEW ENGLAND,6,4/23/2011 13:04,7.95,14405.0,United Kingdom
552631,22423,REGENCY CAKESTAND 3 TIER,24,4/23/2011 13:04,12.75,14405.0,United Kingdom
552631,22310,IVORY KNITTED MUG COSY,2,4/23/2011 13:04,1.65,14405.0,United Kingdom
552631,22720,SET OF 3 CAKE TINS PANTRY DESIGN,1,4/23/2011 13:04,4.95,14405.0,United Kingdom
552631,22310,IVORY KNITTED MUG COSY,6,4/23/2011 13:04,1.65,14405.0,United Kingdom
C552691,22720,SET OF 3 CAKE TINS PANTRY DESIGN,-12,4/23/2011 18:52,4.95,12950.0,United Kingdom
C552691,21754,HOME BUILDING BLOCK WORD,-24,4/23/2011 18:52,5.95,12950.0,United Kingdom
C552691,84029G,KNITTED UNION FLAG HOT WATER BOTTLE,-12,4/23/2011 18:52,3.39,12950.0,United Kingdom
C552691,21212,PACK OF 72 RETROSPOT CAKE CASES,-12,4/23/2011 18:52,0.55,12950.0,United Kingdom
552760,20725,LUNCH BAG RED RETROSPOT,3,4/24/2011 8:15,1.65,12691.0,United Kingdom
552760,23084,RABBIT NIGHT LIGHT,2,4/24/2011 8:15,2.08,12691.0,United Kingdom
552760,23084,RABBIT NIGHT LIGHT,3,4/24/2011 8:15,2.08,12691.0,United Kingdom
552760,22633,HAND WARMER UNION JACK,12,4/24/2011 8:15,1.85,12691.0,United Kingdom
552760,22720,SET OF 3 CAKE TINS PANTRY DESIGN,48,4/24/2011 8:15,4.95,12691.0,United Kingdom
552760,22752,SET 7 BABUSHKA NESTING BOXES,8,4/24/2011 8:15,7.65,12691.0,United Kingdom
552760,84879,ASSORTED COLOUR BIRD ORNAMENT,4,4/24/2011 8:15,1.69,12691.0,United Kingdom
552760,22720,SET OF 3 CAKE TINS PANTRY DESIGN,6,4/24/2011 8:15,4.95,12691.0,United Kingdom
552760,22752,SET 7 BABUSHKA NESTING BOXES,12,4/24/2011 8:15,7.65,12691.0,United Kingdom
552760,22745,POPPY'S PLAYHOUSE BEDROOM,12,4/24/2011 8:15,2.1,12691.0,United Kingdom
552760,22748,POPPY'S PLAYHOUSE KITCHEN,2,4/24/2011 8:15,2.1,12691.0,United Kingdom
552760,22623,BOX OF VINTAGE JIGSAW BLOCKS,48,4/24/2011 8:15,4.95,12691.0,United Kingdom
552760,48187,DOORMAT NEW ENGLAND,4,4/24/2011 8:15,7.95,12691.0,United Kingdom
552760,21212,PACK OF 72 RETROSPOT CAKE CASES,8,4/24/2011 8:15,0.55,12691.0,United Kingdom
552760,22748,POPPY'S PLAYHOUSE KITCHEN,8,4/24/2011 8:15,2.1,12691.0,United Kingdom
552760,84406B,CREAM CUPID HEARTS COAT HANGER,4,4/24/2011 8:15,2.75,12691.0,United Kingdom
552760,84029G,KNITTED UNION FLAG HOT WATER BOTTLE,3,4/24/2011 8:15,3.39,12691.0,United Kingdom
552760,20725,LUNCH BAG RED RETROSPOT,2,4/24/2011 8:15,1.65,12691.0,United Kingdom
552760,84029E,RED WOOLLY HOTTIE WHITE HEART.,1,4/24/2011 8:15,3.39,12691.0,United Kingdom
552760,85099B,JUMBO BAG RED RETROSPOT,1,4/24/2011 8:15,1.95,12691.0,United Kingdom
552760,21730,GLASS STAR FROSTED T-LIGHT HOLDER,12,4/24/2011 8:15,4.25,12691.0,United Kingdom
552760,22633,HAND WARMER UNION JACK,12,4/24/2011 8:15,1.85,12691.0,United Kingdom
552818,22748,POPPY'S PLAYHOUSE KITCHEN,48,4/24/2011 18:22,2.1,15111.0,United Kingdom
552818,21754,HOME BUILDING BLOCK WORD,48,4/24/2011 18:22,5.95,15111.0,United Kingdom
552818,23084,RABBIT NIGHT LIGHT,1,4/24/2011 18:22,2.08,15111.0,United Kingdom
552818,22197,SMALL POPCORN HOLDER,4,4/24/2011 18:22,0.85,15111.0,United Kingdom
552818,22623,BOX OF VINTAGE JIGSAW BLOCKS,12,4/24/2011 18:22,4.95,15111.0,United Kingdom
552818,22745,POPPY'S PLAYHOUSE BEDROOM,1,4/24/2011 18:22,2.1,15111.0,United Kingdom
552818,21755,LOVE BUILDING BLOCK WORD,24,4/24/2011 18:22,5.95,15111.0,United Kingdom
552818,84029E,RED WOOLLY HOTTIE WHITE HEART.,4,4/24/2011 18:22,3.39,15111.0,United Kingdom
552818,84029E,RED WOOLLY HOTTIE WHITE HEART.,8,4/24/2011 18:22,3.39,15111.0,United Kingdom
552894,84029E,RED WOOLLY HOTTIE WHITE HEART.,3,4/25/2011 11:20,3.39,,United Kingdom
552955,22748,POPPY'S PLAYHOUSE KITCHEN,24,4/26/2011 8:04,2.1,14738.0,United Kingdom
552955,22310,IVORY KNITTED MUG COSY,48,4/26/2011 8:04,1.65,14738.0,United Kingdom
552955,21754,HOME BUILDING BLOCK WORD,2,4/26/2011 8:04,5.95,14738.0,United Kingdom
552955,21754,HOME BUILDING BLOCK WORD,8,4/26/2011 8:04,5.95,14738.0,United Kingdom
552955,21730,GLASS STAR FROSTED T-LIGHT HOLDER,8,4/26/2011 8:04,4.25,14738.0,United Kingdom
552955,84969,BOX OF 6 ASSORTED COLOUR TEASPOONS,4,4/26/2011 8:04,4.25,14738.0,United Kingdom
552955,84969,BOX OF 6 ASSORTED COLOUR TEASPOONS,3,4/26/2011 8:04,4.25,14738.0,United Kingdom
552955,21754,HOME BUILDING BLOCK WORD,1,4/26/2011 8:04,5.95,14738.0,United Kingdom
552955,22632,HAND WARMER RED POLKA DOT,1,4/26/2011 8:04,1.85,14738.0,United Kingdom
552955,47566,PARTY BUNTING,4,4/26/2011 8:04,4.95,14738.0,United Kingdom
552955,21755,LOVE BUILDING BLOCK WORD,12,4/26/2011 8:04,5.95,14738.0,United Kingdom
552955,84029G,KNITTED UNION FLAG HOT WATER BOTTLE,3,4/26/2011 8:04,3.39,14738.0,United Kingdom
552955,71053,WHITE METAL LANTERN,2,4/26/2011 8:04,3.39,14738.0,United Kingdom
552955,22633,HAND WARMER UNION JACK,24,4/26/2011 8:04,1.85,14738.0,United Kingdom
552955,22197,SMALL POPCORN HOLDER,6,4/26/2011 8:04,0.85,14738.0,United Kingdom
552955,22960,JAM MAKING SET WITH JARS,8,4/26/2011 8:04,4.25,14738.0,United Kingdom
552955,22960,JAM MAKING SET WITH JARS,6,4/26/2011 8:04,4.25,14738.0,United Kingdom
552955,21777,RECIPE BOX WITH METAL HEART,4,4/26/2011 8:04,7.95,14738.0,United Kingdom
552955,20725,LUNCH BAG RED RETROSPOT,3,4/26/2011 8:04,1.65,14738.0,United Kingdom
552955,22913,RED COAT RACK PARIS FASHION,4,4/26/2011 8:04,4.95,14738.0,United Kingdom
553031,23084,RABBIT NIGHT LIGHT,6,4/26/2011 11:29,2.08,17707.0,United Kingdom
553031,20725,LUNCH BAG RED RETROSPOT,2,4/26/2011 11:29,1.65,17707.0,United Kingdom
553031,22960,JAM MAKING SET WITH JARS,6,4/26/2011 11:29,4.25,17707.0,United Kingdom
553031,21212,PACK OF 72 RETROSPOT CAKE CASES,4,4/26/2011 11:29,0.55,17707.0,United Kingdom
553031,84969,BOX OF 6 ASSORTED COLOUR TEASPOONS,48,4/26/2011 11:29,4.25,17707.0,United Kingdom
553031,21777,RECIPE BOX WITH METAL HEART,1,4/26/2011 11:29,7.95,17707.0,United Kingdom
553031,47566,PARTY BUNTING,8,4/26/2011 11:29,4.95,17707.0,United Kingdom
553031,84879,ASSORTED COLOUR BIRD ORNAMENT,2,4/26/2011 11:29,1.69,17707.0,United Kingdom
553031,21777,RECIPE BOX WITH METAL HEART,3,4/26/2011 11:29,7.95,17707.0,United Kingdom
553031,48187,DOORMAT NEW ENGLAND,12,4/26/2011 11:29,7.95,17707.0,United Kingdom
553031,48187,DOORMAT NEW ENGLAND,3,4/26/2011 11:29,7.95,17707.0,United Kingdom
553031,84879,ASSORTED COLOUR BIRD ORNAMENT,24,4/26/2011 11:29,1.69,17707.0,United Kingdom
553031,22632,HAND WARMER RED POLKA DOT,1,4/26/2011 11:29,1.85,17707.0,United Kingdom
553031,22423,REGENCY CAKESTAND 3 TIER,3,4/26/2011 11:29,12.75,17707.0,United Kingdom
553031,22720,SET OF 3 CAKE TINS PANTRY DESIGN,24,4/26/2011 11:29,4.95,17707.0,United Kingdom
553031,84029E,RED WOOLLY HOTTIE WHITE HEART.,2,4/26/2011 11:29,3.39,17707.0,United Kingdom
553071,22632,HAND WARMER RED POLKA DOT,4,4/26/2011 19:16,1.85,14405.0,United Kingdom
553071,48187,DOORMAT NEW ENGLAND,12,4/26/2011 19:16,7.95,14405.0,United Kingdom
553071,85123A,WHITE HANGING HEART T-LIGHT HOLDER,3,4/26/2011 19:16,2.55,14405.0,United Kingdom
553071,84879,ASSORTED COLOUR BIRD ORNAMENT,2,4/26/2011 19:16,1.69,14405.0,United Kingdom
553071,21777,RECIPE BOX WITH METAL HEART,8,4/26/2011 19:16,7.95,14405.0,United Kingdom
553071,22197,SMALL POPCORN HOLDER,48,4/26/2011 19:16,0.85,14405.0,United Kingdom
553071,22960,JAM MAKING SET WITH JARS,48,4/26/2011 19:16,4.25,14405.0,United Kingdom
553071,22960,JAM MAKING SET WITH JARS,2,4/26/2011 19:16,4.25,14405.0,United Kingdom
553071,22913,RED COAT RACK PARIS FASHION,24,4/26/2011 19:16,4.95,14405.0,United Kingdom
553071,20725,LUNCH BAG RED RETROSPOT,12,4/26/2011 19:16,1.65,14405.0,United Kingdom
553071,84029G,KNITTED UNION FLAG HOT WATER BOTTLE,12,4/26/2011 19:16,3.39,14405.0,United Kingdom
553071,22748,POPPY'S PLAYHOUSE KITCHEN,1,4/26/2011 19:16,2.1,14405.0,United Kingdom
553071,22423,REGENCY CAKESTAND 3 TIER,1,4/26/2011 19:16,12.75,14405.0,United Kingdom
553071,21212,PACK OF 72 RETROSPOT CAKE CASES,1,4/26/2011 19:16,0.55,14405.0,United Kingdom
553071,22613,PACK OF 20 SPACEBOY NAPKINS,48,4/26/2011 19:16,0.85,14405.0,United Kingdom
553071,22623,BOX OF VINTAGE JIGSAW BLOCKS,6,4/26/2011 19:16,4.95,14405.0,United Kingdom
553146,21730,GLASS STAR FROSTED T-LIGHT HOLDER,3,4/27/2011 8:26,4.25,13814.0,United Kingdom
553146,21755,LOVE BUILDING BLOCK WORD,1,4/27/2011 8:26,5.95,13814.0,United Kingdom
553146,84029G,KNITTED UNION FLAG HOT WATER BOTTLE,4,4/27/2011 8:26,3.39,13814.0,United Kingdom
553146,84879,ASSORTED COLOUR BIRD ORNAMENT,24,4/27/2011 8:26,1.69,13814.0,United Kingdom
553191,71053,WHITE METAL LANTERN,1,4/27/2011 18:37,3.39,16006.0,United Kingdom
553191,22310,IVORY KNITTED MUG COSY,4,4/27/2011 18:37,1.65,16006.0,United Kingdom
553191,84969,BOX OF 6 ASSORTED COLOUR TEASPOONS,6,4/27/2011 18:37,4.25,16006.0,United Kingdom
553191,21777,RECIPE BOX WITH METAL HEART,2,4/27/2011 18:37,7.95,16006.0,United Kingdom
553191,22613,PACK OF 20 SPACEBOY NAPKINS,1,4/27/2011 18:37,0.85,16006.0,United Kingdom
553191,84029G,KNITTED UNION FLAG HOT WATER BOTTLE,3,4/27/2011 18:37,3.39,16006.0,United Kingdom
553191,22310,IVORY KNITTED MUG COSY,48,4/27/2011 18:37,1.65,16006.0,United Kingdom
553191,47566,PARTY BUNTING,6,4/27/2011 18:37,4.95,16006.0,United Kingdom
553191,22623,BOX OF VINTAGE JIGSAW BLOCKS,1,4/27/2011 18:37,4.95,16006.0,United Kingdom
553191,22745,POPPY'S PLAYHOUSE BEDROOM,3,4/27/2011 18:37,2.1,16006.0,United Kingdom
553191,21730,GLASS STAR FROSTED T-LIGHT HOLDER,4,4/27/2011 18:37,4.25,16006.0,United Kingdom
553191,22960,JAM MAKING SET WITH JARS,48,4/27/2011 18:37,4.25,16006.0,United Kingdom
553265,85099B,JUMBO BAG RED RETROSPOT,2,4/28/2011 9:37,1.95,,United Kingdom
553265,21730,GLASS STAR FROSTED T-LIGHT HOLDER,4,4/28/2011 9:37,4.25,,United Kingdom
553265,85123A,WHITE HANGING HEART T-LIGHT HOLDER,24,4/28/2011 9:37,2.55,,United Kingdom
553265,22720,,24,4/28/2011 9:37,4.95,,United Kingdom
553265,20725,LUNCH BAG RED RETROSPOT,24,4/28/2011 9:37,1.65,,United Kingdom
553265,22913,RED COAT RACK PARIS FASHION,48,4/28/2011 9:37,4.95,,United Kingdom
553265,48187,DOORMAT NEW ENGLAND,48,4/28/2011 9:37,7.95,,United Kingdom
553265,22423,REGENCY CAKESTAND 3 TIER,6,4/28/2011 9:37,12.75,,United Kingdom
553265,84029E,RED WOOLLY HOTTIE WHITE HEART.,1,4/28/2011 9:37,3.39,,United Kingdom
553265,21754,HOME BUILDING BLOCK WORD,3,4/28/2011 9:37,5.95,,United Kingdom
553265,22613,PACK OF 20 SPACEBOY NAPKINS,48,4/28/2011 9:37,0.85,,United Kingdom
553265,22423,REGENCY CAKESTAND 3 TIER,24,4/28/2011 9:37,12.75,,United Kingdom
553265,22623,BOX OF VINTAGE JIGSAW BLOCKS,8,4/28/2011 9:37,4.95,,United Kingdom
553265,85099B,JUMBO BAG RED RETROSPOT,48,4/28/2011 9:37,1.95,,United Kingdom
553265,21212,PACK OF 72 RETROSPOT CAKE CASES,48,4/28/2011 9:37,0.55,,United Kingdom
553265,22745,POPPY'S PLAYHOUSE BEDROOM,3,4/28/2011 9:37,2.1,,United Kingdom
553321,21212,PACK OF 72 RETROSPOT CAKE CASES,6,4/28/2011 18:32,0.55,15083.0,United Kingdom
553321,85099B,JUMBO BAG RED RETROSPOT,4,4/28/2011 18:32,1.95,15083.0,United Kingdom
553321,85123A,WHITE HANGING HEART T-LIGHT HOLDER,48,4/28/2011 18:32,2.55,15083.0,United Kingdom
553321,85123A,WHITE HANGING HEART T-LIGHT HOLDER,6,4/28/2011 18:32,2.55,15083.0,United Kingdom
553321,22960,JAM MAKING SET WITH JARS,12,4/28/2011 18:32,4.25,15083.0,United Kingdom
553321,84879,ASSORTED COLOUR BIRD ORNAMENT,1,4/28/2011 18:32,1.69,15083.0,United Kingdom
553321,21754,HOME BUILDING BLOCK WORD,4,4/28/2011 18:32,5.95,15083.0,United Kingdom
553321,48187,DOORMAT NEW ENGLAND,48,4/28/2011 18:32,7.95,15083.0,United Kingdom
553321,48187,DOORMAT NEW ENGLAND,3,4/28/2011 18:32,7.95,15083.0,United Kingdom
553321,23084,RABBIT NIGHT LIGHT,3,4/28/2011 18:32,2.08,15083.0,United Kingdom
553321,21754,HOME BUILDING BLOCK WORD,4,4/28/2011 18:32,5.95,15083.0,United Kingdom
553321,48187,DOORMAT NEW ENGLAND,8,4/28/2011 18:32,7.95,15083.0,United Kingdom
553321,84029G,KNITTED UNION FLAG HOT WATER BOTTLE,8,4/28/2011 18:32,3.39,15083.0,United Kingdom
553321,84406B,CREAM CUPID HEARTS COAT HANGER,1,4/28/2011 18:32,2.75,15083.0,United Kingdom
553374,21755,LOVE BUILDING BLOCK WORD,3,4/29/2011 11:08,5.95,12547.0,United Kingdom
553374,22720,SET OF 3 CAKE TINS PANTRY DESIGN,1,4/29/2011 11:08,4.95,12547.0,United Kingdom
553374,22745,POPPY'S PLAYHOUSE BEDROOM,4,4/29/2011 11:08,2.1,12547.0,United Kingdom
553374,84879,ASSORTED COLOUR BIRD ORNAMENT,8,4/29/2011 11:08,1.69,12547.0,United Kingdom
553374,22752,SET 7 BABUSHKA NESTING BOXES,4,4/29/2011 11:08,7.65,12547.0,United Kingdom
553374,84029G,KNITTED UNION FLAG HOT WATER BOTTLE,8,4/29/2011 11:08,3.39,12547.0,United Kingdom
553374,22913,RED COAT RACK PARIS FASHION,12,4/29/2011 11:08,4.95,12547.0,United Kingdom
553447,85099B,JUMBO BAG RED RETROSPOT,1,4/30/2011 10:08,1.95,18031.0,United Kingdom
553447,22613,PACK OF 20 SPACEBOY NAPKINS,6,4/30/2011 10:08,0.85,18031.0,United Kingdom
553447,22310,IVORY KNITTED MUG COSY,12,4/30/2011 10:08,1.65,18031.0,United Kingdom
553447,23084,RABBIT NIGHT LIGHT,24,4/30/2011 10:08,2.08,18031.0,United Kingdom
553447,84969,BOX OF 6 ASSORTED COLOUR TEASPOONS,12,4/30/2011 10:08,4.25,18031.0,United Kingdom
553493,22310,IVORY KNITTED MUG COSY,2,4/30/2011 16:57,1.65,15774.0,United Kingdom
553493,22623,BOX OF VINTAGE JIGSAW BLOCKS,6,4/30/2011 16:57,4.95,15774.0,United Kingdom
553493,21730,GLASS STAR FROSTED T-LIGHT HOLDER,6,4/30/2011 16:57,4.25,15774.0,United Kingdom
553493,84029E,RED WOOLLY HOTTIE WHITE HEART.,4,4/30/2011 16:57,3.39,15774.0,United Kingdom
553493,84406B,CREAM CUPID HEARTS COAT HANGER,2,4/30/2011 16:57,2.75,15774.0,United Kingdom
553493,21777,RECIPE BOX WITH METAL HEART,6,4/30/2011 16:57,7.95,15774.0,United Kingdom
553568,22632,HAND WARMER RED POLKA DOT,3,5/1/2011 11:56,1.85,15227.0,United Kingdom
553568,22310,IVORY KNITTED MUG COSY,12,5/1/2011 11:56,1.65,15227.0,United Kingdom
553568,22748,POPPY'S PLAYHOUSE KITCHEN,8,5/1/2011 11:56,2.1,15227.0,United Kingdom
553568,85099B,JUMBO BAG RED RETROSPOT,6,5/1/2011 11:56,1.95,15227.0,United Kingdom
553568,84969,BOX OF 6 ASSORTED COLOUR TEASPOONS,12,5/1/2011 11:56,4.25,15227.0,United Kingdom
553568,22197,SMALL POPCORN HOLDER,6,5/1/2011 11:56,0.85,15227.0,United Kingdom
553568,22632,HAND WARMER RED POLKA DOT,12,5/1/2011 11:56,1.85,15227.0,United Kingdom
553568,84969,BOX OF 6 ASSORTED COLOUR TEASPOONS,6,5/1/2011 11:56,4.25,15227.0,United Kingdom
553568,22623,BOX OF VINTAGE JIGSAW BLOCKS,4,5/1/2011 11:56,4.95,15227.0,United Kingdom
553568,85099B,JUMBO BAG RED RETROSPOT,2,5/1/2011 11:56,1.95,15227.0,United Kingdom
553568,22752,SET 7 BABUSHKA NESTING BOXES,48,5/1/2011 11:56,7.65,15227.0,United Kingdom
553568,48187,DOORMAT NEW ENGLAND,3,5/1/2011 11:56,7.95,15227.0,United Kingdom
553568,22197,SMALL POPCORN HOLDER,6,5/1/2011 11:56,0.85,15227.0,United Kingdom
553568,22197,SMALL POPCORN HOLDER,6,5/1/2011 11:56,0.85,15227.0,United Kingdom
553568,21755,LOVE BUILDING BLOCK WORD,2,5/1/2011 11:56,5.95,15227.0,United Kingdom
553626,22197,SMALL POPCORN HOLDER,12,5/1/2011 18:14,0.85,15972.0,United Kingdom
553626,84969,BOX OF 6 ASSORTED COLOUR TEASPOONS,48,5/1/2011 18:14,4.25,15972.0,United Kingdom
553626,22632,HAND WARMER RED POLKA DOT,1,5/1/2011 18:14,1.85,15972.0,United Kingdom
553626,48187,DOORMAT NEW ENGLAND,48,5/1/2011 18:14,7.95,15972.0,United Kingdom
553626,85099B,JUMBO BAG RED RETROSPOT,24,5/1/2011 18:14,1.95,15972.0,United Kingdom
553626,21730,GLASS STAR FROSTED T-LIGHT HOLDER,24,5/1/2011 18:14,4.25,15972.0,United Kingdom
553675,22745,POPPY'S PLAYHOUSE BEDROOM,6,5/2/2011 11:08,2.1,13035.0,United Kingdom
553675,84406B,CREAM CUPID HEARTS COAT HANGER,1,5/2/2011 11:08,2.75,13035.0,United Kingdom
553675,84029G,KNITTED UNION FLAG HOT WATER BOTTLE,8,5/2/2011 11:08,3.39,13035.0,United Kingdom
553675,21754,HOME BUILDING BLOCK WORD,8,5/2/2011 11:08,5.95,13035.0,United Kingdom
553675,21754,HOME BUILDING BLOCK WORD,1,5/2/2011 11:08,5.95,13035.0,United Kingdom
553675,22310,IVORY KNITTED MUG COSY,12,5/2/2011 11:08,1.65,13035.0,United Kingdom
553675,22913,RED COAT RACK PARIS FASHION,2,5/2/2011 11:08,4.95,13035.0,United Kingdom
553675,22632,HAND WARMER RED POLKA DOT,3,5/2/2011 11:08,1.85,13035.0,United Kingdom
553675,85099B,JUMBO BAG RED RETROSPOT,4,5/2/2011 11:08,1.95,13035.0,United Kingdom
553675,22752,SET 7 BABUSHKA NESTING BOXES,1,5/2/2011 11:08,7.65,13035.0,United Kingdom
553675,22960,JAM MAKING SET WITH JARS,24,5/2/2011 11:08,4.25,13035.0,United Kingdom
553734,85123A,WHITE HANGING HEART T-LIGHT HOLDER,24,5/3/2011 8:11,2.55,17816.0,United Kingdom
553734,48187,DOORMAT NEW ENGLAND,12,5/3/2011 8:11,7.95,17816.0,United Kingdom
553734,22197,SMALL POPCORN HOLDER,1,5/3/2011 8:11,0.85,17816.0,United Kingdom
553734,22310,IVORY KNITTED MUG COSY,12,5/3/2011 8:11,1.65,17816.0,United Kingdom
553807,23084,RABBIT NIGHT LIGHT,8,5/3/2011 14:42,2.08,17199.0,United Kingdom
553807,23084,RABBIT NIGHT LIGHT,1,5/3/2011 14:42,2.08,17199.0,United Kingdom
553807,22423,REGENCY CAKESTAND 3 TIER,3,5/3/2011 14:42,12.75,17199.0,United Kingdom
553807,21212,PACK OF 72 RETROSPOT CAKE CASES,2,5/3/2011 14:42,0.55,17199.0,United Kingdom
553807,23084,RABBIT NIGHT LIGHT,4,5/3/2011 14:42,2.08,17199.0,United Kingdom
553807,22633,HAND WARMER UNION JACK,1,5/3/2011 14:42,1.85,17199.0,United Kingdom
553807,22197,SMALL POPCORN HOLDER,24,5/3/2011 14:42,0.85,17199.0,United Kingdom
553807,20725,LUNCH BAG RED RETROSPOT,1,5/3/2011 14:42,1.65,17199.0,United Kingdom
553807,22752,SET 7 BABUSHKA NESTING BOXES,8,5/3/2011 14:42,7.65,17199.0,United Kingdom
553807,84969,BOX OF 6 ASSORTED COLOUR TEASPOONS,8,5/3/2011 14:42,4.25,17199.0,United Kingdom
553807,23084,RABBIT NIGHT LIGHT,4,5/3/2011 14:42,2.08,17199.0,United Kingdom
553861,22423,REGENCY CAKESTAND 3 TIER,2,5/4/2011 11:51,12.75,16404.0,United Kingdom
553861,21730,GLASS STAR FROSTED T-LIGHT HOLDER,4,5/4/2011 11:51,4.25,16404.0,United Kingdom
553861,85099B,JUMBO BAG RED RETROSPOT,48,5/4/2011 11:51,1.95,16404.0,United Kingdom
553861,22913,RED COAT RACK PARIS FASHION,3,5/4/2011 11:51,4.95,16404.0,United Kingdom
553861,22613,PACK OF 20 SPACEBOY NAPKINS,6,5/4/2011 11:51,0.85,16404.0,United Kingdom
553920,22960,JAM MAKING SET WITH JARS,8,5/5/2011 11:41,4.25,15859.0,United Kingdom
553920,21212,PACK OF 72 RETROSPOT CAKE CASES,4,5/5/2011 11:41,0.55,15859.0,United Kingdom
553920,84029G,KNITTED UNION FLAG HOT WATER BOTTLE,48,5/5/2011 11:41,3.39,15859.0,United Kingdom
553920,47566,PARTY BUNTING,6,5/5/2011 11:41,4.95,15859.0,United Kingdom
553920,22748,POPPY'S PLAYHOUSE KITCHEN,3,5/5/2011 11:41,2.1,15859.0,United Kingdom
553920,22752,SET 7 BABUSHKA NESTING BOXES,2,5/5/2011 11:41,7.65,15859.0,United Kingdom
553920,22960,JAM MAKING SET WITH JARS,1,5/5/2011 11:41,4.25,15859.0,United Kingdom
553920,22632,HAND WARMER RED POLKA DOT,8,5/5/2011 11:41,1.85,15859.0,United Kingdom
553920,85099B,JUMBO BAG RED RETROSPOT,6,5/5/2011 11:41,1.95,15859.0,United Kingdom
553920,22748,POPPY'S PLAYHOUSE KITCHEN,8,5/5/2011 11:41,2.1,15859.0,United Kingdom
553920,22613,PACK OF 20 SPACEBOY NAPKINS,24,5/5/2011 11:41,0.85,15859.0,United Kingdom
553920,22623,BOX OF VINTAGE JIGSAW BLOCKS,4,5/5/2011 11:41,4.95,15859.0,United Kingdom
553920,22748,POPPY'S PLAYHOUSE KITCHEN,3,5/5/2011 11:41,2.1,15859.0,United Kingdom
553920,85123A,WHITE HANGING HEART T-LIGHT HOLDER,4,5/5/2011 11:41,2.55,15859.0,United Kingdom
553920,21212,PACK OF 72 RETROSPOT CAKE CASES,8,5/5/2011 11:41,0.55,15859.0,United Kingdom
553920,22633,HAND WARMER UNION JACK,24,5/5/2011 11:41,1.85,15859.0,United Kingdom
553996,23084,RABBIT NIGHT LIGHT,6,5/6/2011 10:57,2.08,17821.0,United Kingdom
553996,22752,SET 7 BABUSHKA NESTING BOXES,3,5/6/2011 10:57,7.65,17821.0,United Kingdom
553996,84406B,CREAM CUPID HEARTS COAT HANGER,8,5/6/2011 10:57,2.75,17821.0,United Kingdom
553996,84969,BOX OF 6 ASSORTED COLOUR TEASPOONS,24,5/6/2011 10:57,4.25,17821.0,United Kingdom
553996,21777,RECIPE BOX WITH METAL HEART,3,5/6/2011 10:57,7.95,17821.0,United Kingdom
553996,21212,PACK OF 72 RETROSPOT CAKE CASES,24,5/6/2011 10:57,0.55,17821.0,United Kingdom
553996,22197,SMALL POPCORN HOLDER,4,5/6/2011 10:57,0.85,17821.0,United Kingdom
553996,21212,PACK OF 72 RETROSPOT CAKE CASES,6,5/6/2011 10:57,0.55,17821.0,United Kingdom
553996,48187,DOORMAT NEW ENGLAND,1,5/6/2011 10:57,7.95,17821.0,United Kingdom
553996,22623,BOX OF VINTAGE JIGSAW BLOCKS,3,5/6/2011 10:57,4.95,17821.0,United Kingdom
553996,22960,JAM MAKING SET WITH JARS,2,5/6/2011 10:57,4.25,17821.0,United Kingdom
553996,20725,LUNCH BAG RED RETROSPOT,2,5/6/2011 10:57,1.65,17821.0,United Kingdom
553996,22632,HAND WARMER RED POLKA DOT,2,5/6/2011 10:57,1.85,17821.0,United Kingdom
553996,22748,POPPY'S PLAYHOUSE KITCHEN,8,5/6/2011 10:57,2.1,17821.0,United Kingdom
553996,22752,SET 7 BABUSHKA NESTING BOXES,12,5/6/2011 10:57,7.65,17821.0,United Kingdom
553996,85123A,WHITE HANGING HEART T-LIGHT HOLDER,8,5/6/2011 10:57,2.55,17821.0,United Kingdom
553996,84879,ASSORTED COLOUR BIRD ORNAMENT,6,5/6/2011 10:57,1.69,17821.0,United Kingdom
553996,22748,POPPY'S PLAYHOUSE KITCHEN,1,5/6/2011 10:57,2.1,17821.0,United Kingdom
554075,84029G,KNITTED UNION FLAG HOT WATER BOTTLE,6,5/7/2011 9:22,3.39,,United Kingdom
554075,21777,,2,5/7/2011 9:22,7.95,,United Kingdom
554075,23084,RABBIT NIGHT LIGHT,24,5/7/2011 9:22,2.08,,United Kingdom
554075,22960,,2,5/7/2011 9:22,4.25,,United Kingdom
554075,21212,PACK OF 72 RETROSPOT CAKE CASES,4,5/7/2011 9:22,0.55,,United Kingdom
554147,22632,HAND WARMER RED POLKA DOT,12,5/7/2011 17:14,1.85,16217.0,United Kingdom
554147,47566,PARTY BUNTING,8,5/7/2011 17:14,4.95,16217.0,United Kingdom
554147,22623,BOX OF VINTAGE JIGSAW BLOCKS,4,5/7/2011 17:14,4.95,16217.0,United Kingdom
554147,22197,SMALL POPCORN HOLDER,4,5/7/2011 17:14,0.85,16217.0,United Kingdom
554147,21777,RECIPE BOX WITH METAL HEART,24,5/7/2011 17:14,7.95,16217.0,United Kingdom
554147,22720,SET OF 3 CAKE TINS PANTRY DESIGN,48,5/7/2011 17:14,4.95,16217.0,United Kingdom
554147,21755,LOVE BUILDING BLOCK WORD,1,5/7/2011 17:14,5.95,16217.0,United Kingdom
554147,22632,HAND WARMER RED POLKA DOT,24,5/7/2011 17:14,1.85,16217.0,United Kingdom
554147,22720,SET OF 3 CAKE TINS PANTRY DESIGN,8,5/7/2011 17:14,4.95,16217.0,United Kingdom
554147,21730,GLASS STAR FROSTED T-LIGHT HOLDER,48,5/7/2011 17:14,4.25,16217.0,United Kingdom
554147,22720,SET OF 3 CAKE TINS PANTRY DESIGN,24,5/7/2011 17:14,4.95,16217.0,United Kingdom
554147,20725,LUNCH BAG RED RETROSPOT,3,5/7/2011 17:14,1.65,16217.0,United Kingdom
554147,22197,SMALL POPCORN HOLDER,1,5/7/2011 17:14,0.85,16217.0,United Kingdom
554147,22632,HAND WARMER RED POLKA DOT,2,5/7/2011 17:14,1.85,16217.0,United Kingdom
554147,20725,LUNCH BAG RED RETROSPOT,2,5/7/2011 17:14,1.65,16217.0,United Kingdom
554147,21755,LOVE BUILDING BLOCK WORD,2,5/7/2011 17:14,5.95,16217.0,United Kingdom
554147,22720,SET OF 3 CAKE TINS PANTRY DESIGN,6,5/7/2011 17:14,4.95,16217.0,United Kingdom
554147,85123A,WHITE HANGING HEART T-LIGHT HOLDER,8,5/7/2011 17:14,2.55,16217.0,United Kingdom
554225,22310,IVORY KNITTED MUG COSY,8,5/8/2011 11:58,1.65,15601.0,United Kingdom
554225,22960,JAM MAKING SET WITH JARS,12,5/8/2011 11:58,4.25,15601.0,United Kingdom
554225,85099B,JUMBO BAG RED RETROSPOT,1,5/8/2011 11:58,1.95,15601.0,United Kingdom
554225,22752,SET 7 BABUSHKA NESTING BOXES,24,5/8/2011 11:58,7.65,15601.0,United Kingdom
554225,22310,IVORY KNITTED MUG COSY,2,5/8/2011 11:58,1.65,15601.0,United Kingdom
554301,22960,JAM MAKING SET WITH JARS,2,5/9/2011 10:08,4.25,13200.0,United Kingdom
554301,22632,HAND WARMER RED POLKA DOT,6,5/9/2011 10:08,1.85,13200.0,United Kingdom
554301,48187,DOORMAT NEW ENGLAND,12,5/9/2011 10:08,7.95,13200.0,United Kingdom
554301,85123A,WHITE HANGING HEART T-LIGHT HOLDER,48,5/9/2011 10:08,2.55,13200.0,United Kingdom
554301,84406B,CREAM CUPID HEARTS COAT HANGER,6,5/9/2011 10:08,2.75,13200.0,United Kingdom
554301,71053,WHITE METAL LANTERN,6,5/9/2011 10:08,3.39,13200.0,United Kingdom
554301,21754,HOME BUILDING BLOCK WORD,6,5/9/2011 10:08,5.95,13200.0,United Kingdom
554301,21754,HOME BUILDING BLOCK WORD,12,5/9/2011 10:08,5.95,13200.0,United Kingdom
554301,22310,IVORY KNITTED MUG COSY,24,5/9/2011 10:08,1.65,13200.0,United Kingdom
554301,21730,GLASS STAR FROSTED T-LIGHT HOLDER,3,5/9/2011 10:08,4.25,13200.0,United Kingdom
554301,22720,SET OF 3 CAKE TINS PANTRY DESIGN,3,5/9/2011 10:08,4.95,13200.0,United Kingdom
554301,20725,LUNCH BAG RED RETROSPOT,6,5/9/2011 10:08,1.65,13200.0,United Kingdom
554301,22632,HAND WARMER RED POLKA DOT,12,5/9/2011 10:08,1.85,13200.0,United Kingdom
554301,84406B,CREAM CUPID HEARTS COAT HANGER,2,5/9/2011 10:08,2.75,13200.0,United Kingdom
554301,48187,DOORMAT NEW ENGLAND,48,5/9/2011 10:08,7.95,13200.0,United Kingdom
554301,23084,RABBIT NIGHT LIGHT,12,5/9/2011 10:08,2.08,13200.0,United Kingdom
554301,21755,LOVE BUILDING BLOCK WORD,1,5/9/2011 10:08,5.95,13200.0,United Kingdom
554301,22613,PACK OF 20 SPACEBOY NAPKINS,12,5/9/2011 10:08,0.85,13200.0,United Kingdom
554301,47566,PARTY BUNTING,12,5/9/2011 10:08,4.95,13200.0,United Kingdom
554301,22423,REGENCY CAKESTAND 3 TIER,8,5/9/2011 10:08,12.75,13200.0,United Kingdom
554301,23084,RABBIT NIGHT LIGHT,4,5/9/2011 10:08,2.08,13200.0,United Kingdom
554301,22623,BOX OF VINTAGE JIGSAW BLOCKS,2,5/9/2011 10:08,4.95,13200.0,United Kingdom
554301,22613,PACK OF 20 SPACEBOY NAPKINS,24,5/9/2011 10:08,0.85,13200.0,United Kingdom
554362,84969,BOX OF 6 ASSORTED COLOUR TEASPOONS,12,5/10/2011 11:10,4.25,17693.0,United Kingdom
554362,21730,GLASS STAR FROSTED T-LIGHT HOLDER,8,5/10/2011 11:10,4.25,17693.0,United Kingdom
554362,22745,POPPY'S PLAYHOUSE BEDROOM,2,5/10/2011 11:10,2.1,17693.0,United Kingdom
554362,84879,ASSORTED COLOUR BIRD ORNAMENT,6,5/10/2011 11:10,1.69,17693.0,United Kingdom
554362,21755,LOVE BUILDING BLOCK WORD,48,5/10/2011 11:10,5.95,17693.0,United Kingdom
554362,84029E,RED WOOLLY HOTTIE WHITE HEART.,48,5/10/2011 11:10,3.39,17693.0,United Kingdom
554362,22633,HAND WARMER UNION JACK,24,5/10/2011 11:10,1.85,17693.0,United Kingdom
554362,22423,REGENCY CAKESTAND 3 TIER,3,5/10/2011 11:10,12.75,17693.0,United Kingdom
554362,84406B,CREAM CUPID HEARTS COAT HANGER,2,5/10/2011 11:10,2.75,17693.0,United Kingdom
554362,48187,DOORMAT NEW ENGLAND,4,5/10/2011 11:10,7.95,17693.0,United Kingdom
554362,84029G,KNITTED UNION FLAG HOT WATER BOTTLE,24,5/10/2011 11:10,3.39,17693.0,United Kingdom
554362,48187,DOORMAT NEW ENGLAND,24,5/10/2011 11:10,7.95,17693.0,United Kingdom
554362,84029E,RED WOOLLY HOTTIE WHITE HEART.,24,5/10/2011 11:10,3.39,17693.0,United Kingdom
554362,21212,PACK OF 72 RETROSPOT CAKE CASES,3,5/10/2011 11:10,0.55,17693.0,United Kingdom
554362,22745,POPPY'S PLAYHOUSE BEDROOM,8,5/10/2011 11:10,2.1,17693.0,United Kingdom
554362,22748,POPPY'S PLAYHOUSE KITCHEN,12,5/10/2011 11:10,2.1,17693.0,United Kingdom
554362,22633,HAND WARMER UNION JACK,2,5/10/2011 11:10,1.85,17693.0,United Kingdom
554362,48187,DOORMAT NEW ENGLAND,24,5/10/2011 11:10,7.95,17693.0,United Kingdom
554362,85099B,JUMBO BAG RED RETROSPOT,8,5/10/2011 11:10,1.95,17693.0,United Kingdom
554362,21754,HOME BUILDING BLOCK WORD,1,5/10/2011 11:10,5.95,17693.0,United Kingdom
554362,22423,REGENCY CAKESTAND 3 TIER,8,5/10/2011 11:10,12.75,17693.0,United Kingdom
554406,20725,LUNCH BAG RED RETROSPOT,8,5/11/2011 9:22,1.65,,Germany
554406,47566,PARTY BUNTING,8,5/11/2011 9:22,4.95,,Germany
554406,85099B,JUMBO BAG RED RETROSPOT,48,5/11/2011 9:22,1.95,,Germany
554406,84879,ASSORTED COLOUR BIRD ORNAMENT,6,5/11/2011 9:22,1.69,,Germany
554406,22748,POPPY'S PLAYHOUSE KITCHEN,6,5/11/2011 9:22,2.1,,Germany
554406,85123A,WHITE HANGING HEART T-LIGHT HOLDER,1,5/11/2011 9:22,2.55,,Germany
554406,22423,REGENCY CAKESTAND 3 TIER,24,5/11/2011 9:22,12.75,,Germany
554406,71053,WHITE METAL LANTERN,24,5/11/2011 9:22,3.39,,Germany
554406,22748,POPPY'S PLAYHOUSE KITCHEN,3,5/11/2011 9:22,2.1,,Germany
554406,21212,PACK OF 72 RETROSPOT CAKE CASES,2,5/11/2011 9:22,0.55,,Germany
554406,22748,POPPY'S PLAYHOUSE KITCHEN,12,5/11/2011 9:22,2.1,,Germany
554406,22748,POPPY'S PLAYHOUSE KITCHEN,6,5/11/2011 9:22,2.1,,Germany
554406,22913,RED COAT RACK PARIS FASHION,48,5/11/2011 9:22,4.95,,Germany
554406,21777,RECIPE BOX WITH METAL HEART,24,5/11/2011 9:22,7.95,,Germany
554406,84969,BOX OF 6 ASSORTED COLOUR TEASPOONS,12,5/11/2011 9:22,4.25,,Germany
554406,22913,RED COAT RACK PARIS FASHION,24,5/11/2011 9:22,4.95,,Germany
554406,47566,,12,5/11/2011 9:22,4.95,,Germany
554406,21730,GLASS STAR FROSTED T-LIGHT HOLDER,24,5/11/2011 9:22,4.25,,Germany
554406,84029E,RED WOOLLY HOTTIE WHITE HEART.,2,5/11/2011 9:22,3.39,,Germany
554406,47566,,4,5/11/2011 9:22,4.95,,Germany
554406,21730,GLASS STAR FROSTED T-LIGHT HOLDER,8,5/11/2011 9:22,4.25,,Germany
554406,22748,POPPY'S PLAYHOUSE KITCHEN,48,5/11/2011 9:22,2.1,,Germany
554406,84969,BOX OF 6 ASSORTED COLOUR TEASPOONS,4,5/11/2011 9:22,4.25,,Germany
554479,22752,SET 7 BABUSHKA NESTING BOXES,3,5/11/2011 17:01,7.65,17888.0,United Kingdom
554479,22423,REGENCY CAKESTAND 3 TIER,6,5/11/2011 17:01,12.75,17888.0,United Kingdom
554545,22633,HAND WARMER UNION JACK,48,5/12/2011 10:30,1.85,16424.0,United Kingdom
554545,22960,JAM MAKING SET WITH JARS,24,5/12/2011 10:30,4.25,16424.0,United Kingdom
554545,22197,SMALL POPCORN HOLDER,3,5/12/2011 10:30,0.85,16424.0,United Kingdom
554545,47566,PARTY BUNTING,8,5/12/2011 10:30,4.95,16424.0,United Kingdom
554545,22745,POPPY'S PLAYHOUSE BEDROOM,4,5/12/2011 10:30,2.1,16424.0,United Kingdom
554545,23084,RABBIT NIGHT LIGHT,48,5/12/2011 10:30,2.08,16424.0,United Kingdom
554545,21754,HOME BUILDING BLOCK WORD,24,5/12/2011 10:30,5.95,16424.0,United Kingdom
554545,22745,POPPY'S PLAYHOUSE BEDROOM,24,5/12/2011 10:30,2.1,16424.0,United Kingdom
554545,21754,HOME BUILDING BLOCK WORD,8,5/12/2011 10:30,5.95,16424.0,United Kingdom
554545,20725,LUNCH BAG RED RETROSPOT,6,5/12/2011 10:30,1.65,16424.0,United Kingdom
554545,47566,PARTY BUNTING,24,5/12/2011 10:30,4.95,16424.0,United Kingdom
554545,47566,PARTY BUNTING,24,5/12/2011 10:30,4.95,16424.0,United Kingdom
554545,84029G,KNITTED UNION FLAG HOT WATER BOTTLE,12,5/12/2011 10:30,3.39,16424.0,United Kingdom
554594,48187,DOORMAT NEW ENGLAND,6,5/13/2011 11:25,7.95,16472.0,United Kingdom
554594,22720,SET OF 3 CAKE TINS PANTRY DESIGN,24,5/13/2011 11:25,4.95,16472.0,United Kingdom
554594,21777,RECIPE BOX WITH METAL HEART,48,5/13/2011 11:25,7.95,16472.0,United Kingdom
554594,22197,SMALL POPCORN HOLDER,1,5/13/2011 11:25,0.85,16472.0,United Kingdom
554594,22423,REGENCY CAKESTAND 3 TIER,48,5/13/2011 11:25,12.75,16472.0,United Kingdom
554594,22748,POPPY'S PLAYHOUSE KITCHEN,6,5/13/2011 11:25,2.1,16472.0,United Kingdom
554594,22752,SET 7 BABUSHKA NESTING BOXES,24,5/13/2011 11:25,7.65,16472.0,United Kingdom
554634,21754,HOME BUILDING BLOCK WORD,12,5/13/2011 19:24,5.95,14338.0,United Kingdom
554634,84406B,CREAM CUPID HEARTS COAT HANGER,12,5/13/2011 19:24,2.75,14338.0,United Kingdom
554634,48187,DOORMAT NEW ENGLAND,3,5/13/2011 19:24,7.95,14338.0,United Kingdom
554634,22720,SET OF 3 CAKE TINS PANTRY DESIGN,6,5/13/2011 19:24,4.95,14338.0,United Kingdom
554634,48187,DOORMAT NEW ENGLAND,12,5/13/2011 19:24,7.95,14338.0,United Kingdom
554634,22623,BOX OF VINTAGE JIGSAW BLOCKS,6,5/13/2011 19:24,4.95,14338.0,United Kingdom
554634,20725,LUNCH BAG RED RETROSPOT,48,5/13/2011 19:24,1.65,14338.0,United Kingdom
554634,22720,SET OF 3 CAKE TINS PANTRY DESIGN,24,5/13/2011 19:24,4.95,14338.0,United Kingdom
554634,22748,POPPY'S PLAYHOUSE KITCHEN,48,5/13/2011 19:24,2.1,14338.0,United Kingdom
554634,22632,HAND WARMER RED POLKA DOT,8,5/13/2011 19:24,1.85,14338.0,United Kingdom
554634,21755,LOVE BUILDING BLOCK WORD,4,5/13/2011 19:24,5.95,14338.0,United Kingdom
554634,22960,JAM MAKING SET WITH JARS,48,5/13/2011 19:24,4.25,14338.0,United Kingdom
554634,22752,SET 7 BABUSHKA NESTING BOXES,1,5/13/2011 19:24,7.65,14338.0,United Kingdom
554634,22913,RED COAT RACK PARIS FASHION,12,5/13/2011 19:24,4.95,14338.0,United Kingdom
554634,84969,BOX OF 6 ASSORTED COLOUR TEASPOONS,8,5/13/2011 19:24,4.25,14338.0,United Kingdom
554634,21730,GLASS STAR FROSTED T-LIGHT HOLDER,6,5/13/2011 19:24,4.25,14338.0,United Kingdom
554634,22632,HAND WARMER RED POLKA DOT,12,5/13/2011 19:24,1.85,14338.0,United Kingdom
554634,84969,BOX OF 6 ASSORTED COLOUR TEASPOONS,3,5/13/2011 19:24,4.25,14338.0,United Kingdom
554634,84029E,RED WOOLLY HOTTIE WHITE HEART.,6,5/13/2011 19:24,3.39,14338.0,United Kingdom
554691,22623,BOX OF VINTAGE JIGSAW BLOCKS,48,5/14/2011 8:04,4.95,12401.0,United Kingdom
554691,22720,SET OF 3 CAKE TINS PANTRY DESIGN,24,5/14/2011 8:04,4.95,12401.0,United Kingdom
554691,84879,ASSORTED COLOUR BIRD ORNAMENT,6,5/14/2011 8:04,1.69,12401.0,United Kingdom
554691,84029E,RED WOOLLY HOTTIE WHITE HEART.,4,5/14/2011 8:04,3.39,12401.0,United Kingdom
554691,21212,PACK OF 72 RETROSPOT CAKE CASES,1,5/14/2011 8:04,0.55,12401.0,United Kingdom
554691,84969,BOX OF 6 ASSORTED COLOUR TEASPOONS,3,5/14/2011 8:04,4.25,12401.0,United Kingdom
554691,71053,WHITE METAL LANTERN,8,5/14/2011 8:04,3.39,12401.0,United Kingdom
554691,22633,HAND WARMER UNION JACK,12,5/14/2011 8:04,1.85,12401.0,United Kingdom
554691,84029G,KNITTED UNION FLAG HOT WATER BOTTLE,3,5/14/2011 8:04,3.39,12401.0,United Kingdom
554691,22748,POPPY'S PLAYHOUSE KITCHEN,24,5/14/2011 8:04,2.1,12401.0,United Kingdom
554691,22960,JAM MAKING SET WITH JARS,8,5/14/2011 8:04,4.25,12401.0,United Kingdom
554691,21730,GLASS STAR FROSTED T-LIGHT HOLDER,24,5/14/2011 8:04,4.25,12401.0,United Kingdom
554691,22623,BOX OF VINTAGE JIGSAW BLOCKS,12,5/14/2011 8:04,4.95,12401.0,United Kingdom
554749,23084,RABBIT NIGHT LIGHT,12,5/14/2011 11:59,2.08,16688.0,United Kingdom
554749,22623,BOX OF VINTAGE JIGSAW BLOCKS,24,5/14/2011 11:59,4.95,16688.0,United Kingdom
554749,22632,HAND WARMER RED POLKA DOT,3,5/14/2011 11:59,1.85,16688.0,United Kingdom
554749,22632,HAND WARMER RED POLKA DOT,3,5/14/2011 11:59,1.85,16688.0,United Kingdom
554749,22748,POPPY'S PLAYHOUSE KITCHEN,3,5/14/2011 11:59,2.1,16688.0,United Kingdom
554749,21212,PACK OF 72 RETROSPOT CAKE CASES,12,5/14/2011 11:59,0.55,16688.0,United Kingdom
554749,22960,JAM MAKING SET WITH JARS,3,5/14/2011 11:59,4.25,16688.0,United Kingdom
554749,23084,RABBIT NIGHT LIGHT,2,5/14/2011 11:59,2.08,16688.0,United Kingdom
554749,21755,LOVE BUILDING BLOCK WORD,3,5/14/2011 11:59,5.95,16688.0,United Kingdom
554749,22613,PACK OF 20 SPACEBOY NAPKINS,4,5/14/2011 11:59,0.85,16688.0,United Kingdom
554749,22745,POPPY'S PLAYHOUSE BEDROOM,2,5/14/2011 11:59,2.1,16688.0,United Kingdom
554749,22960,JAM MAKING SET WITH JARS,24,5/14/2011 11:59,4.25,16688.0,United Kingdom
554749,22310,IVORY KNITTED MUG COSY,4,5/14/2011 11:59,1.65,16688.0,United Kingdom
554749,47566,PARTY BUNTING,6,5/14/2011 11:59,4.95,16688.0,United Kingdom
554749,22913,RED COAT RACK PARIS FASHION,24,5/14/2011 11:59,4.95,16688.0,United Kingdom
554749,21754,HOME BUILDING BLOCK WORD,2,5/14/2011 11:59,5.95,16688.0,United Kingdom
554749,84406B,CREAM CUPID HEARTS COAT HANGER,1,5/14/2011 11:59,2.75,16688.0,United Kingdom
554749,47566,PARTY BUNTING,24,5/14/2011 11:59,4.95,16688.0,United Kingdom
554749,22423,REGENCY CAKESTAND 3 TIER,8,5/14/2011 11:59,12.75,16688.0,United Kingdom
554749,22310,IVORY KNITTED MUG COSY,12,5/14/2011 11:59,1.65,16688.0,United Kingdom
554798,20725,LUNCH BAG RED RETROSPOT,2,5/15/2011 9:42,1.65,13863.0,United Kingdom
554798,22752,SET 7 BABUSHKA NESTING BOXES,8,5/15/2011 9:42,7.65,13863.0,United Kingdom
554798,84879,ASSORTED COLOUR BIRD ORNAMENT,2,5/15/2011 9:42,1.69,13863.0,United Kingdom
554798,21754,HOME BUILDING BLOCK WORD,3,5/15/2011 9:42,5.95,13863.0,United Kingdom
554798,22632,HAND WARMER RED POLKA DOT,24,5/15/2011 9:42,1.85,13863.0,United Kingdom
554798,22632,HAND WARMER RED POLKA DOT,2,5/15/2011 9:42,1.85,13863.0,United Kingdom
554798,21754,HOME BUILDING BLOCK WORD,3,5/15/2011 9:42,5.95,13863.0,United Kingdom
554798,21754,HOME BUILDING BLOCK WORD,24,5/15/2011 9:42,5.95,13863.0,United Kingdom
554798,48187,DOORMAT NEW ENGLAND,8,5/15/2011 9:42,7.95,13863.0,United Kingdom
554865,20725,LUNCH BAG RED RETROSPOT,12,5/15/2011 19:37,1.65,17562.0,United Kingdom
554865,22423,REGENCY CAKESTAND 3 TIER,4,5/15/2011 19:37,12.75,17562.0,United Kingdom
554930,22752,SET 7 BABUSHKA NESTING BOXES,12,5/16/2011 9:19,7.65,13150.0,United Kingdom
554930,21212,PACK OF 72 RETROSPOT CAKE CASES,12,5/16/2011 9:19,0.55,13150.0,United Kingdom
554930,22632,HAND WARMER RED POLKA DOT,24,5/16/2011 9:19,1.85,13150.0,United Kingdom
554930,20725,LUNCH BAG RED RETROSPOT,8,5/16/2011 9:19,1.65,13150.0,United Kingdom
554930,22752,SET 7 BABUSHKA NESTING BOXES,3,5/16/2011 9:19,7.65,13150.0,United Kingdom
554930,21212,PACK OF 72 RETROSPOT CAKE CASES,1,5/16/2011 9:19,0.55,13150.0,United Kingdom
554930,23084,RABBIT NIGHT LIGHT,24,5/16/2011 9:19,2.08,13150.0,United Kingdom
554930,71053,WHITE METAL LANTERN,6,5/16/2011 9:19,3.39,13150.0,United Kingdom
554930,22745,POPPY'S PLAYHOUSE BEDROOM,2,5/16/2011 9:19,2.1,13150.0,United Kingdom
554972,22913,RED COAT RACK PARIS FASHION,6,5/16/2011 14:19,4.95,15711.0,United Kingdom
555013,22423,REGENCY CAKESTAND 3 TIER,48,5/17/2011 8:13,12.75,15564.0,United Kingdom
555013,21777,RECIPE BOX WITH METAL HEART,2,5/17/2011 8:13,7.95,15564.0,United Kingdom
555013,22720,SET OF 3 CAKE TINS PANTRY DESIGN,8,5/17/2011 8:13,4.95,15564.0,United Kingdom
555013,21212,PACK OF 72 RETROSPOT CAKE CASES,6,5/17/2011 8:13,0.55,15564.0,United Kingdom
555013,22633,HAND WARMER UNION JACK,3,5/17/2011 8:13,1.85,15564.0,United Kingdom
555013,84029G,KNITTED UNION FLAG HOT WATER BOTTLE,2,5/17/2011 8:13,3.39,15564.0,United Kingdom
555013,22745,POPPY'S PLAYHOUSE BEDROOM,8,5/17/2011 8:13,2.1,15564.0,United Kingdom
555013,22913,RED COAT RACK PARIS FASHION,12,5/17/2011 8:13,4.95,15564.0,United Kingdom
555013,22720,SET OF 3 CAKE TINS PANTRY DESIGN,3,5/17/2011 8:13,4.95,15564.0,United Kingdom
555013,22960,JAM MAKING SET WITH JARS,4,5/17/2011 8:13,4.25,15564.0,United Kingdom
555013,84029E,RED WOOLLY HOTTIE WHITE HEART.,12,5/17/2011 8:13,3.39,15564.0,United Kingdom
555013,22633,HAND WARMER UNION JACK,2,5/17/2011 8:13,1.85,15564.0,United Kingdom
555013,22423,REGENCY CAKESTAND 3 TIER,4,5/17/2011 8:13,12.75,15564.0,United Kingdom
555013,21755,LOVE BUILDING BLOCK WORD,8,5/17/2011 8:13,5.95,15564.0,United Kingdom
555013,84406B,CREAM CUPID HEARTS COAT HANGER,3,5/17/2011 8:13,2.75,15564.0,United Kingdom
555013,84029E,RED WOOLLY HOTTIE WHITE HEART.,6,5/17/2011 8:13,3.39,15564.0,United Kingdom
555013,20725,LUNCH BAG RED RETROSPOT,48,5/17/2011 8:13,1.65,15564.0,United Kingdom
555013,22745,POPPY'S PLAYHOUSE BEDROOM,48,5/17/2011 8:13,2.1,15564.0,United Kingdom
555063,21777,RECIPE BOX WITH METAL HEART,1,5/17/2011 14:51,7.95,17856.0,Germany
555063,23084,RABBIT NIGHT LIGHT,6,5/17/2011 14:51,2.08,17856.0,Germany
555063,22748,POPPY'S PLAYHOUSE KITCHEN,2,5/17/2011 14:51,2.1,17856.0,Germany
555063,84029E,RED WOOLLY HOTTIE WHITE HEART.,2,5/17/2011 14:51,3.39,17856.0,Germany
555063,48187,DOORMAT NEW ENGLAND,2,5/17/2011 14:51,7.95,17856.0,Germany
555135,21212,PACK OF 72 RETROSPOT CAKE CASES,12,5/18/2011 10:25,0.55,,United Kingdom
555135,21755,LOVE BUILDING BLOCK WORD,3,5/18/2011 10:25,5.95,,United Kingdom
555135,84029G,KNITTED UNION FLAG HOT WATER BOTTLE,8,5/18/2011 10:25,3.39,,United Kingdom
555135,23084,RABBIT NIGHT LIGHT,6,5/18/2011 10:25,2.08,,United Kingdom
555135,22745,POPPY'S PLAYHOUSE BEDROOM,24,5/18/2011 10:25,2.1,,United Kingdom
555135,22913,RED COAT RACK PARIS FASHION,4,5/18/2011 10:25,4.95,,United Kingdom
555135,22752,SET 7 BABUSHKA NESTING BOXES,4,5/18/2011 10:25,7.65,,United Kingdom
555135,48187,DOORMAT NEW ENGLAND,6,5/18/2011 10:25,7.95,,United Kingdom
555135,48187,DOORMAT NEW ENGLAND,24,5/18/2011 10:25,7.95,,United Kingdom
555135,22752,SET 7 BABUSHKA NESTING BOXES,2,5/18/2011 10:25,7.65,,United Kingdom
555135,20725,LUNCH BAG RED RETROSPOT,3,5/18/2011 10:25,1.65,,United Kingdom
555209,22752,SET 7 BABUSHKA NESTING BOXES,48,5/19/2011 9:12,7.65,13536.0,United Kingdom
555209,22613,PACK OF 20 SPACEBOY NAPKINS,1,5/19/2011 9:12,0.85,13536.0,United Kingdom
555209,22632,HAND WARMER RED POLKA DOT,2,5/19/2011 9:12,1.85,13536.0,United Kingdom
555209,85123A,WHITE HANGING HEART T-LIGHT HOLDER,48,5/19/2011 9:12,2.55,13536.0,United Kingdom
555209,22623,BOX OF VINTAGE JIGSAW BLOCKS,2,5/19/2011 9:12,4.95,13536.0,United Kingdom
555209,21777,RECIPE BOX WITH METAL HEART,2,5/19/2011 9:12,7.95,13536.0,United Kingdom
555209,21777,RECIPE BOX WITH METAL HEART,1,5/19/2011 9:12,7.95,13536.0,United Kingdom
555209,22633,HAND WARMER UNION JACK,48,5/19/2011 9:12,1.85,13536.0,United Kingdom
555209,21730,GLASS STAR FROSTED T-LIGHT HOLDER,6,5/19/2011 9:12,4.25,13536.0,United Kingdom
555209,85123A,WHITE HANGING HEART T-LIGHT HOLDER,48,5/19/2011 9:12,2.55,13536.0,United Kingdom
555209,85123A,WHITE HANGING HEART T-LIGHT HOLDER,6,5/19/2011 9:12,2.55,13536.0,United Kingdom
555209,22197,SMALL POPCORN HOLDER,12,5/19/2011 9:12,0.85,13536.0,United Kingdom
555250,85099B,JUMBO BAG RED RETROSPOT,8,5/19/2011 17:57,1.95,,United Kingdom
555250,22752,SET 7 BABUSHKA NESTING BOXES,6,5/19/2011 17:57,7.65,,United Kingdom
555250,22633,HAND WARMER UNION JACK,6,5/19/2011 17:57,1.85,,United Kingdom
555250,48187,DOORMAT NEW ENGLAND,1,5/19/2011 17:57,7.95,,United Kingdom
555250,22632,HAND WARMER RED POLKA DOT,6,5/19/2011 17:57,1.85,,United Kingdom
555250,22633,HAND WARMER UNION JACK,48,5/19/2011 17:57,1.85,,United Kingdom
555250,20725,LUNCH BAG RED RETROSPOT,1,5/19/2011 17:57,1.65,,United Kingdom
555250,22748,POPPY'S PLAYHOUSE KITCHEN,3,5/19/2011 17:57,2.1,,United Kingdom
555250,21777,RECIPE BOX WITH METAL HEART,8,5/19/2011 17:57,7.95,,United Kingdom
555250,48187,DOORMAT NEW ENGLAND,1,5/19/2011 17:57,7.95,,United Kingdom
555250,48187,DOORMAT NEW ENGLAND,2,5/19/2011 17:57,7.95,,United Kingdom
555250,21755,LOVE BUILDING BLOCK WORD,2,5/19/2011 17:57,5.95,,United Kingdom
555250,22960,JAM MAKING SET WITH JARS,4,5/19/2011 17:57,4.25,,United Kingdom
555250,22745,POPPY'S PLAYHOUSE BEDROOM,1,5/19/2011 17:57,2.1,,United Kingdom
555250,22748,POPPY'S PLAYHOUSE KITCHEN,3,5/19/2011 17:57,2.1,,United Kingdom
555250,47566,PARTY BUNTING,4,5/19/2011 17:57,4.95,,United Kingdom
555250,84406B,CREAM CUPID HEARTS COAT HANGER,6,5/19/2011 17:57,2.75,,United Kingdom
555250,21754,HOME BUILDING BLOCK WORD,2,5/19/2011 17:57,5.95,,United Kingdom
555250,21755,LOVE BUILDING BLOCK WORD,12,5/19/2011 17:57,5.95,,United Kingdom
555314,85123A,WHITE HANGING HEART T-LIGHT HOLDER,6,5/20/2011 9:30,2.55,17946.0,United Kingdom
555314,85099B,JUMBO BAG RED RETROSPOT,2,5/20/2011 9:30,1.95,17946.0,United Kingdom
555314,20725,LUNCH BAG RED RETROSPOT,12,5/20/2011 9:30,1.65,17946.0,United Kingdom
555314,22960,JAM MAKING SET WITH JARS,4,5/20/2011 9:30,4.25,17946.0,United Kingdom
555314,23084,RABBIT NIGHT LIGHT,1,5/20/2011 9:30,2.08,17946.0,United Kingdom
555314,22720,SET OF 3 CAKE TINS PANTRY DESIGN,1,5/20/2011 9:30,4.95,17946.0,United Kingdom
555314,21755,LOVE BUILDING BLOCK WORD,12,5/20/2011 9:30,5.95,17946.0,United Kingdom
555314,84969,BOX OF 6 ASSORTED COLOUR TEASPOONS,24,5/20/2011 9:30,4.25,17946.0,United Kingdom
555314,85123A,WHITE HANGING HEART T-LIGHT HOLDER,8,5/20/2011 9:30,2.55,17946.0,United Kingdom
555314,22745,POPPY'S PLAYHOUSE BEDROOM,6,5/20/2011 9:30,2.1,17946.0,United Kingdom
555314,22613,PACK OF 20 SPACEBOY NAPKINS,1,5/20/2011 9:30,0.85,17946.0,United Kingdom
555314,84879,ASSORTED COLOUR BIRD ORNAMENT,48,5/20/2011 9:30,1.69,17946.0,United Kingdom
555314,84029E,RED WOOLLY HOTTIE WHITE HEART.,48,5/20/2011 9:30,3.39,17946.0,United Kingdom
555314,22913,RED COAT RACK PARIS FASHION,8,5/20/2011 9:30,4.95,17946.0,United Kingdom
555314,22752,SET 7 BABUSHKA NESTING BOXES,12,5/20/2011 9:30,7.65,17946.0,United Kingdom
555314,21777,RECIPE BOX WITH METAL HEART,24,5/20/2011 9:30,7.95,17946.0,United Kingdom
555314,85099B,JUMBO BAG RED RETROSPOT,48,5/20/2011 9:30,1.95,17946.0,United Kingdom
555314,84879,ASSORTED COLOUR BIRD ORNAMENT,1,5/20/2011 9:30,1.69,17946.0,United Kingdom
555314,85123A,WHITE HANGING HEART T-LIGHT HOLDER,1,5/20/2011 9:30,2.55,17946.0,United Kingdom
555357,22197,SMALL POPCORN HOLDER,12,5/20/2011 16:04,0.85,17763.0,United Kingdom
555357,22752,SET 7 BABUSHKA NESTING BOXES,4,5/20/2011 16:04,7.65,17763.0,United Kingdom
555357,21730,GLASS STAR FROSTED T-LIGHT HOLDER,6,5/20/2011 16:04,4.25,17763.0,United Kingdom
555357,22960,JAM MAKING SET WITH JARS,1,5/20/2011 16:04,4.25,17763.0,United Kingdom
555357,21777,RECIPE BOX WITH METAL HEART,12,5/20/2011 16:04,7.95,17763.0,United Kingdom
555357,22310,IVORY KNITTED MUG COSY,2,5/20/2011 16:04,1.65,17763.0,United Kingdom
555357,22623,BOX OF VINTAGE JIGSAW BLOCKS,8,5/20/2011 16:04,4.95,17763.0,United Kingdom
555357,21212,PACK OF 72 RETROSPOT CAKE CASES,6,5/20/2011 16:04,0.55,17763.0,United Kingdom
555431,22423,REGENCY CAKESTAND 3 TIER,24,5/21/2011 8:49,12.75,17752.0,United Kingdom
555431,22752,SET 7 BABUSHKA NESTING BOXES,2,5/21/2011 8:49,7.65,17752.0,United Kingdom
555431,21777,RECIPE BOX WITH METAL HEART,24,5/21/2011 8:49,7.95,17752.0,United Kingdom
555431,23084,RABBIT NIGHT LIGHT,24,5/21/2011 8:49,2.08,17752.0,United Kingdom
555431,21754,HOME BUILDING BLOCK WORD,1,5/21/2011 8:49,5.95,17752.0,United Kingdom
555431,22423,REGENCY CAKESTAND 3 TIER,12,5/21/2011 8:49,12.75,17752.0,United Kingdom
555431,84029E,RED WOOLLY HOTTIE WHITE HEART.,6,5/21/2011 8:49,3.39,17752.0,United Kingdom
555504,20725,LUNCH BAG RED RETROSPOT,4,5/21/2011 19:03,1.65,,United Kingdom
555504,47566,PARTY BUNTING,24,5/21/2011 19:03,4.95,,United Kingdom
555504,71053,WHITE METAL LANTERN,2,5/21/2011 19:03,3.39,,United Kingdom
555504,22913,RED COAT RACK PARIS FASHION,3,5/21/2011 19:03,4.95,,United Kingdom
555504,22960,JAM MAKING SET WITH JARS,8,5/21/2011 19:03,4.25,,United Kingdom
555504,48187,DOORMAT NEW ENGLAND,12,5/21/2011 19:03,7.95,,United Kingdom
555504,22913,RED COAT RACK PARIS FASHION,4,5/21/2011 19:03,4.95,,United Kingdom
555504,22752,SET 7 BABUSHKA NESTING BOXES,48,5/21/2011 19:03,7.65,,United Kingdom
555504,71053,WHITE METAL LANTERN,4,5/21/2011 19:03,3.39,,United Kingdom
555504,22632,HAND WARMER RED POLKA DOT,24,5/21/2011 19:03,1.85,,United Kingdom
555504,22633,HAND WARMER UNION JACK,12,5/21/2011 19:03,1.85,,United Kingdom
555504,22632,HAND WARMER RED POLKA DOT,48,5/21/2011 19:03,1.85,,United Kingdom
555564,22632,HAND WARMER RED POLKA DOT,8,5/22/2011 11:56,1.85,,United Kingdom
555564,84969,BOX OF 6 ASSORTED COLOUR TEASPOONS,3,5/22/2011 11:56,4.25,,United Kingdom
555564,22632,HAND WARMER RED POLKA DOT,12,5/22/2011 11:56,1.85,,United Kingdom
555564,84406B,CREAM CUPID HEARTS COAT HANGER,1,5/22/2011 11:56,2.75,,United Kingdom
555564,22720,SET OF 3 CAKE TINS PANTRY DESIGN,8,5/22/2011 11:56,4.95,,United Kingdom
555564,84029G,KNITTED UNION FLAG HOT WATER BOTTLE,48,5/22/2011 11:56,3.39,,United Kingdom
555564,84969,BOX OF 6 ASSORTED COLOUR TEASPOONS,1,5/22/2011 11:56,4.25,,United Kingdom
555564,22752,SET 7 BABUSHKA NESTING BOXES,24,5/22/2011 11:56,7.65,,United Kingdom
555627,21755,LOVE BUILDING BLOCK WORD,4,5/23/2011 11:41,5.95,15768.0,United Kingdom
555627,85123A,WHITE HANGING HEART T-LIGHT HOLDER,24,5/23/2011 11:41,2.55,15768.0,United Kingdom
555627,84029E,RED WOOLLY HOTTIE WHITE HEART.,6,5/23/2011 11:41,3.39,15768.0,United Kingdom
555627,22748,POPPY'S PLAYHOUSE KITCHEN,8,5/23/2011 11:41,2.1,15768.0,United Kingdom
555627,22960,JAM MAKING SET WITH JARS,3,5/23/2011 11:41,4.25,15768.0,United Kingdom
555627,22310,IVORY KNITTED MUG COSY,6,5/23/2011 11:41,1.65,15768.0,United Kingdom
555627,84029E,RED WOOLLY HOTTIE WHITE HEART.,1,5/23/2011 11:41,3.39,15768.0,United Kingdom
555627,22960,JAM MAKING SET WITH JARS,6,5/23/2011 11:41,4.25,15768.0,United Kingdom
555627,21777,RECIPE BOX WITH METAL HEART,1,5/23/2011 11:41,7.95,15768.0,United Kingdom
555627,21730,GLASS STAR FROSTED T-LIGHT HOLDER,3,5/23/2011 11:41,4.25,15768.0,United Kingdom
555627,22623,BOX OF VINTAGE JIGSAW BLOCKS,1,5/23/2011 11:41,4.95,15768.0,United Kingdom
555627,22197,SMALL POPCORN HOLDER,3,5/23/2011 11:41,0.85,15768.0,United Kingdom
555627,22752,SET 7 BABUSHKA NESTING BOXES,24,5/23/2011 11:41,7.65,15768.0,United Kingdom
555627,84029G,KNITTED UNION FLAG HOT WATER BOTTLE,1,5/23/2011 11:41,3.39,15768.0,United Kingdom
555627,22720,SET OF 3 CAKE TINS PANTRY DESIGN,6,5/23/2011 11:41,4.95,15768.0,United Kingdom
555627,21730,GLASS STAR FROSTED T-LIGHT HOLDER,6,5/23/2011 11:41,4.25,15768.0,United Kingdom
555627,22748,POPPY'S PLAYHOUSE KITCHEN,24,5/23/2011 11:41,2.1,15768.0,United Kingdom
555627,85099B,JUMBO BAG RED RETROSPOT,48,5/23/2011 11:41,1.95,15768.0,United Kingdom
555627,22623,BOX OF VINTAGE JIGSAW BLOCKS,3,5/23/2011 11:41,4.95,15768.0,United Kingdom
555627,71053,WHITE METAL LANTERN,3,5/23/2011 11:41,3.39,15768.0,United Kingdom
555627,21730,GLASS STAR FROSTED T-LIGHT HOLDER,1,5/23/2011 11:41,4.25,15768.0,United Kingdom
555627,22632,HAND WARMER RED POLKA DOT,3,5/23/2011 11:41,1.85,15768.0,United Kingdom
555627,21730,GLASS STAR FROSTED T-LIGHT HOLDER,24,5/23/2011 11:41,4.25,15768.0,United Kingdom
555627,85099B,JUMBO BAG RED RETROSPOT,8,5/23/2011 11:41,1.95,15768.0,United Kingdom
555684,23084,RABBIT NIGHT LIGHT,3,5/23/2011 16:09,2.08,,United Kingdom
555684,84879,ASSORTED COLOUR BIRD ORNAMENT,8,5/23/2011 16:09,1.69,,United Kingdom
555684,21755,LOVE BUILDING BLOCK WORD,12,5/23/2011 16:09,5.95,,United Kingdom
555684,71053,WHITE METAL LANTERN,1,5/23/2011 16:09,3.39,,United Kingdom
555684,22197,SMALL POPCORN HOLDER,6,5/23/2011 16:09,0.85,,United Kingdom
555684,85123A,WHITE HANGING HEART T-LIGHT HOLDER,12,5/23/2011 16:09,2.55,,United Kingdom
555684,21730,GLASS STAR FROSTED T-LIGHT HOLDER,6,5/23/2011 16:09,4.25,,United Kingdom
555684,84969,BOX OF 6 ASSORTED COLOUR TEASPOONS,6,5/23/2011 16:09,4.25,,United Kingdom
555684,47566,PARTY BUNTING,48,5/23/2011 16:09,4.95,,United Kingdom
555684,21777,RECIPE BOX WITH METAL HEART,4,5/23/2011 16:09,7.95,,United Kingdom
555730,22623,BOX OF VINTAGE JIGSAW BLOCKS,12,5/24/2011 9:07,4.95,16234.0,United Kingdom
555730,23084,RABBIT NIGHT LIGHT,12,5/24/2011 9:07,2.08,16234.0,United Kingdom
555730,22623,BOX OF VINTAGE JIGSAW BLOCKS,6,5/24/2011 9:07,4.95,16234.0,United Kingdom
555730,22960,JAM MAKING SET WITH JARS,2,5/24/2011 9:07,4.25,16234.0,United Kingdom
555730,23084,RABBIT NIGHT LIGHT,48,5/24/2011 9:07,2.08,16234.0,United Kingdom
555730,22613,PACK OF 20 SPACEBOY NAPKINS,6,5/24/2011 9:07,0.85,16234.0,United Kingdom
555730,84406B,CREAM CUPID HEARTS COAT HANGER,8,5/24/2011 9:07,2.75,16234.0,United Kingdom
555730,85123A,WHITE HANGING HEART T-LIGHT HOLDER,48,5/24/2011 9:07,2.55,16234.0,United Kingdom
555730,22960,JAM MAKING SET WITH JARS,8,5/24/2011 9:07,4.25,16234.0,United Kingdom
555730,22633,HAND WARMER UNION JACK,12,5/24/2011 9:07,1.85,16234.0,United Kingdom
555783,22623,BOX OF VINTAGE JIGSAW BLOCKS,24,5/24/2011 17:29,4.95,16125.0,United Kingdom
555783,22632,HAND WARMER RED POLKA DOT,4,5/24/2011 17:29,1.85,16125.0,United Kingdom
555783,21754,HOME BUILDING BLOCK WORD,24,5/24/2011 17:29,5.95,16125.0,United Kingdom
555783,22613,PACK OF 20 SPACEBOY NAPKINS,24,5/24/2011 17:29,0.85,16125.0,United Kingdom
555783,22623,BOX OF VINTAGE JIGSAW BLOCKS,24,5/24/2011 17:29,4.95,16125.0,United Kingdom
555783,21777,RECIPE BOX WITH METAL HEART,2,5/24/2011 17:29,7.95,16125.0,United Kingdom
555783,22623,BOX OF VINTAGE JIGSAW BLOCKS,12,5/24/2011 17:29,4.95,16125.0,United Kingdom
555783,22623,BOX OF VINTAGE JIGSAW BLOCKS,6,5/24/2011 17:29,4.95,16125.0,United Kingdom
555783,22745,POPPY'S PLAYHOUSE BEDROOM,6,5/24/2011 17:29,2.1,16125.0,United Kingdom
555783,20725,LUNCH BAG RED RETROSPOT,48,5/24/2011 17:29,1.65,16125.0,United Kingdom
555783,22623,BOX OF VINTAGE JIGSAW BLOCKS,2,5/24/2011 17:29,4.95,16125.0,United Kingdom
555783,22632,HAND WARMER RED POLKA DOT,3,5/24/2011 17:29,1.85,16125.0,United Kingdom
555783,21755,LOVE BUILDING BLOCK WORD,6,5/24/2011 17:29,5.95,16125.0,United Kingdom
555783,22748,POPPY'S PLAYHOUSE KITCHEN,12,5/24/2011 17:29,2.1,16125.0,United Kingdom
555783,22423,REGENCY CAKESTAND 3 TIER,1,5/24/2011 17:29,12.75,16125.0,United Kingdom
555783,48187,DOORMAT NEW ENGLAND,24,5/24/2011 17:29,7.95,16125.0,United Kingdom
555783,21212,PACK OF 72 RETROSPOT CAKE CASES,4,5/24/2011 17:29,0.55,16125.0,United Kingdom
555783,84969,BOX OF 6 ASSORTED COLOUR TEASPOONS,1,5/24/2011 17:29,4.25,16125.0,United Kingdom
555833,85123A,WHITE HANGING HEART T-LIGHT HOLDER,6,5/25/2011 11:32,2.55,12732.0,United Kingdom
555833,71053,WHITE METAL LANTERN,4,5/25/2011 11:32,3.39,12732.0,United Kingdom
555833,84029E,RED WOOLLY HOTTIE WHITE HEART.,1,5/25/2011 11:32,3.39,12732.0,United Kingdom
555833,22748,POPPY'S PLAYHOUSE KITCHEN,24,5/25/2011 11:32,2.1,12732.0,United Kingdom
555833,22913,RED COAT RACK PARIS FASHION,24,5/25/2011 11:32,4.95,12732.0,United Kingdom
555833,21730,GLASS STAR FROSTED T-LIGHT HOLDER,3,5/25/2011 11:32,4.25,12732.0,United Kingdom
555833,21730,GLASS STAR FROSTED T-LIGHT HOLDER,12,5/25/2011 11:32,4.25,12732.0,United Kingdom
555833,22310,IVORY KNITTED MUG COSY,8,5/25/2011 11:32,1.65,12732.0,United Kingdom
555833,22720,SET OF 3 CAKE TINS PANTRY DESIGN,8,5/25/2011 11:32,4.95,12732.0,United Kingdom
555833,22310,IVORY KNITTED MUG COSY,24,5/25/2011 11:32,1.65,12732.0,United Kingdom
555833,84879,ASSORTED COLOUR BIRD ORNAMENT,8,5/25/2011 11:32,1.69,12732.0,United Kingdom
555833,22720,SET OF 3 CAKE TINS PANTRY DESIGN,8,5/25/2011 11:32,4.95,12732.0,United Kingdom
555833,22623,BOX OF VINTAGE JIGSAW BLOCKS,48,5/25/2011 11:32,4.95,12732.0,United Kingdom
555833,22633,HAND WARMER UNION JACK,48,5/25/2011 11:32,1.85,12732.0,United Kingdom
555833,84406B,CREAM CUPID HEARTS COAT HANGER,6,5/25/2011 11:32,2.75,12732.0,United Kingdom
555833,22633,HAND WARMER UNION JACK,12,5/25/2011 11:32,1.85,12732.0,United Kingdom
555881,22960,JAM MAKING SET WITH JARS,24,5/26/2011 9:54,4.25,13415.0,United Kingdom
555881,22310,IVORY KNITTED MUG COSY,6,5/26/2011 9:54,1.65,13415.0,United Kingdom
555881,23084,RABBIT NIGHT LIGHT,12,5/26/2011 9:54,2.08,13415.0,United Kingdom
555881,22720,SET OF 3 CAKE TINS PANTRY DESIGN,24,5/26/2011 9:54,4.95,13415.0,United Kingdom
555881,84969,BOX OF 6 ASSORTED COLOUR TEASPOONS,4,5/26/2011 9:54,4.25,13415.0,United Kingdom
555881,84406B,CREAM CUPID HEARTS COAT HANGER,2,5/26/2011 9:54,2.75,13415.0,United Kingdom
555881,71053,WHITE METAL LANTERN,8,5/26/2011 9:54,3.39,13415.0,United Kingdom
555881,48187,DOORMAT NEW ENGLAND,3,5/26/2011 9:54,7.95,13415.0,United Kingdom
555881,21730,GLASS STAR FROSTED T-LIGHT HOLDER,3,5/26/2011 9:54,4.25,13415.0,United Kingdom
555881,22613,PACK OF 20 SPACEBOY NAPKINS,1,5/26/2011 9:54,0.85,13415.0,United Kingdom
555881,84406B,CREAM CUPID HEARTS COAT HANGER,12,5/26/2011 9:54,2.75,13415.0,United Kingdom
555946,21777,RECIPE BOX WITH METAL HEART,3,5/26/2011 17:59,7.95,,United Kingdom
555946,20725,LUNCH BAG RED RETROSPOT,24,5/26/2011 17:59,1.65,,United Kingdom
555946,22623,BOX OF VINTAGE JIGSAW BLOCKS,3,5/26/2011 17:59,4.95,,United Kingdom
555946,22197,SMALL POPCORN HOLDER,3,5/26/2011 17:59,0.85,,United Kingdom
555946,84029G,KNITTED UNION FLAG HOT WATER BOTTLE,3,5/26/2011 17:59,3.39,,United Kingdom
556003,84029E,RED WOOLLY HOTTIE WHITE HEART.,48,5/27/2011 10:33,3.39,12904.0,United Kingdom
556003,21777,RECIPE BOX WITH METAL HEART,12,5/27/2011 10:33,7.95,12904.0,United Kingdom
556003,22752,SET 7 BABUSHKA NESTING BOXES,24,5/27/2011 10:33,7.65,12904.0,United Kingdom
556003,22633,HAND WARMER UNION JACK,2,5/27/2011 10:33,1.85,12904.0,United Kingdom
556003,22613,PACK OF 20 SPACEBOY NAPKINS,1,5/27/2011 10:33,0.85,12904.0,United Kingdom
556003,71053,WHITE METAL LANTERN,8,5/27/2011 10:33,3.39,12904.0,United Kingdom
556003,21730,GLASS STAR FROSTED T-LIGHT HOLDER,12,5/27/2011 10:33,4.25,12904.0,United Kingdom
556003,22960,JAM MAKING SET WITH JARS,6,5/27/2011 10:33,4.25,12904.0,United Kingdom
556003,22748,POPPY'S PLAYHOUSE KITCHEN,6,5/27/2011 10:33,2.1,12904.0,United Kingdom
556003,22720,SET OF 3 CAKE TINS PANTRY DESIGN,24,5/27/2011 10:33,4.95,12904.0,United Kingdom
556003,22423,REGENCY CAKESTAND 3 TIER,6,5/27/2011 10:33,12.75,12904.0,United Kingdom
556003,21730,GLASS STAR FROSTED T-LIGHT HOLDER,8,5/27/2011 10:33,4.25,12904.0,United Kingdom
556003,84969,BOX OF 6 ASSORTED COLOUR TEASPOONS,4,5/27/2011 10:33,4.25,12904.0,United Kingdom
556003,84029E,RED WOOLLY HOTTIE WHITE HEART.,1,5/27/2011 10:33,3.39,12904.0,United Kingdom
556003,21755,LOVE BUILDING BLOCK WORD,6,5/27/2011 10:33,5.95,12904.0,United Kingdom
556077,22423,REGENCY CAKESTAND 3 TIER,12,5/27/2011 18:11,12.75,15192.0,United Kingdom
556077,47566,PARTY BUNTING,2,5/27/2011 18:11,4.95,15192.0,United Kingdom
556077,22913,RED COAT RACK PARIS FASHION,48,5/27/2011 18:11,4.95,15192.0,United Kingdom
556077,22623,BOX OF VINTAGE JIGSAW BLOCKS,12,5/27/2011 18:11,4.95,15192.0,United Kingdom
556077,84406B,CREAM CUPID HEARTS COAT HANGER,8,5/27/2011 18:11,2.75,15192.0,United Kingdom
556077,22633,HAND WARMER UNION JACK,1,5/27/2011 18:11,1.85,15192.0,United Kingdom
556077,47566,PARTY BUNTING,1,5/27/2011 18:11,4.95,15192.0,United Kingdom
556077,20725,LUNCH BAG RED RETROSPOT,8,5/27/2011 18:11,1.65,15192.0,United Kingdom
556077,21754,HOME BUILDING BLOCK WORD,12,5/27/2011 18:11,5.95,15192.0,United Kingdom
556077,22913,RED COAT RACK PARIS FASHION,12,5/27/2011 18:11,4.95,15192.0,United Kingdom
556077,21755,LOVE BUILDING BLOCK WORD,48,5/27/2011 18:11,5.95,15192.0,United Kingdom
556077,22197,SMALL POPCORN HOLDER,3,5/27/2011 18:11,0.85,15192.0,United Kingdom
556077,84879,ASSORTED COLOUR BIRD ORNAMENT,4,5/27/2011 18:11,1.69,15192.0,United Kingdom
556077,84029G,KNITTED UNION FLAG HOT WATER BOTTLE,24,5/27/2011 18:11,3.39,15192.0,United Kingdom
556077,22960,JAM MAKING SET WITH JARS,4,5/27/2011 18:11,4.25,15192.0,United Kingdom
556077,22197,SMALL POPCORN HOLDER,8,5/27/2011 18:11,0.85,15192.0,United Kingdom
556077,84406B,CREAM CUPID HEARTS COAT HANGER,48,5/27/2011 18:11,2.75,15192.0,United Kingdom
556077,22960,JAM MAKING SET WITH JARS,1,5/27/2011 18:11,4.25,15192.0,United Kingdom
556077,22913,RED COAT RACK PARIS FASHION,12,5/27/2011 18:11,4.95,15192.0,United Kingdom
556124,22748,POPPY'S PLAYHOUSE KITCHEN,24,5/28/2011 10:27,2.1,17071.0,United Kingdom
556124,22613,PACK OF 20 SPACEBOY NAPKINS,24,5/28/2011 10:27,0.85,17071.0,United Kingdom
556124,85123A,WHITE HANGING HEART T-LIGHT HOLDER,24,5/28/2011 10:27,2.55,17071.0,United Kingdom
556124,21730,GLASS STAR FROSTED T-LIGHT HOLDER,2,5/28/2011 10:27,4.25,17071.0,United Kingdom
556124,22752,SET 7 BABUSHKA NESTING BOXES,4,5/28/2011 10:27,7.65,17071.0,United Kingdom
556124,21754,HOME BUILDING BLOCK WORD,6,5/28/2011 10:27,5.95,17071.0,United Kingdom
556124,84406B,CREAM CUPID HEARTS COAT HANGER,1,5/28/2011 10:27,2.75,17071.0,United Kingdom
556124,84969,BOX OF 6 ASSORTED COLOUR TEASPOONS,8,5/28/2011 10:27,4.25,17071.0,United Kingdom
556124,85099B,JUMBO BAG RED RETROSPOT,1,5/28/2011 10:27,1.95,17071.0,United Kingdom
556124,22913,RED COAT RACK PARIS FASHION,48,5/28/2011 10:27,4.95,17071.0,United Kingdom
556124,22752,SET 7 BABUSHKA NESTING BOXES,6,5/28/2011 10:27,7.65,17071.0,United Kingdom
556124,84406B,CREAM CUPID HEARTS COAT HANGER,24,5/28/2011 10:27,2.75,17071.0,United Kingdom
556124,84029E,RED WOOLLY HOTTIE WHITE HEART.,8,5/28/2011 10:27,3.39,17071.0,United Kingdom
556124,84879,ASSORTED COLOUR BIRD ORNAMENT,12,5/28/2011 10:27,1.69,17071.0,United Kingdom
556124,22745,POPPY'S PLAYHOUSE BEDROOM,3,5/28/2011 10:27,2.1,17071.0,United Kingdom
556124,47566,PARTY BUNTING,2,5/28/2011 10:27,4.95,17071.0,United Kingdom
556124,22197,SMALL POPCORN HOLDER,24,5/28/2011 10:27,0.85,17071.0,United Kingdom
556182,21730,GLASS STAR FROSTED T-LIGHT HOLDER,24,5/28/2011 17:25,4.25,15855.0,EIRE
556182,47566,PARTY BUNTING,4,5/28/2011 17:25,4.95,15855.0,EIRE
556182,22745,POPPY'S PLAYHOUSE BEDROOM,3,5/28/2011 17:25,2.1,15855.0,EIRE
556182,21777,RECIPE BOX WITH METAL HEART,24,5/28/2011 17:25,7.95,15855.0,EIRE
556182,22633,HAND WARMER UNION JACK,6,5/28/2011 17:25,1.85,15855.0,EIRE
556182,22310,IVORY KNITTED MUG COSY,24,5/28/2011 17:25,1.65,15855.0,EIRE
556182,22720,SET OF 3 CAKE TINS PANTRY DESIGN,48,5/28/2011 17:25,4.95,15855.0,EIRE
556182,85123A,WHITE HANGING HEART T-LIGHT HOLDER,24,5/28/2011 17:25,2.55,15855.0,EIRE
556182,21212,PACK OF 72 RETROSPOT CAKE CASES,24,5/28/2011 17:25,0.55,15855.0,EIRE
556182,84969,BOX OF 6 ASSORTED COLOUR TEASPOONS,24,5/28/2011 17:25,4.25,15855.0,EIRE
556182,85099B,JUMBO BAG RED RETROSPOT,2,5/28/2011 17:25,1.95,15855.0,EIRE
556182,84029E,RED WOOLLY HOTTIE WHITE HEART.,3,5/28/2011 17:25,3.39,15855.0,EIRE
556182,22197,SMALL POPCORN HOLDER,4,5/28/2011 17:25,0.85,15855.0,EIRE
556182,20725,LUNCH BAG RED RETROSPOT,3,5/28/2011 17:25,1.65,15855.0,EIRE
556182,84029E,RED WOOLLY HOTTIE WHITE HEART.,48,5/28/2011 17:25,3.39,15855.0,EIRE
556182,21730,GLASS STAR FROSTED T-LIGHT HOLDER,8,5/28/2011 17:25,4.25,15855.0,EIRE
556182,22752,SET 7 BABUSHKA NESTING BOXES,48,5/28/2011 17:25,7.65,15855.0,EIRE
556182,21777,RECIPE BOX WITH METAL HEART,1,5/28/2011 17:25,7.95,15855.0,EIRE
556182,22613,PACK OF 20 SPACEBOY NAPKINS,1,5/28/2011 17:25,0.85,15855.0,EIRE
556182,85099B,JUMBO BAG RED RETROSPOT,3,5/28/2011 17:25,1.95,15855.0,EIRE
556182,84029G,KNITTED UNION FLAG HOT WATER BOTTLE,6,5/28/2011 17:25,3.39,15855.0,EIRE
556182,85099B,JUMBO BAG RED RETROSPOT,4,5/28/2011 17:25,1.95,15855.0,EIRE
556244,84406B,CREAM CUPID HEARTS COAT HANGER,2,5/29/2011 9:28,2.75,,United Kingdom
556244,22632,HAND WARMER RED POLKA DOT,3,5/29/2011 9:28,1.85,,United Kingdom
556244,85123A,,24,5/29/2011 9:28,2.55,,United Kingdom
556244,21777,RECIPE BOX WITH METAL HEART,1,5/29/2011 9:28,7.95,,United Kingdom
556244,48187,DOORMAT NEW ENGLAND,4,5/29/2011 9:28,7.95,,United Kingdom
556244,22310,IVORY KNITTED MUG COSY,8,5/29/2011 9:28,1.65,,United Kingdom
556244,22752,SET 7 BABUSHKA NESTING BOXES,48,5/29/2011 9:28,7.65,,United Kingdom
556244,84029G,KNITTED UNION FLAG HOT WATER BOTTLE,4,5/29/2011 9:28,3.39,,United Kingdom
556244,22197,SMALL POPCORN HOLDER,8,5/29/2011 9:28,0.85,,United Kingdom
556244,84029G,KNITTED UNION FLAG HOT WATER BOTTLE,24,5/29/2011 9:28,3.39,,United Kingdom
556312,21730,GLASS STAR FROSTED T-LIGHT HOLDER,24,5/29/2011 19:52,4.25,,United Kingdom
556312,22752,SET 7 BABUSHKA NESTING BOXES,24,5/29/2011 19:52,7.65,,United Kingdom
556312,20725,LUNCH BAG RED RETROSPOT,2,5/29/2011 19:52,1.65,,United Kingdom
556312,21754,HOME BUILDING BLOCK WORD,48,5/29/2011 19:52,5.95,,United Kingdom
556312,71053,WHITE METAL LANTERN,1,5/29/2011 19:52,3.39,,United Kingdom
556312,21777,,48,5/29/2011 19:52,7.95,,United Kingdom
556312,22310,IVORY KNITTED MUG COSY,8,5/29/2011 19:52,1.65,,United Kingdom
556312,22720,SET OF 3 CAKE TINS PANTRY DESIGN,4,5/29/2011 19:52,4.95,,United Kingdom
556312,21777,RECIPE BOX WITH METAL HEART,4,5/29/2011 19:52,7.95,,United Kingdom
556312,22748,POPPY'S PLAYHOUSE KITCHEN,48,5/29/2011 19:52,2.1,,United Kingdom
556312,84406B,,6,5/29/2011 19:52,2.75,,United Kingdom
556312,22633,HAND WARMER UNION JACK,2,5/29/2011 19:52,1.85,,United Kingdom
556312,22613,,12,5/29/2011 19:52,0.85,,United Kingdom
556312,22720,SET OF 3 CAKE TINS PANTRY DESIGN,1,5/29/2011 19:52,4.95,,United Kingdom
556378,21754,HOME BUILDING BLOCK WORD,8,5/30/2011 9:42,5.95,17694.0,United Kingdom
556378,22197,SMALL POPCORN HOLDER,48,5/30/2011 9:42,0.85,17694.0,United Kingdom
556378,21212,PACK OF 72 RETROSPOT CAKE CASES,6,5/30/2011 9:42,0.55,17694.0,United Kingdom
556378,22752,SET 7 BABUSHKA NESTING BOXES,6,5/30/2011 9:42,7.65,17694.0,United Kingdom
556378,84029E,RED WOOLLY HOTTIE WHITE HEART.,48,5/30/2011 9:42,3.39,17694.0,United Kingdom
556378,21755,LOVE BUILDING BLOCK WORD,2,5/30/2011 9:42,5.95,17694.0,United Kingdom
556378,21212,PACK OF 72 RETROSPOT CAKE CASES,48,5/30/2011 9:42,0.55,17694.0,United Kingdom
556378,84029G,KNITTED UNION FLAG HOT WATER BOTTLE,24,5/30/2011 9:42,3.39,17694.0,United Kingdom
556378,21777,RECIPE BOX WITH METAL HEART,6,5/30/2011 9:42,7.95,17694.0,United Kingdom
556378,84969,BOX OF 6 ASSORTED COLOUR TEASPOONS,2,5/30/2011 9:42,4.25,17694.0,United Kingdom
556378,84029G,KNITTED UNION FLAG HOT WATER BOTTLE,48,5/30/2011 9:42,3.39,17694.0,United Kingdom
556378,21754,HOME BUILDING BLOCK WORD,12,5/30/2011 9:42,5.95,17694.0,United Kingdom
556378,84879,ASSORTED COLOUR BIRD ORNAMENT,3,5/30/2011 9:42,1.69,17694.0,United Kingdom
556378,21212,PACK OF 72 RETROSPOT CAKE CASES,4,5/30/2011 9:42,0.55,17694.0,United Kingdom
556378,84969,BOX OF 6 ASSORTED COLOUR TEASPOONS,12,5/30/2011 9:42,4.25,17694.0,United Kingdom
556378,84029G,KNITTED UNION FLAG HOT WATER BOTTLE,12,5/30/2011 9:42,3.39,17694.0,United Kingdom
556378,22633,HAND WARMER UNION JACK,2,5/30/2011 9:42,1.85,17694.0,United Kingdom
556378,84029E,RED WOOLLY HOTTIE WHITE HEART.,8,5/30/2011 9:42,3.39,17694.0,United Kingdom
556437,22623,BOX OF VINTAGE JIGSAW BLOCKS,24,5/30/2011 18:46,4.95,17282.0,United Kingdom
556437,22960,JAM MAKING SET WITH JARS,2,5/30/2011 18:46,4.25,17282.0,United Kingdom
556437,48187,DOORMAT NEW ENGLAND,3,5/30/2011 18:46,7.95,17282.0,United Kingdom
556437,21755,LOVE BUILDING BLOCK WORD,12,5/30/2011 18:46,5.95,17282.0,United Kingdom
556437,22197,SMALL POPCORN HOLDER,48,5/30/2011 18:46,0.85,17282.0,United Kingdom
556437,22633,HAND WARMER UNION JACK,2,5/30/2011 18:46,1.85,17282.0,United Kingdom
556437,22720,SET OF 3 CAKE TINS PANTRY DESIGN,12,5/30/2011 18:46,4.95,17282.0,United Kingdom
556437,22613,PACK OF 20 SPACEBOY NAPKINS,2,5/30/2011 18:46,0.85,17282.0,United Kingdom
556437,85099B,JUMBO BAG RED RETROSPOT,1,5/30/2011 18:46,1.95,17282.0,United Kingdom
556437,22613,PACK OF 20 SPACEBOY NAPKINS,1,5/30/2011 18:46,0.85,17282.0,United Kingdom
556437,84029E,RED WOOLLY HOTTIE WHITE HEART.,4,5/30/2011 18:46,3.39,17282.0,United Kingdom
556437,21754,HOME BUILDING BLOCK WORD,1,5/30/2011 18:46,5.95,17282.0,United Kingdom
556437,22720,SET OF 3 CAKE TINS PANTRY DESIGN,2,5/30/2011 18:46,4.95,17282.0,United Kingdom
556437,22913,RED COAT RACK PARIS FASHION,12,5/30/2011 18:46,4.95,17282.0,United Kingdom
556437,22913,RED COAT RACK PARIS FASHION,4,5/30/2011 18:46,4.95,17282.0,United Kingdom
556437,22310,IVORY KNITTED MUG COSY,24,5/30/2011 18:46,1.65,17282.0,United Kingdom
556437,21755,LOVE BUILDING BLOCK WORD,3,5/30/2011 18:46,5.95,17282.0,United Kingdom
556492,21777,RECIPE BOX WITH METAL HEART,48,5/31/2011 11:51,7.95,,United Kingdom
556492,22720,SET OF 3 CAKE TINS PANTRY DESIGN,1,5/31/2011 11:51,4.95,,United Kingdom
556492,22310,IVORY KNITTED MUG COSY,8,5/31/2011 11:51,1.65,,United Kingdom
556492,22197,SMALL POPCORN HOLDER,2,5/31/2011 11:51,0.85,,United Kingdom
556492,84969,BOX OF 6 ASSORTED COLOUR TEASPOONS,6,5/31/2011 11:51,4.25,,United Kingdom
556492,22623,BOX OF VINTAGE JIGSAW BLOCKS,1,5/31/2011 11:51,4.95,,United Kingdom
556492,21730,GLASS STAR FROSTED T-LIGHT HOLDER,4,5/31/2011 11:51,4.25,,United Kingdom
556492,85099B,JUMBO BAG RED RETROSPOT,48,5/31/2011 11:51,1.95,,United Kingdom
556492,71053,WHITE METAL LANTERN,24,5/31/2011 11:51,3.39,,United Kingdom
556492,21212,PACK OF 72 RETROSPOT CAKE CASES,24,5/31/2011 11:51,0.55,,United Kingdom
556492,22745,POPPY'S PLAYHOUSE BEDROOM,3,5/31/2011 11:51,2.1,,United Kingdom
556492,84879,ASSORTED COLOUR BIRD ORNAMENT,2,5/31/2011 11:51,1.69,,United Kingdom
556492,71053,WHITE METAL LANTERN,2,5/31/2011 11:51,3.39,,United Kingdom
556545,22913,RED COAT RACK PARIS FASHION,4,5/31/2011 19:36,4.95,,United Kingdom
556545,22613,PACK OF 20 SPACEBOY NAPKINS,6,5/31/2011 19:36,0.85,,United Kingdom
556545,48187,DOORMAT NEW ENGLAND,48,5/31/2011 19:36,7.95,,United Kingdom
556545,22720,SET OF 3 CAKE TINS PANTRY DESIGN,24,5/31/2011 19:36,4.95,,United Kingdom
556545,22632,HAND WARMER RED POLKA DOT,1,5/31/2011 19:36,1.85,,United Kingdom
556622,21212,PACK OF 72 RETROSPOT CAKE CASES,48,6/1/2011 10:07,0.55,16220.0,United Kingdom
556622,22623,BOX OF VINTAGE JIGSAW BLOCKS,6,6/1/2011 10:07,4.95,16220.0,United Kingdom
556622,84029G,KNITTED UNION FLAG HOT WATER BOTTLE,3,6/1/2011 10:07,3.39,16220.0,United Kingdom
556622,48187,DOORMAT NEW ENGLAND,3,6/1/2011 10:07,7.95,16220.0,United Kingdom
556622,22423,REGENCY CAKESTAND 3 TIER,12,6/1/2011 10:07,12.75,16220.0,United Kingdom
556622,22913,RED COAT RACK PARIS FASHION,8,6/1/2011 10:07,4.95,16220.0,United Kingdom
556622,84029G,KNITTED UNION FLAG HOT WATER BOTTLE,24,6/1/2011 10:07,3.39,16220.0,United Kingdom
556622,84029G,KNITTED UNION FLAG HOT WATER BOTTLE,4,6/1/2011 10:07,3.39,16220.0,United Kingdom
556622,21730,GLASS STAR FROSTED T-LIGHT HOLDER,24,6/1/2011 10:07,4.25,16220.0,United Kingdom
556622,21212,PACK OF 72 RETROSPOT CAKE CASES,8,6/1/2011 10:07,0.55,16220.0,United Kingdom
556622,21730,GLASS STAR FROSTED T-LIGHT HOLDER,48,6/1/2011 10:07,4.25,16220.0,United Kingdom
556622,22745,POPPY'S PLAYHOUSE BEDROOM,12,6/1/2011 10:07,2.1,16220.0,United Kingdom
556622,22752,SET 7 BABUSHKA NESTING BOXES,12,6/1/2011 10:07,7.65,16220.0,United Kingdom
556622,22752,SET 7 BABUSHKA NESTING BOXES,4,6/1/2011 10:07,7.65,16220.0,United Kingdom
556622,84029G,KNITTED UNION FLAG HOT WATER BOTTLE,4,6/1/2011 10:07,3.39,16220.0,United Kingdom
556622,22745,POPPY'S PLAYHOUSE BEDROOM,6,6/1/2011 10:07,2.1,16220.0,United Kingdom
556691,71053,WHITE METAL LANTERN,2,6/1/2011 19:45,3.39,12987.0,United Kingdom
556691,22633,HAND WARMER UNION JACK,12,6/1/2011 19:45,1.85,12987.0,United Kingdom
556691,85123A,WHITE HANGING HEART T-LIGHT HOLDER,12,6/1/2011 19:45,2.55,12987.0,United Kingdom
556691,22745,POPPY'S PLAYHOUSE BEDROOM,4,6/1/2011 19:45,2.1,12987.0,United Kingdom
556691,84406B,CREAM CUPID HEARTS COAT HANGER,1,6/1/2011 19:45,2.75,12987.0,United Kingdom
556691,84029E,RED WOOLLY HOTTIE WHITE HEART.,3,6/1/2011 19:45,3.39,12987.0,United Kingdom
556691,22748,POPPY'S PLAYHOUSE KITCHEN,3,6/1/2011 19:45,2.1,12987.0,United Kingdom
556691,47566,PARTY BUNTING,4,6/1/2011 19:45,4.95,12987.0,United Kingdom
556691,21755,LOVE BUILDING BLOCK WORD,24,6/1/2011 19:45,5.95,12987.0,United Kingdom
556691,22752,SET 7 BABUSHKA NESTING BOXES,3,6/1/2011 19:45,7.65,12987.0,United Kingdom
556691,22745,POPPY'S PLAYHOUSE BEDROOM,1,6/1/2011 19:45,2.1,12987.0,United Kingdom
556691,22960,JAM MAKING SET WITH JARS,4,6/1/2011 19:45,4.25,12987.0,United Kingdom
556691,22960,JAM MAKING SET WITH JARS,1,6/1/2011 19:45,4.25,12987.0,United Kingdom
556691,71053,WHITE METAL LANTERN,24,6/1/2011 19:45,3.39,12987.0,United Kingdom
556691,22632,HAND WARMER RED POLKA DOT,1,6/1/2011 19:45,1.85,12987.0,United Kingdom
556691,20725,LUNCH BAG RED RETROSPOT,2,6/1/2011 19:45,1.65,12987.0,United Kingdom
556691,22623,BOX OF VINTAGE JIGSAW BLOCKS,3,6/1/2011 19:45,4.95,12987.0,United Kingdom
556691,22623,BOX OF VINTAGE JIGSAW BLOCKS,48,6/1/2011 19:45,4.95,12987.0,United Kingdom
556691,20725,LUNCH BAG RED RETROSPOT,1,6/1/2011 19:45,1.65,12987.0,United Kingdom
556742,22423,REGENCY CAKESTAND 3 TIER,6,6/2/2011 8:21,12.75,12777.0,United Kingdom
556742,22913,RED COAT RACK PARIS FASHION,4,6/2/2011 8:21,4.95,12777.0,United Kingdom
556742,21212,PACK OF 72 RETROSPOT CAKE CASES,8,6/2/2011 8:21,0.55,12777.0,United Kingdom
556742,85123A,WHITE HANGING HEART T-LIGHT HOLDER,24,6/2/2011 8:21,2.55,12777.0,United Kingdom
556742,22960,JAM MAKING SET WITH JARS,8,6/2/2011 8:21,4.25,12777.0,United Kingdom
556742,71053,WHITE METAL LANTERN,8,6/2/2011 8:21,3.39,12777.0,United Kingdom
556742,22310,IVORY KNITTED MUG COSY,4,6/2/2011 8:21,1.65,12777.0,United Kingdom
556742,22913,RED COAT RACK PARIS FASHION,6,6/2/2011 8:21,4.95,12777.0,United Kingdom
556742,84406B,CREAM CUPID HEARTS COAT HANGER,3,6/2/2011 8:21,2.75,12777.0,United Kingdom
556742,22197,SMALL POPCORN HOLDER,24,6/2/2011 8:21,0.85,12777.0,United Kingdom
556811,22720,SET OF 3 CAKE TINS PANTRY DESIGN,1,6/2/2011 15:59,4.95,17079.0,United Kingdom
556811,21755,LOVE BUILDING BLOCK WORD,3,6/2/2011 15:59,5.95,17079.0,United Kingdom
556811,22423,REGENCY CAKESTAND 3 TIER,8,6/2/2011 15:59,12.75,17079.0,United Kingdom
556811,84879,ASSORTED COLOUR BIRD ORNAMENT,3,6/2/2011 15:59,1.69,17079.0,United Kingdom
556862,22310,IVORY KNITTED MUG COSY,8,6/3/2011 8:28,1.65,17984.0,United Kingdom
556862,47566,PARTY BUNTING,24,6/3/2011 8:28,4.95,17984.0,United Kingdom
556862,21754,HOME BUILDING BLOCK WORD,3,6/3/2011 8:28,5.95,17984.0,United Kingdom
556862,84879,ASSORTED COLOUR BIRD ORNAMENT,48,6/3/2011 8:28,1.69,17984.0,United Kingdom
556862,22197,SMALL POPCORN HOLDER,2,6/3/2011 8:28,0.85,17984.0,United Kingdom
556862,22613,PACK OF 20 SPACEBOY NAPKINS,6,6/3/2011 8:28,0.85,17984.0,United Kingdom
556862,22960,JAM MAKING SET WITH JARS,48,6/3/2011 8:28,4.25,17984.0,United Kingdom
556862,22623,BOX OF VINTAGE JIGSAW BLOCKS,2,6/3/2011 8:28,4.95,17984.0,United Kingdom
556862,85099B,JUMBO BAG RED RETROSPOT,1,6/3/2011 8:28,1.95,17984.0,United Kingdom
556862,84879,ASSORTED COLOUR BIRD ORNAMENT,3,6/3/2011 8:28,1.69,17984.0,United Kingdom
556862,22748,POPPY'S PLAYHOUSE KITCHEN,8,6/3/2011 8:28,2.1,17984.0,United Kingdom
556862,22613,PACK OF 20 SPACEBOY NAPKINS,12,6/3/2011 8:28,0.85,17984.0,United Kingdom
556862,84029E,RED WOOLLY HOTTIE WHITE HEART.,3,6/3/2011 8:28,3.39,17984.0,United Kingdom
556862,22613,PACK OF 20 SPACEBOY NAPKINS,4,6/3/2011 8:28,0.85,17984.0,United Kingdom
556862,21730,GLASS STAR FROSTED T-LIGHT HOLDER,4,6/3/2011 8:28,4.25,17984.0,United Kingdom
556862,22748,POPPY'S PLAYHOUSE KITCHEN,6,6/3/2011 8:28,2.1,17984.0,United Kingdom
556862,84029G,KNITTED UNION FLAG HOT WATER BOTTLE,4,6/3/2011 8:28,3.39,17984.0,United Kingdom
556862,22752,SET 7 BABUSHKA NESTING BOXES,4,6/3/2011 8:28,7.65,17984.0,United Kingdom
556862,22310,IVORY KNITTED MUG COSY,2,6/3/2011 8:28,1.65,17984.0,United Kingdom
556862,22745,POPPY'S PLAYHOUSE BEDROOM,2,6/3/2011 8:28,2.1,17984.0,United Kingdom
556862,84029G,KNITTED UNION FLAG HOT WATER BOTTLE,3,6/3/2011 8:28,3.39,17984.0,United Kingdom
556909,22310,IVORY KNITTED MUG COSY,2,6/3/2011 16:33,1.65,14371.0,United Kingdom
556909,84879,ASSORTED COLOUR BIRD ORNAMENT,2,6/3/2011 16:33,1.69,14371.0,United Kingdom
556909,21754,HOME BUILDING BLOCK WORD,1,6/3/2011 16:33,5.95,14371.0,United Kingdom
556909,21754,HOME BUILDING BLOCK WORD,12,6/3/2011 16:33,5.95,14371.0,United Kingdom
556955,22752,SET 7 BABUSHKA NESTING BOXES,3,6/3/2011 19:50,7.65,,United Kingdom
556955,85099B,JUMBO BAG RED RETROSPOT,3,6/3/2011 19:50,1.95,,United Kingdom
556955,21777,,6,6/3/2011 19:50,7.95,,United Kingdom
556955,22960,JAM MAKING SET WITH JARS,6,6/3/2011 19:50,4.25,,United Kingdom
556955,22197,SMALL POPCORN HOLDER,24,6/3/2011 19:50,0.85,,United Kingdom
556955,22960,JAM MAKING SET WITH JARS,48,6/3/2011 19:50,4.25,,United Kingdom
556955,21755,LOVE BUILDING BLOCK WORD,1,6/3/2011 19:50,5.95,,United Kingdom
556955,85099B,JUMBO BAG RED RETROSPOT,1,6/3/2011 19:50,1.95,,United Kingdom
556955,84029G,KNITTED UNION FLAG HOT WATER BOTTLE,12,6/3/2011 19:50,3.39,,United Kingdom
556955,84879,ASSORTED COLOUR BIRD ORNAMENT,6,6/3/2011 19:50,1.69,,United Kingdom
556955,22745,POPPY'S PLAYHOUSE BEDROOM,3,6/3/2011 19:50,2.1,,United Kingdom
556955,22632,HAND WARMER RED POLKA DOT,24,6/3/2011 19:50,1.85,,United Kingdom
556955,84406B,,12,6/3/2011 19:50,2.75,,United Kingdom
556955,22720,SET OF 3 CAKE TINS PANTRY DESIGN,1,6/3/2011 19:50,4.95,,United Kingdom
556955,47566,,2,6/3/2011 19:50,4.95,,United Kingdom
556955,20725,LUNCH BAG RED RETROSPOT,24,6/3/2011 19:50,1.65,,United Kingdom
556955,22720,SET OF 3 CAKE TINS PANTRY DESIGN,6,6/3/2011 19:50,4.95,,United Kingdom
556955,22748,POPPY'S PLAYHOUSE KITCHEN,8,6/3/2011 19:50,2.1,,United Kingdom
556955,22310,IVORY KNITTED MUG COSY,1,6/3/2011 19:50,1.65,,United Kingdom
556955,22613,PACK OF 20 SPACEBOY NAPKINS,2,6/3/2011 19:50,0.85,,United Kingdom
557024,85123A,WHITE HANGING HEART T-LIGHT HOLDER,1,6/4/2011 10:31,2.55,12532.0,United Kingdom
557068,85099B,JUMBO BAG RED RETROSPOT,12,6/5/2011 9:34,1.95,17813.0,United Kingdom
557068,22613,PACK OF 20 SPACEBOY NAPKINS,1,6/5/2011 9:34,0.85,17813.0,United Kingdom
557068,22310,IVORY KNITTED MUG COSY,24,6/5/2011 9:34,1.65,17813.0,United Kingdom
557068,22960,JAM MAKING SET WITH JARS,1,6/5/2011 9:34,4.25,17813.0,United Kingdom
557068,22720,SET OF 3 CAKE TINS PANTRY DESIGN,4,6/5/2011 9:34,4.95,17813.0,United Kingdom
557068,84879,ASSORTED COLOUR BIRD ORNAMENT,4,6/5/2011 9:34,1.69,17813.0,United Kingdom
557068,85123A,WHITE HANGING HEART T-LIGHT HOLDER,3,6/5/2011 9:34,2.55,17813.0,United Kingdom
557068,22623,BOX OF VINTAGE JIGSAW BLOCKS,4,6/5/2011 9:34,4.95,17813.0,United Kingdom
557068,21212,PACK OF 72 RETROSPOT CAKE CASES,12,6/5/2011 9:34,0.55,17813.0,United Kingdom
557124,85123A,WHITE HANGING HEART T-LIGHT HOLDER,8,6/5/2011 12:41,2.55,14307.0,United Kingdom
557124,21755,LOVE BUILDING BLOCK WORD,6,6/5/2011 12:41,5.95,14307.0,United Kingdom
557196,22423,REGENCY CAKESTAND 3 TIER,4,6/6/2011 11:45,12.75,13418.0,United Kingdom
557196,21777,RECIPE BOX WITH METAL HEART,2,6/6/2011 11:45,7.95,13418.0,United Kingdom
557196,22623,BOX OF VINTAGE JIGSAW BLOCKS,8,6/6/2011 11:45,4.95,13418.0,United Kingdom
557196,22745,POPPY'S PLAYHOUSE BEDROOM,3,6/6/2011 11:45,2.1,13418.0,United Kingdom
557196,20725,LUNCH BAG RED RETROSPOT,12,6/6/2011 11:45,1.65,13418.0,United Kingdom
557196,21730,GLASS STAR FROSTED T-LIGHT HOLDER,12,6/6/2011 11:45,4.25,13418.0,United Kingdom
557196,22752,SET 7 BABUSHKA NESTING BOXES,48,6/6/2011 11:45,7.65,13418.0,United Kingdom
557196,22748,POPPY'S PLAYHOUSE KITCHEN,24,6/6/2011 11:45,2.1,13418.0,United Kingdom
557196,84406B,CREAM CUPID HEARTS COAT HANGER,48,6/6/2011 11:45,2.75,13418.0,United Kingdom
557269,84406B,CREAM CUPID HEARTS COAT HANGER,8,6/7/2011 10:42,2.75,17929.0,United Kingdom
557269,48187,DOORMAT NEW ENGLAND,4,6/7/2011 10:42,7.95,17929.0,United Kingdom
557269,22960,JAM MAKING SET WITH JARS,2,6/7/2011 10:42,4.25,17929.0,United Kingdom
557269,22752,SET 7 BABUSHKA NESTING BOXES,1,6/7/2011 10:42,7.65,17929.0,United Kingdom
557269,22613,PACK OF 20 SPACEBOY NAPKINS,2,6/7/2011 10:42,0.85,17929.0,United Kingdom
557269,22613,PACK OF 20 SPACEBOY NAPKINS,3,6/7/2011 10:42,0.85,17929.0,United Kingdom
557269,47566,PARTY BUNTING,2,6/7/2011 10:42,4.95,17929.0,United Kingdom
557269,23084,RABBIT NIGHT LIGHT,4,6/7/2011 10:42,2.08,17929.0,United Kingdom
557269,22748,POPPY'S PLAYHOUSE KITCHEN,1,6/7/2011 10:42,2.1,17929.0,United Kingdom
557269,23084,RABBIT NIGHT LIGHT,1,6/7/2011 10:42,2.08,17929.0,United Kingdom
557269,48187,DOORMAT NEW ENGLAND,8,6/7/2011 10:42,7.95,17929.0,United Kingdom
557269,71053,WHITE METAL LANTERN,4,6/7/2011 10:42,3.39,17929.0,United Kingdom
557269,85123A,WHITE HANGING HEART T-LIGHT HOLDER,8,6/7/2011 10:42,2.55,17929.0,United Kingdom
557269,23084,RABBIT NIGHT LIGHT,24,6/7/2011 10:42,2.08,17929.0,United Kingdom
557327,22720,SET OF 3 CAKE TINS PANTRY DESIGN,8,6/7/2011 15:11,4.95,14947.0,United Kingdom
557327,84029E,RED WOOLLY HOTTIE WHITE HEART.,6,6/7/2011 15:11,3.39,14947.0,United Kingdom
557327,21754,HOME BUILDING BLOCK WORD,12,6/7/2011 15:11,5.95,14947.0,United Kingdom
557327,22960,JAM MAKING SET WITH JARS,4,6/7/2011 15:11,4.25,14947.0,United Kingdom
557327,22310,IVORY KNITTED MUG COSY,1,6/7/2011 15:11,1.65,14947.0,United Kingdom
557327,71053,WHITE METAL LANTERN,24,6/7/2011 15:11,3.39,14947.0,United Kingdom
557327,23084,RABBIT NIGHT LIGHT,1,6/7/2011 15:11,2.08,14947.0,United Kingdom
557327,22632,HAND WARMER RED POLKA DOT,3,6/7/2011 15:11,1.85,14947.0,United Kingdom
557327,85123A,WHITE HANGING HEART T-LIGHT HOLDER,6,6/7/2011 15:11,2.55,14947.0,United Kingdom
557327,71053,WHITE METAL LANTERN,12,6/7/2011 15:11,3.39,14947.0,United Kingdom
557327,84029G,KNITTED UNION FLAG HOT WATER BOTTLE,48,6/7/2011 15:11,3.39,14947.0,United Kingdom
557327,47566,PARTY BUNTING,8,6/7/2011 15:11,4.95,14947.0,United Kingdom
557327,22197,SMALL POPCORN HOLDER,1,6/7/2011 15:11,0.85,14947.0,United Kingdom
557327,84029E,RED WOOLLY HOTTIE WHITE HEART.,6,6/7/2011 15:11,3.39,14947.0,United Kingdom
557327,22310,IVORY KNITTED MUG COSY,2,6/7/2011 15:11,1.65,14947.0,United Kingdom
557327,21730,GLASS STAR FROSTED T-LIGHT HOLDER,1,6/7/2011 15:11,4.25,14947.0,United Kingdom
557327,48187,DOORMAT NEW ENGLAND,1,6/7/2011 15:11,7.95,14947.0,United Kingdom
557327,84879,ASSORTED COLOUR BIRD ORNAMENT,4,6/7/2011 15:11,1.69,14947.0,United Kingdom
557327,22623,BOX OF VINTAGE JIGSAW BLOCKS,4,6/7/2011 15:11,4.95,14947.0,United Kingdom
557327,22423,REGENCY CAKESTAND 3 TIER,1,6/7/2011 15:11,12.75,14947.0,United Kingdom
557327,85099B,JUMBO BAG RED RETROSPOT,1,6/7/2011 15:11,1.95,14947.0,United Kingdom
557327,22745,POPPY'S PLAYHOUSE BEDROOM,4,6/7/2011 15:11,2.1,14947.0,United Kingdom
557327,21777,RECIPE BOX WITH METAL HEART,48,6/7/2011 15:11,7.95,14947.0,United Kingdom
557327,22745,POPPY'S PLAYHOUSE BEDROOM,1,6/7/2011 15:11,2.1,14947.0,United Kingdom
557376,22913,RED COAT RACK PARIS FASHION,12,6/8/2011 8:33,4.95,13706.0,United Kingdom
557376,47566,PARTY BUNTING,3,6/8/2011 8:33,4.95,13706.0,United Kingdom
557376,84879,ASSORTED COLOUR BIRD ORNAMENT,3,6/8/2011 8:33,1.69,13706.0,United Kingdom
557376,22613,PACK OF 20 SPACEBOY NAPKINS,4,6/8/2011 8:33,0.85,13706.0,United Kingdom
557376,22633,HAND WARMER UNION JACK,3,6/8/2011 8:33,1.85,13706.0,United Kingdom
557376,84879,ASSORTED COLOUR BIRD ORNAMENT,12,6/8/2011 8:33,1.69,13706.0,United Kingdom
557376,20725,LUNCH BAG RED RETROSPOT,2,6/8/2011 8:33,1.65,13706.0,United Kingdom
557376,22613,PACK OF 20 SPACEBOY NAPKINS,3,6/8/2011 8:33,0.85,13706.0,United Kingdom
557376,22633,HAND WARMER UNION JACK,24,6/8/2011 8:33,1.85,13706.0,United Kingdom
557376,22633,HAND WARMER UNION JACK,8,6/8/2011 8:33,1.85,13706.0,United Kingdom
557376,21212,PACK OF 72 RETROSPOT CAKE CASES,24,6/8/2011 8:33,0.55,13706.0,United Kingdom
557376,85123A,WHITE HANGING HEART T-LIGHT HOLDER,8,6/8/2011 8:33,2.55,13706.0,United Kingdom
557376,22745,POPPY'S PLAYHOUSE BEDROOM,24,6/8/2011 8:33,2.1,13706.0,United Kingdom
557376,22632,HAND WARMER RED POLKA DOT,24,6/8/2011 8:33,1.85,13706.0,United Kingdom
557376,22623,BOX OF VINTAGE JIGSAW BLOCKS,48,6/8/2011 8:33,4.95,13706.0,United Kingdom
557376,21730,GLASS STAR FROSTED T-LIGHT HOLDER,24,6/8/2011 8:33,4.25,13706.0,United Kingdom
557376,22623,BOX OF VINTAGE JIGSAW BLOCKS,24,6/8/2011 8:33,4.95,13706.0,United Kingdom
557376,84879,ASSORTED COLOUR BIRD ORNAMENT,48,6/8/2011 8:33,1.69,13706.0,United Kingdom
557376,23084,RABBIT NIGHT LIGHT,24,6/8/2011 8:33,2.08,13706.0,United Kingdom
557376,21754,HOME BUILDING BLOCK WORD,8,6/8/2011 8:33,5.95,13706.0,United Kingdom
557451,48187,DOORMAT NEW ENGLAND,48,6/8/2011 13:13,7.95,17088.0,Germany
557451,84029G,KNITTED UNION FLAG HOT WATER BOTTLE,48,6/8/2011 13:13,3.39,17088.0,Germany
557451,22745,POPPY'S PLAYHOUSE BEDROOM,4,6/8/2011 13:13,2.1,17088.0,Germany
557451,22752,SET 7 BABUSHKA NESTING BOXES,48,6/8/2011 13:13,7.65,17088.0,Germany
557528,22745,POPPY'S PLAYHOUSE BEDROOM,1,6/8/2011 18:21,2.1,15689.0,United Kingdom
557528,48187,DOORMAT NEW ENGLAND,24,6/8/2011 18:21,7.95,15689.0,United Kingdom
557528,48187,DOORMAT NEW ENGLAND,24,6/8/2011 18:21,7.95,15689.0,United Kingdom
557528,22613,PACK OF 20 SPACEBOY NAPKINS,4,6/8/2011 18:21,0.85,15689.0,United Kingdom
557528,22613,PACK OF 20 SPACEBOY NAPKINS,4,6/8/2011 18:21,0.85,15689.0,United Kingdom
557528,20725,LUNCH BAG RED RETROSPOT,24,6/8/2011 18:21,1.65,15689.0,United Kingdom
557528,21212,PACK OF 72 RETROSPOT CAKE CASES,8,6/8/2011 18:21,0.55,15689.0,United Kingdom
557528,22632,HAND WARMER RED POLKA DOT,8,6/8/2011 18:21,1.85,15689.0,United Kingdom
557528,85099B,JUMBO BAG RED RETROSPOT,12,6/8/2011 18:21,1.95,15689.0,United Kingdom
557528,22632,HAND WARMER RED POLKA DOT,1,6/8/2011 18:21,1.85,15689.0,United Kingdom
557528,22960,JAM MAKING SET WITH JARS,8,6/8/2011 18:21,4.25,15689.0,United Kingdom
557528,22633,HAND WARMER UNION JACK,24,6/8/2011 18:21,1.85,15689.0,United Kingdom
557528,20725,LUNCH BAG RED RETROSPOT,8,6/8/2011 18:21,1.65,15689.0,United Kingdom
557528,22720,SET OF 3 CAKE TINS PANTRY DESIGN,3,6/8/2011 18:21,4.95,15689.0,United Kingdom
557528,85123A,WHITE HANGING HEART T-LIGHT HOLDER,1,6/8/2011 18:21,2.55,15689.0,United Kingdom
557528,85099B,JUMBO BAG RED RETROSPOT,2,6/8/2011 18:21,1.95,15689.0,United Kingdom
557528,22960,JAM MAKING SET WITH JARS,12,6/8/2011 18:21,4.25,15689.0,United Kingdom
557528,21754,HOME BUILDING BLOCK WORD,4,6/8/2011 18:21,5.95,15689.0,United Kingdom
C557601,22310,IVORY KNITTED MUG COSY,-6,6/9/2011 11:42,1.65,13726.0,United Kingdom
C557601,22632,HAND WARMER RED POLKA DOT,-12,6/9/2011 11:42,1.85,13726.0,United Kingdom
C557601,84029E,RED WOOLLY HOTTIE WHITE HEART.,-1,6/9/2011 11:42,3.39,13726.0,United Kingdom
C557601,22632,HAND WARMER RED POLKA DOT,-8,6/9/2011 11:42,1.85,13726.0,United Kingdom
C557601,22752,SET 7 BABUSHKA NESTING BOXES,-6,6/9/2011 11:42,7.65,13726.0,United Kingdom
C557601,22633,HAND WARMER UNION JACK,-2,6/9/2011 11:42,1.85,13726.0,United Kingdom
C557601,22613,PACK OF 20 SPACEBOY NAPKINS,-1,6/9/2011 11:42,0.85,13726.0,United Kingdom
C557601,22913,RED COAT RACK PARIS FASHION,-4,6/9/2011 11:42,4.95,13726.0,United Kingdom
557651,84029G,KNITTED UNION FLAG HOT WATER BOTTLE,12,6/9/2011 16:19,3.39,16161.0,United Kingdom
557651,85123A,WHITE HANGING HEART T-LIGHT HOLDER,8,6/9/2011 16:19,2.55,16161.0,United Kingdom
557651,84406B,CREAM CUPID HEARTS COAT HANGER,24,6/9/2011 16:19,2.75,16161.0,United Kingdom
557651,22720,SET OF 3 CAKE TINS PANTRY DESIGN,48,6/9/2011 16:19,4.95,16161.0,United Kingdom
557651,22310,IVORY KNITTED MUG COSY,3,6/9/2011 16:19,1.65,16161.0,United Kingdom
557651,22960,JAM MAKING SET WITH JARS,48,6/9/2011 16:19,4.25,16161.0,United Kingdom
557651,20725,LUNCH BAG RED RETROSPOT,12,6/9/2011 16:19,1.65,16161.0,United Kingdom
557651,22720,SET OF 3 CAKE TINS PANTRY DESIGN,1,6/9/2011 16:19,4.95,16161.0,United Kingdom
557651,21754,HOME BUILDING BLOCK WORD,4,6/9/2011 16:19,5.95,16161.0,United Kingdom
557651,48187,DOORMAT NEW ENGLAND,3,6/9/2011 16:19,7.95,16161.0,United Kingdom
557651,23084,RABBIT NIGHT LIGHT,24,6/9/2011 16:19,2.08,16161.0,United Kingdom
557651,84879,ASSORTED COLOUR BIRD ORNAMENT,1,6/9/2011 16:19,1.69,16161.0,United Kingdom
557651,22623,BOX OF VINTAGE JIGSAW BLOCKS,4,6/9/2011 16:19,4.95,16161.0,United Kingdom
557651,22310,IVORY KNITTED MUG COSY,12,6/9/2011 16:19,1.65,16161.0,United Kingdom
557651,84029E,RED WOOLLY HOTTIE WHITE HEART.,4,6/9/2011 16:19,3.39,16161.0,United Kingdom
557651,22632,HAND WARMER RED POLKA DOT,3,6/9/2011 16:19,1.85,16161.0,United Kingdom
557651,21754,HOME BUILDING BLOCK WORD,48,6/9/2011 16:19,5.95,16161.0,United Kingdom
557651,84879,ASSORTED COLOUR BIRD ORNAMENT,6,6/9/2011 16:19,1.69,16161.0,United Kingdom
557651,85099B,JUMBO BAG RED RETROSPOT,8,6/9/2011 16:19,1.95,16161.0,United Kingdom
557651,84029G,KNITTED UNION FLAG HOT WATER BOTTLE,12,6/9/2011 16:19,3.39,16161.0,United Kingdom
557651,21754,HOME BUILDING BLOCK WORD,8,6/9/2011 16:19,5.95,16161.0,United Kingdom
557651,84879,ASSORTED COLOUR BIRD ORNAMENT,48,6/9/2011 16:19,1.69,16161.0,United Kingdom
557651,84029G,KNITTED UNION FLAG HOT WATER BOTTLE,3,6/9/2011 16:19,3.39,16161.0,United Kingdom
557651,22748,POPPY'S PLAYHOUSE KITCHEN,48,6/9/2011 16:19,2.1,16161.0,United Kingdom
557718,21754,HOME BUILDING BLOCK WORD,8,6/10/2011 11:52,5.95,17866.0,United Kingdom
557718,22613,PACK OF 20 SPACEBOY NAPKINS,12,6/10/2011 11:52,0.85,17866.0,United Kingdom
557718,22752,SET 7 BABUSHKA NESTING BOXES,3,6/10/2011 11:52,7.65,17866.0,United Kingdom
557718,84879,ASSORTED COLOUR BIRD ORNAMENT,1,6/10/2011 11:52,1.69,17866.0,United Kingdom
557718,84406B,CREAM CUPID HEARTS COAT HANGER,3,6/10/2011 11:52,2.75,17866.0,United Kingdom
557718,84969,BOX OF 6 ASSORTED COLOUR TEASPOONS,3,6/10/2011 11:52,4.25,17866.0,United Kingdom
557718,84029E,RED WOOLLY HOTTIE WHITE HEART.,2,6/10/2011 11:52,3.39,17866.0,United Kingdom
557718,71053,WHITE METAL LANTERN,24,6/10/2011 11:52,3.39,17866.0,United Kingdom
557718,22913,RED COAT RACK PARIS FASHION,8,6/10/2011 11:52,4.95,17866.0,United Kingdom
557718,84969,BOX OF 6 ASSORTED COLOUR TEASPOONS,3,6/10/2011 11:52,4.25,17866.0,United Kingdom
557718,21730,GLASS STAR FROSTED T-LIGHT HOLDER,8,6/10/2011 11:52,4.25,17866.0,United Kingdom
557718,23084,RABBIT NIGHT LIGHT,3,6/10/2011 11:52,2.08,17866.0,United Kingdom
557718,48187,DOORMAT NEW ENGLAND,4,6/10/2011 11:52,7.95,17866.0,United Kingdom
557718,84969,BOX OF 6 ASSORTED COLOUR TEASPOONS,8,6/10/2011 11:52,4.25,17866.0,United Kingdom
557718,22960,JAM MAKING SET WITH JARS,3,6/10/2011 11:52,4.25,17866.0,United Kingdom
557718,22960,JAM MAKING SET WITH JARS,12,6/10/2011 11:52,4.25,17866.0,United Kingdom
557718,22310,IVORY KNITTED MUG COSY,48,6/10/2011 11:52,1.65,17866.0,United Kingdom
557718,22913,RED COAT RACK PARIS FASHION,6,6/10/2011 11:52,4.95,17866.0,United Kingdom
557718,22748,POPPY'S PLAYHOUSE KITCHEN,4,6/10/2011 11:52,2.1,17866.0,United Kingdom
557718,48187,DOORMAT NEW ENGLAND,24,6/10/2011 11:52,7.95,17866.0,United Kingdom
557790,22633,HAND WARMER UNION JACK,8,6/10/2011 15:28,1.85,16595.0,United Kingdom
557790,21212,PACK OF 72 RETROSPOT CAKE CASES,48,6/10/2011 15:28,0.55,16595.0,United Kingdom
557790,22960,JAM MAKING SET WITH JARS,1,6/10/2011 15:28,4.25,16595.0,United Kingdom
557790,23084,RABBIT NIGHT LIGHT,48,6/10/2011 15:28,2.08,16595.0,United Kingdom
557790,20725,LUNCH BAG RED RETROSPOT,12,6/10/2011 15:28,1.65,16595.0,United Kingdom
557790,22745,POPPY'S PLAYHOUSE BEDROOM,1,6/10/2011 15:28,2.1,16595.0,United Kingdom
557790,23084,RABBIT NIGHT LIGHT,2,6/10/2011 15:28,2.08,16595.0,United Kingdom
557790,22720,SET OF 3 CAKE TINS PANTRY DESIGN,6,6/10/2011 15:28,4.95,16595.0,United Kingdom
557790,22633,HAND WARMER UNION JACK,3,6/10/2011 15:28,1.85,16595.0,United Kingdom
557790,22960,JAM MAKING SET WITH JARS,1,6/10/2011 15:28,4.25,16595.0,United Kingdom
557848,84029G,KNITTED UNION FLAG HOT WATER BOTTLE,2,6/10/2011 18:47,3.39,15304.0,United Kingdom
557848,23084,RABBIT NIGHT LIGHT,4,6/10/2011 18:47,2.08,15304.0,United Kingdom
557848,22632,HAND WARMER RED POLKA DOT,24,6/10/2011 18:47,1.85,15304.0,United Kingdom
557848,21212,PACK OF 72 RETROSPOT CAKE CASES,4,6/10/2011 18:47,0.55,15304.0,United Kingdom
557848,21754,HOME BUILDING BLOCK WORD,4,6/10/2011 18:47,5.95,15304.0,United Kingdom
557848,48187,DOORMAT NEW ENGLAND,2,6/10/2011 18:47,7.95,15304.0,United Kingdom
557848,21730,GLASS STAR FROSTED T-LIGHT HOLDER,6,6/10/2011 18:47,4.25,15304.0,United Kingdom
557848,21754,HOME BUILDING BLOCK WORD,1,6/10/2011 18:47,5.95,15304.0,United Kingdom
557848,48187,DOORMAT NEW ENGLAND,8,6/10/2011 18:47,7.95,15304.0,United Kingdom
557848,21730,GLASS STAR FROSTED T-LIGHT HOLDER,4,6/10/2011 18:47,4.25,15304.0,United Kingdom
557848,21777,RECIPE BOX WITH METAL HEART,48,6/10/2011 18:47,7.95,15304.0,United Kingdom
557848,84406B,CREAM CUPID HEARTS COAT HANGER,6,6/10/2011 18:47,2.75,15304.0,United Kingdom
557848,84029E,RED WOOLLY HOTTIE WHITE HEART.,24,6/10/2011 18:47,3.39,15304.0,United Kingdom
557848,85123A,WHITE HANGING HEART T-LIGHT HOLDER,48,6/10/2011 18:47,2.55,15304.0,United Kingdom
557848,22745,POPPY'S PLAYHOUSE BEDROOM,24,6/10/2011 18:47,2.1,15304.0,United Kingdom
557848,22913,RED COAT RACK PARIS FASHION,48,6/10/2011 18:47,4.95,15304.0,United Kingdom
557848,48187,DOORMAT NEW ENGLAND,12,6/10/2011 18:47,7.95,15304.0,United Kingdom
557848,84029G,KNITTED UNION FLAG HOT WATER BOTTLE,48,6/10/2011 18:47,3.39,15304.0,United Kingdom
557848,85099B,JUMBO BAG RED RETROSPOT,1,6/10/2011 18:47,1.95,15304.0,United Kingdom
557848,21777,RECIPE BOX WITH METAL HEART,12,6/10/2011 18:47,7.95,15304.0,United Kingdom
557848,20725,LUNCH BAG RED RETROSPOT,6,6/10/2011 18:47,1.65,15304.0,United Kingdom
557923,22752,SET 7 BABUSHKA NESTING BOXES,12,6/11/2011 9:37,7.65,17575.0,United Kingdom
557995,21730,GLASS STAR FROSTED T-LIGHT HOLDER,1,6/11/2011 14:09,4.25,15426.0,United Kingdom
557995,21777,RECIPE BOX WITH METAL HEART,8,6/11/2011 14:09,7.95,15426.0,United Kingdom
557995,84406B,CREAM CUPID HEARTS COAT HANGER,12,6/11/2011 14:09,2.75,15426.0,United Kingdom
557995,22752,SET 7 BABUSHKA NESTING BOXES,4,6/11/2011 14:09,7.65,15426.0,United Kingdom
557995,22310,IVORY KNITTED MUG COSY,4,6/11/2011 14:09,1.65,15426.0,United Kingdom
557995,22613,PACK OF 20 SPACEBOY NAPKINS,6,6/11/2011 14:09,0.85,15426.0,United Kingdom
557995,21777,RECIPE BOX WITH METAL HEART,4,6/11/2011 14:09,7.95,15426.0,United Kingdom
557995,20725,LUNCH BAG RED RETROSPOT,12,6/11/2011 14:09,1.65,15426.0,United Kingdom
557995,22745,POPPY'S PLAYHOUSE BEDROOM,2,6/11/2011 14:09,2.1,15426.0,United Kingdom
557995,85123A,WHITE HANGING HEART T-LIGHT HOLDER,4,6/11/2011 14:09,2.55,15426.0,United Kingdom
557995,22310,IVORY KNITTED MUG COSY,24,6/11/2011 14:09,1.65,15426.0,United Kingdom
557995,84969,BOX OF 6 ASSORTED COLOUR TEASPOONS,8,6/11/2011 14:09,4.25,15426.0,United Kingdom
557995,22632,HAND WARMER RED POLKA DOT,48,6/11/2011 14:09,1.85,15426.0,United Kingdom
557995,22960,JAM MAKING SET WITH JARS,48,6/11/2011 14:09,4.25,15426.0,United Kingdom
557995,21730,GLASS STAR FROSTED T-LIGHT HOLDER,6,6/11/2011 14:09,4.25,15426.0,United Kingdom
557995,22745,POPPY'S PLAYHOUSE BEDROOM,12,6/11/2011 14:09,2.1,15426.0,United Kingdom
557995,22613,PACK OF 20 SPACEBOY NAPKINS,4,6/11/2011 14:09,0.85,15426.0,United Kingdom
558069,22720,SET OF 3 CAKE TINS PANTRY DESIGN,6,6/12/2011 11:30,4.95,13255.0,United Kingdom
558069,84406B,CREAM CUPID HEARTS COAT HANGER,8,6/12/2011 11:30,2.75,13255.0,United Kingdom
C558113,22310,IVORY KNITTED MUG COSY,-1,6/13/2011 9:29,1.65,,United Kingdom
C558113,84029E,RED WOOLLY HOTTIE WHITE HEART.,-4,6/13/2011 9:29,3.39,,United Kingdom
C558113,47566,PARTY BUNTING,-48,6/13/2011 9:29,4.95,,United Kingdom
C558113,21755,LOVE BUILDING BLOCK WORD,-24,6/13/2011 9:29,5.95,,United Kingdom
C558113,84029E,RED WOOLLY HOTTIE WHITE HEART.,-48,6/13/2011 9:29,3.39,,United Kingdom
C558113,21754,HOME BUILDING BLOCK WORD,-6,6/13/2011 9:29,5.95,,United Kingdom
C558113,22423,,-3,6/13/2011 9:29,12.75,,United Kingdom
C558113,22310,IVORY KNITTED MUG COSY,-48,6/13/2011 9:29,1.65,,United Kingdom
C558113,71053,WHITE METAL LANTERN,-48,6/13/2011 9:29,3.39,,United Kingdom
C558113,22748,POPPY'S PLAYHOUSE KITCHEN,-24,6/13/2011 9:29,2.1,,United Kingdom
558180,21777,RECIPE BOX WITH METAL HEART,6,6/14/2011 10:40,7.95,,United Kingdom
558180,85099B,JUMBO BAG RED RETROSPOT,3,6/14/2011 10:40,1.95,,United Kingdom
558180,22913,RED COAT RACK PARIS FASHION,12,6/14/2011 10:40,4.95,,United Kingdom
558180,21212,PACK OF 72 RETROSPOT CAKE CASES,2,6/14/2011 10:40,0.55,,United Kingdom
558180,22752,SET 7 BABUSHKA NESTING BOXES,24,6/14/2011 10:40,7.65,,United Kingdom
558180,22748,POPPY'S PLAYHOUSE KITCHEN,24,6/14/2011 10:40,2.1,,United Kingdom
558180,21730,GLASS STAR FROSTED T-LIGHT HOLDER,1,6/14/2011 10:40,4.25,,United Kingdom
558180,20725,LUNCH BAG RED RETROSPOT,2,6/14/2011 10:40,1.65,,United Kingdom
558180,23084,RABBIT NIGHT LIGHT,4,6/14/2011 10:40,2.08,,United Kingdom
558180,84969,BOX OF 6 ASSORTED COLOUR TEASPOONS,6,6/14/2011 10:40,4.25,,United Kingdom
558180,47566,PARTY BUNTING,48,6/14/2011 10:40,4.95,,United Kingdom
558180,84879,ASSORTED COLOUR BIRD ORNAMENT,6,6/14/2011 10:40,1.69,,United Kingdom
558180,84879,,1,6/14/2011 10:40,1.69,,United Kingdom
558180,22632,HAND WARMER RED POLKA DOT,3,6/14/2011 10:40,1.85,,United Kingdom
558246,47566,PARTY BUNTING,4,6/14/2011 13:51,4.95,12773.0,United Kingdom
558246,22960,JAM MAKING SET WITH JARS,4,6/14/2011 13:51,4.25,12773.0,United Kingdom
558246,22745,POPPY'S PLAYHOUSE BEDROOM,6,6/14/2011 13:51,2.1,12773.0,United Kingdom
558246,71053,WHITE METAL LANTERN,48,6/14/2011 13:51,3.39,12773.0,United Kingdom
558246,21730,GLASS STAR FROSTED T-LIGHT HOLDER,1,6/14/2011 13:51,4.25,12773.0,United Kingdom
558246,48187,DOORMAT NEW ENGLAND,8,6/14/2011 13:51,7.95,12773.0,United Kingdom
558246,22720,SET OF 3 CAKE TINS PANTRY DESIGN,6,6/14/2011 13:51,4.95,12773.0,United Kingdom
558246,21754,HOME BUILDING BLOCK WORD,4,6/14/2011 13:51,5.95,12773.0,United Kingdom
558246,71053,WHITE METAL LANTERN,3,6/14/2011 13:51,3.39,12773.0,United Kingdom
558246,22423,REGENCY CAKESTAND 3 TIER,12,6/14/2011 13:51,12.75,12773.0,United Kingdom
558246,21755,LOVE BUILDING BLOCK WORD,3,6/14/2011 13:51,5.95,12773.0,United Kingdom
558246,21212,PACK OF 72 RETROSPOT CAKE CASES,8,6/14/2011 13:51,0.55,12773.0,United Kingdom
558246,84969,BOX OF 6 ASSORTED COLOUR TEASPOONS,3,6/14/2011 13:51,4.25,12773.0,United Kingdom
558246,21754,HOME BUILDING BLOCK WORD,48,6/14/2011 13:51,5.95,12773.0,United Kingdom
558246,22613,PACK OF 20 SPACEBOY NAPKINS,8,6/14/2011 13:51,0.85,12773.0,United Kingdom
558246,71053,WHITE METAL LANTERN,48,6/14/2011 13:51,3.39,12773.0,United Kingdom
558246,21777,RECIPE BOX WITH METAL HEART,4,6/14/2011 13:51,7.95,12773.0,United Kingdom
558246,22613,PACK OF 20 SPACEBOY NAPKINS,3,6/14/2011 13:51,0.85,12773.0,United Kingdom
558246,22613,PACK OF 20 SPACEBOY NAPKINS,24,6/14/2011 13:51,0.85,12773.0,United Kingdom
558246,84406B,CREAM CUPID HEARTS COAT HANGER,1,6/14/2011 13:51,2.75,12773.0,United Kingdom
558246,22960,JAM MAKING SET WITH JARS,1,6/14/2011 13:51,4.25,12773.0,United Kingdom
558246,22960,JAM MAKING SET WITH JARS,24,6/14/2011 13:51,4.25,12773.0,United Kingdom
558246,84969,BOX OF 6 ASSORTED COLOUR TEASPOONS,3,6/14/2011 13:51,4.25,12773.0,United Kingdom
558246,71053,WHITE METAL LANTERN,48,6/14/2011 13:51,3.39,12773.0,United Kingdom
558303,21777,RECIPE BOX WITH METAL HEART,12,6/15/2011 10:47,7.95,17647.0,United Kingdom
558303,84029G,KNITTED UNION FLAG HOT WATER BOTTLE,1,6/15/2011 10:47,3.39,17647.0,United Kingdom
558303,48187,DOORMAT NEW ENGLAND,48,6/15/2011 10:47,7.95,17647.0,United Kingdom
558303,84969,BOX OF 6 ASSORTED COLOUR TEASPOONS,12,6/15/2011 10:47,4.25,17647.0,United Kingdom
558303,22310,IVORY KNITTED MUG COSY,6,6/15/2011 10:47,1.65,17647.0,United Kingdom
558303,48187,DOORMAT NEW ENGLAND,8,6/15/2011 10:47,7.95,17647.0,United Kingdom
558303,21754,HOME BUILDING BLOCK WORD,1,6/15/2011 10:47,5.95,17647.0,United Kingdom
558303,22745,POPPY'S PLAYHOUSE BEDROOM,1,6/15/2011 10:47,2.1,17647.0,United Kingdom
558303,84879,ASSORTED COLOUR BIRD ORNAMENT,6,6/15/2011 10:47,1.69,17647.0,United Kingdom
558303,84969,BOX OF 6 ASSORTED COLOUR TEASPOONS,48,6/15/2011 10:47,4.25,17647.0,United Kingdom
558303,22913,RED COAT RACK PARIS FASHION,3,6/15/2011 10:47,4.95,17647.0,United Kingdom
558348,84879,ASSORTED COLOUR BIRD ORNAMENT,6,6/16/2011 8:14,1.69,15376.0,United Kingdom
558348,22623,BOX OF VINTAGE JIGSAW BLOCKS,48,6/16/2011 8:14,4.95,15376.0,United Kingdom
558348,21212,PACK OF 72 RETROSPOT CAKE CASES,8,6/16/2011 8:14,0.55,15376.0,United Kingdom
558348,21212,PACK OF 72 RETROSPOT CAKE CASES,2,6/16/2011 8:14,0.55,15376.0,United Kingdom
558348,21755,LOVE BUILDING BLOCK WORD,1,6/16/2011 8:14,5.95,15376.0,United Kingdom
558348,21755,LOVE BUILDING BLOCK WORD,48,6/16/2011 8:14,5.95,15376.0,United Kingdom
558348,84406B,CREAM CUPID HEARTS COAT HANGER,8,6/16/2011 8:14,2.75,15376.0,United Kingdom
558348,22423,REGENCY CAKESTAND 3 TIER,24,6/16/2011 8:14,12.75,15376.0,United Kingdom
558348,84879,ASSORTED COLOUR BIRD ORNAMENT,48,6/16/2011 8:14,1.69,15376.0,United Kingdom
558348,22745,POPPY'S PLAYHOUSE BEDROOM,12,6/16/2011 8:14,2.1,15376.0,United Kingdom
558348,22310,IVORY KNITTED MUG COSY,6,6/16/2011 8:14,1.65,15376.0,United Kingdom
558423,84969,BOX OF 6 ASSORTED COLOUR TEASPOONS,24,6/16/2011 17:26,4.25,17587.0,United Kingdom
558423,84879,ASSORTED COLOUR BIRD ORNAMENT,3,6/16/2011 17:26,1.69,17587.0,United Kingdom
558423,21730,GLASS STAR FROSTED T-LIGHT HOLDER,6,6/16/2011 17:26,4.25,17587.0,United Kingdom
558423,22197,SMALL POPCORN HOLDER,4,6/16/2011 17:26,0.85,17587.0,United Kingdom
558423,22623,BOX OF VINTAGE JIGSAW BLOCKS,8,6/16/2011 17:26,4.95,17587.0,United Kingdom
558423,47566,PARTY BUNTING,2,6/16/2011 17:26,4.95,17587.0,United Kingdom
558423,85099B,JUMBO BAG RED RETROSPOT,4,6/16/2011 17:26,1.95,17587.0,United Kingdom
558423,21755,LOVE BUILDING BLOCK WORD,6,6/16/2011 17:26,5.95,17587.0,United Kingdom
558423,47566,PARTY BUNTING,12,6/16/2011 17:26,4.95,17587.0,United Kingdom
558423,22913,RED COAT RACK PARIS FASHION,4,6/16/2011 17:26,4.95,17587.0,United Kingdom
558423,22748,POPPY'S PLAYHOUSE KITCHEN,8,6/16/2011 17:26,2.1,17587.0,United Kingdom
558423,21755,LOVE BUILDING BLOCK WORD,12,6/16/2011 17:26,5.95,17587.0,United Kingdom
558423,84406B,CREAM CUPID HEARTS COAT HANGER,4,6/16/2011 17:26,2.75,17587.0,United Kingdom
558476,20725,LUNCH BAG RED RETROSPOT,2,6/17/2011 9:14,1.65,12828.0,France
558476,22423,REGENCY CAKESTAND 3 TIER,12,6/17/2011 9:14,12.75,12828.0,France
558476,22913,RED COAT RACK PARIS FASHION,2,6/17/2011 9:14,4.95,12828.0,France
558476,21777,RECIPE BOX WITH METAL HEART,1,6/17/2011 9:14,7.95,12828.0,France
558476,22745,POPPY'S PLAYHOUSE BEDROOM,6,6/17/2011 9:14,2.1,12828.0,France
558476,22197,SMALL POPCORN HOLDER,12,6/17/2011 9:14,0.85,12828.0,France
558476,20725,LUNCH BAG RED RETROSPOT,3,6/17/2011 9:14,1.65,12828.0,France
558476,22633,HAND WARMER UNION JACK,8,6/17/2011 9:14,1.85,12828.0,France
558476,22197,SMALL POPCORN HOLDER,48,6/17/2011 9:14,0.85,12828.0,France
558476,21754,HOME BUILDING BLOCK WORD,12,6/17/2011 9:14,5.95,12828.0,France
558476,22423,REGENCY CAKESTAND 3 TIER,4,6/17/2011 9:14,12.75,12828.0,France
558476,22613,PACK OF 20 SPACEBOY NAPKINS,1,6/17/2011 9:14,0.85,12828.0,France
558476,22632,HAND WARMER RED POLKA DOT,48,6/17/2011 9:14,1.85,12828.0,France
558476,22633,HAND WARMER UNION JACK,4,6/17/2011 9:14,1.85,12828.0,France
558476,21754,HOME BUILDING BLOCK WORD,8,6/17/2011 9:14,5.95,12828.0,France
558476,23084,RABBIT NIGHT LIGHT,6,6/17/2011 9:14,2.08,12828.0,France
558476,22960,JAM MAKING SET WITH JARS,12,6/17/2011 9:14,4.25,12828.0,France
558476,22960,JAM MAKING SET WITH JARS,1,6/17/2011 9:14,4.25,12828.0,France
558476,21754,HOME BUILDING BLOCK WORD,24,6/17/2011 9:14,5.95,12828.0,France
558476,23084,RABBIT NIGHT LIGHT,1,6/17/2011 9:14,2.08,12828.0,France
558476,21212,PACK OF 72 RETROSPOT CAKE CASES,2,6/17/2011 9:14,0.55,12828.0,France
558476,22632,HAND WARMER RED POLKA DOT,24,6/17/2011 9:14,1.85,12828.0,France
558519,21212,PACK OF 72 RETROSPOT CAKE CASES,1,6/17/2011 13:33,0.55,14884.0,United Kingdom
558519,21755,LOVE BUILDING BLOCK WORD,4,6/17/2011 13:33,5.95,14884.0,United Kingdom
558519,84969,BOX OF 6 ASSORTED COLOUR TEASPOONS,6,6/17/2011 13:33,4.25,14884.0,United Kingdom
558519,84879,ASSORTED COLOUR BIRD ORNAMENT,6,6/17/2011 13:33,1.69,14884.0,United Kingdom
558519,22623,BOX OF VINTAGE JIGSAW BLOCKS,4,6/17/2011 13:33,4.95,14884.0,United Kingdom
558519,22623,BOX OF VINTAGE JIGSAW BLOCKS,8,6/17/2011 13:33,4.95,14884.0,United Kingdom
558519,84969,BOX OF 6 ASSORTED COLOUR TEASPOONS,8,6/17/2011 13:33,4.25,14884.0,United Kingdom
558519,22913,RED COAT RACK PARIS FASHION,12,6/17/2011 13:33,4.95,14884.0,United Kingdom
558573,22613,PACK OF 20 SPACEBOY NAPKINS,8,6/18/2011 9:56,0.85,15568.0,United Kingdom
558573,84969,BOX OF 6 ASSORTED COLOUR TEASPOONS,3,6/18/2011 9:56,4.25,15568.0,United Kingdom
558573,22613,PACK OF 20 SPACEBOY NAPKINS,24,6/18/2011 9:56,0.85,15568.0,United Kingdom
558573,22632,HAND WARMER RED POLKA DOT,24,6/18/2011 9:56,1.85,15568.0,United Kingdom
558573,22613,PACK OF 20 SPACEBOY NAPKINS,1,6/18/2011 9:56,0.85,15568.0,United Kingdom
558573,21777,RECIPE BOX WITH METAL HEART,48,6/18/2011 9:56,7.95,15568.0,United Kingdom
558573,22748,POPPY'S PLAYHOUSE KITCHEN,4,6/18/2011 9:56,2.1,15568.0,United Kingdom
558573,22613,PACK OF 20 SPACEBOY NAPKINS,2,6/18/2011 9:56,0.85,15568.0,United Kingdom
558573,85099B,JUMBO BAG RED RETROSPOT,48,6/18/2011 9:56,1.95,15568.0,United Kingdom
558573,84029G,KNITTED UNION FLAG HOT WATER BOTTLE,8,6/18/2011 9:56,3.39,15568.0,United Kingdom
558573,48187,DOORMAT NEW ENGLAND,24,6/18/2011 9:56,7.95,15568.0,United Kingdom
558573,22752,SET 7 BABUSHKA NESTING BOXES,8,6/18/2011 9:56,7.65,15568.0,United Kingdom
558573,48187,DOORMAT NEW ENGLAND,24,6/18/2011 9:56,7.95,15568.0,United Kingdom
558573,22310,IVORY KNITTED MUG COSY,48,6/18/2011 9:56,1.65,15568.0,United Kingdom
558573,48187,DOORMAT NEW ENGLAND,1,6/18/2011 9:56,7.95,15568.0,United Kingdom
558573,21212,PACK OF 72 RETROSPOT CAKE CASES,1,6/18/2011 9:56,0.55,15568.0,United Kingdom
558573,22613,PACK OF 20 SPACEBOY NAPKINS,12,6/18/2011 9:56,0.85,15568.0,United Kingdom
558573,84029G,KNITTED UNION FLAG HOT WATER BOTTLE,4,6/18/2011 9:56,3.39,15568.0,United Kingdom
558573,85123A,WHITE HANGING HEART T-LIGHT HOLDER,6,6/18/2011 9:56,2.55,15568.0,United Kingdom
558573,22960,JAM MAKING SET WITH JARS,4,6/18/2011 9:56,4.25,15568.0,United Kingdom
558573,20725,LUNCH BAG RED RETROSPOT,8,6/18/2011 9:56,1.65,15568.0,United Kingdom
558573,71053,WHITE METAL LANTERN,2,6/18/2011 9:56,3.39,15568.0,United Kingdom
558573,20725,LUNCH BAG RED RETROSPOT,1,6/18/2011 9:56,1.65,15568.0,United Kingdom
558637,84879,ASSORTED COLOUR BIRD ORNAMENT,4,6/18/2011 19:58,1.69,,United Kingdom
558637,21755,LOVE BUILDING BLOCK WORD,6,6/18/2011 19:58,5.95,,United Kingdom
558637,85123A,WHITE HANGING HEART T-LIGHT HOLDER,48,6/18/2011 19:58,2.55,,United Kingdom
558637,21777,RECIPE BOX WITH METAL HEART,2,6/18/2011 19:58,7.95,,United Kingdom
558637,22197,SMALL POPCORN HOLDER,8,6/18/2011 19:58,0.85,,United Kingdom
558637,22633,HAND WARMER UNION JACK,4,6/18/2011 19:58,1.85,,United Kingdom
558637,47566,PARTY BUNTING,24,6/18/2011 19:58,4.95,,United Kingdom
558637,48187,DOORMAT NEW ENGLAND,12,6/18/2011 19:58,7.95,,United Kingdom
558637,84029G,,48,6/18/2011 19:58,3.39,,United Kingdom
558637,22632,HAND WARMER RED POLKA DOT,6,6/18/2011 19:58,1.85,,United Kingdom
558637,85123A,WHITE HANGING HEART T-LIGHT HOLDER,24,6/18/2011 19:58,2.55,,United Kingdom
558637,22633,HAND WARMER UNION JACK,1,6/18/2011 19:58,1.85,,United Kingdom
558637,22633,HAND WARMER UNION JACK,6,6/18/2011 19:58,1.85,,United Kingdom
558637,22423,REGENCY CAKESTAND 3 TIER,8,6/18/2011 19:58,12.75,,United Kingdom
558637,22310,IVORY KNITTED MUG COSY,24,6/18/2011 19:58,1.65,,United Kingdom
558697,21730,GLASS STAR FROSTED T-LIGHT HOLDER,2,6/19/2011 9:26,4.25,12444.0,United Kingdom
558697,21777,RECIPE BOX WITH METAL HEART,6,6/19/2011 9:26,7.95,12444.0,United Kingdom
558697,21730,GLASS STAR FROSTED T-LIGHT HOLDER,8,6/19/2011 9:26,4.25,12444.0,United Kingdom
558697,22310,IVORY KNITTED MUG COSY,2,6/19/2011 9:26,1.65,12444.0,United Kingdom
558697,85099B,JUMBO BAG RED RETROSPOT,6,6/19/2011 9:26,1.95,12444.0,United Kingdom
558697,22197,SMALL POPCORN HOLDER,1,6/19/2011 9:26,0.85,12444.0,United Kingdom
558697,47566,PARTY BUNTING,1,6/19/2011 9:26,4.95,12444.0,United Kingdom
558697,20725,LUNCH BAG RED RETROSPOT,6,6/19/2011 9:26,1.65,12444.0,United Kingdom
558697,21730,GLASS STAR FROSTED T-LIGHT HOLDER,4,6/19/2011 9:26,4.25,12444.0,United Kingdom
558776,84029E,RED WOOLLY HOTTIE WHITE HEART.,1,6/19/2011 13:31,3.39,17974.0,United Kingdom
558776,84879,ASSORTED COLOUR BIRD ORNAMENT,12,6/19/2011 13:31,1.69,17974.0,United Kingdom
558776,22632,HAND WARMER RED POLKA DOT,6,6/19/2011 13:31,1.85,17974.0,United Kingdom
558776,21730,GLASS STAR FROSTED T-LIGHT HOLDER,48,6/19/2011 13:31,4.25,17974.0,United Kingdom
558776,23084,RABBIT NIGHT LIGHT,4,6/19/2011 13:31,2.08,17974.0,United Kingdom
558776,47566,PARTY BUNTING,8,6/19/2011 13:31,4.95,17974.0,United Kingdom
558776,21212,PACK OF 72 RETROSPOT CAKE CASES,6,6/19/2011 13:31,0.55,17974.0,United Kingdom
558776,47566,PARTY BUNTING,6,6/19/2011 13:31,4.95,17974.0,United Kingdom
558776,21212,PACK OF 72 RETROSPOT CAKE CASES,8,6/19/2011 13:31,0.55,17974.0,United Kingdom
558776,22913,RED COAT RACK PARIS FASHION,8,6/19/2011 13:31,4.95,17974.0,United Kingdom
558855,20725,LUNCH BAG RED RETROSPOT,1,6/20/2011 8:12,1.65,,United Kingdom
558855,21755,LOVE BUILDING BLOCK WORD,6,6/20/2011 8:12,5.95,,United Kingdom
558855,85123A,WHITE HANGING HEART T-LIGHT HOLDER,8,6/20/2011 8:12,2.55,,United Kingdom
558855,22310,IVORY KNITTED MUG COSY,2,6/20/2011 8:12,1.65,,United Kingdom
558855,22423,REGENCY CAKESTAND 3 TIER,24,6/20/2011 8:12,12.75,,United Kingdom
558855,22913,RED COAT RACK PARIS FASHION,8,6/20/2011 8:12,4.95,,United Kingdom
558855,21755,LOVE BUILDING BLOCK WORD,8,6/20/2011 8:12,5.95,,United Kingdom
558855,22310,IVORY KNITTED MUG COSY,1,6/20/2011 8:12,1.65,,United Kingdom
558855,22623,BOX OF VINTAGE JIGSAW BLOCKS,1,6/20/2011 8:12,4.95,,United Kingdom
558915,22623,BOX OF VINTAGE JIGSAW BLOCKS,2,6/20/2011 14:32,4.95,16800.0,United Kingdom
558915,22752,SET 7 BABUSHKA NESTING BOXES,48,6/20/2011 14:32,7.65,16800.0,United Kingdom
558915,22423,REGENCY CAKESTAND 3 TIER,12,6/20/2011 14:32,12.75,16800.0,United Kingdom
558915,22960,JAM MAKING SET WITH JARS,3,6/20/2011 14:32,4.25,16800.0,United Kingdom
558915,47566,PARTY BUNTING,6,6/20/2011 14:32,4.95,16800.0,United Kingdom
558915,85123A,WHITE HANGING HEART T-LIGHT HOLDER,48,6/20/2011 14:32,2.55,16800.0,United Kingdom
558915,22423,REGENCY CAKESTAND 3 TIER,48,6/20/2011 14:32,12.75,16800.0,United Kingdom
558915,85123A,WHITE HANGING HEART T-LIGHT HOLDER,4,6/20/2011 14:32,2.55,16800.0,United Kingdom
558915,21755,LOVE BUILDING BLOCK WORD,3,6/20/2011 14:32,5.95,16800.0,United Kingdom
558915,84969,BOX OF 6 ASSORTED COLOUR TEASPOONS,48,6/20/2011 14:32,4.25,16800.0,United Kingdom
558915,85123A,WHITE HANGING HEART T-LIGHT HOLDER,4,6/20/2011 14:32,2.55,16800.0,United Kingdom
558915,22752,SET 7 BABUSHKA NESTING BOXES,4,6/20/2011 14:32,7.65,16800.0,United Kingdom
558971,84406B,CREAM CUPID HEARTS COAT HANGER,8,6/21/2011 8:28,2.75,14115.0,United Kingdom
558971,22745,POPPY'S PLAYHOUSE BEDROOM,8,6/21/2011 8:28,2.1,14115.0,United Kingdom
558971,21754,HOME BUILDING BLOCK WORD,6,6/21/2011 8:28,5.95,14115.0,United Kingdom
558971,20725,LUNCH BAG RED RETROSPOT,24,6/21/2011 8:28,1.65,14115.0,United Kingdom
558971,85099B,JUMBO BAG RED RETROSPOT,4,6/21/2011 8:28,1.95,14115.0,United Kingdom
558971,22913,RED COAT RACK PARIS FASHION,2,6/21/2011 8:28,4.95,14115.0,United Kingdom
558971,22745,POPPY'S PLAYHOUSE BEDROOM,12,6/21/2011 8:28,2.1,14115.0,United Kingdom
558971,22310,IVORY KNITTED MUG COSY,1,6/21/2011 8:28,1.65,14115.0,United Kingdom
558971,21777,RECIPE BOX WITH METAL HEART,2,6/21/2011 8:28,7.95,14115.0,United Kingdom
558971,47566,PARTY BUNTING,4,6/21/2011 8:28,4.95,14115.0,United Kingdom
558971,84029G,KNITTED UNION FLAG HOT WATER BOTTLE,48,6/21/2011 8:28,3.39,14115.0,United Kingdom
558971,47566,PARTY BUNTING,48,6/21/2011 8:28,4.95,14115.0,United Kingdom
558971,84029E,RED WOOLLY HOTTIE WHITE HEART.,6,6/21/2011 8:28,3.39,14115.0,United Kingdom
558971,85099B,JUMBO BAG RED RETROSPOT,8,6/21/2011 8:28,1.95,14115.0,United Kingdom
558971,84879,ASSORTED COLOUR BIRD ORNAMENT,24,6/21/2011 8:28,1.69,14115.0,United Kingdom
558971,84029G,KNITTED UNION FLAG HOT WATER BOTTLE,2,6/21/2011 8:28,3.39,14115.0,United Kingdom
559025,22613,PACK OF 20 SPACEBOY NAPKINS,2,6/21/2011 18:44,0.85,16608.0,United Kingdom
559025,84029E,RED WOOLLY HOTTIE WHITE HEART.,12,6/21/2011 18:44,3.39,16608.0,United Kingdom
559025,23084,RABBIT NIGHT LIGHT,2,6/21/2011 18:44,2.08,16608.0,United Kingdom
559025,20725,LUNCH BAG RED RETROSPOT,24,6/21/2011 18:44,1.65,16608.0,United Kingdom
559025,22310,IVORY KNITTED MUG COSY,2,6/21/2011 18:44,1.65,16608.0,United Kingdom
559025,47566,PARTY BUNTING,12,6/21/2011 18:44,4.95,16608.0,United Kingdom
559025,21777,RECIPE BOX WITH METAL HEART,6,6/21/2011 18:44,7.95,16608.0,United Kingdom
559025,21754,HOME BUILDING BLOCK WORD,8,6/21/2011 18:44,5.95,16608.0,United Kingdom
559025,23084,RABBIT NIGHT LIGHT,6,6/21/2011 18:44,2.08,16608.0,United Kingdom
559025,22613,PACK OF 20 SPACEBOY NAPKINS,3,6/21/2011 18:44,0.85,16608.0,United Kingdom
559025,22745,POPPY'S PLAYHOUSE BEDROOM,4,6/21/2011 18:44,2.1,16608.0,United Kingdom
559025,22613,PACK OF 20 SPACEBOY NAPKINS,4,6/21/2011 18:44,0.85,16608.0,United Kingdom
559025,21777,RECIPE BOX WITH METAL HEART,24,6/21/2011 18:44,7.95,16608.0,United Kingdom
559025,85123A,WHITE HANGING HEART T-LIGHT HOLDER,3,6/21/2011 18:44,2.55,16608.0,United Kingdom
559025,21755,LOVE BUILDING BLOCK WORD,6,6/21/2011 18:44,5.95,16608.0,United Kingdom
559025,22310,IVORY KNITTED MUG COSY,2,6/21/2011 18:44,1.65,16608.0,United Kingdom
559099,85099B,JUMBO BAG RED RETROSPOT,6,6/22/2011 10:10,1.95,,United Kingdom
559099,71053,WHITE METAL LANTERN,3,6/22/2011 10:10,3.39,,United Kingdom
559099,71053,,2,6/22/2011 10:10,3.39,,United Kingdom
559099,22632,HAND WARMER RED POLKA DOT,1,6/22/2011 10:10,1.85,,United Kingdom
559099,22613,PACK OF 20 SPACEBOY NAPKINS,6,6/22/2011 10:10,0.85,,United Kingdom
559099,71053,WHITE METAL LANTERN,12,6/22/2011 10:10,3.39,,United Kingdom
559099,23084,RABBIT NIGHT LIGHT,1,6/22/2011 10:10,2.08,,United Kingdom
559176,22720,SET OF 3 CAKE TINS PANTRY DESIGN,24,6/23/2011 11:14,4.95,,Germany
559176,84029E,RED WOOLLY HOTTIE WHITE HEART.,1,6/23/2011 11:14,3.39,,Germany
559176,22745,POPPY'S PLAYHOUSE BEDROOM,6,6/23/2011 11:14,2.1,,Germany
559176,22197,SMALL POPCORN HOLDER,6,6/23/2011 11:14,0.85,,Germany
559176,21777,RECIPE BOX WITH METAL HEART,12,6/23/2011 11:14,7.95,,Germany
559176,22633,HAND WARMER UNION JACK,6,6/23/2011 11:14,1.85,,Germany
559176,22632,HAND WARMER RED POLKA DOT,1,6/23/2011 11:14,1.85,,Germany
559248,84406B,CREAM CUPID HEARTS COAT HANGER,3,6/23/2011 17:17,2.75,,United Kingdom
559248,22720,SET OF 3 CAKE TINS PANTRY DESIGN,24,6/23/2011 17:17,4.95,,United Kingdom
559248,84406B,CREAM CUPID HEARTS COAT HANGER,48,6/23/2011 17:17,2.75,,United Kingdom
559248,21212,PACK OF 72 RETROSPOT CAKE CASES,3,6/23/2011 17:17,0.55,,United Kingdom
559248,22632,HAND WARMER RED POLKA DOT,6,6/23/2011 17:17,1.85,,United Kingdom
559248,84879,ASSORTED COLOUR BIRD ORNAMENT,48,6/23/2011 17:17,1.69,,United Kingdom
559248,22720,SET OF 3 CAKE TINS PANTRY DESIGN,6,6/23/2011 17:17,4.95,,United Kingdom
559248,71053,WHITE METAL LANTERN,4,6/23/2011 17:17,3.39,,United Kingdom
559248,21730,GLASS STAR FROSTED T-LIGHT HOLDER,3,6/23/2011 17:17,4.25,,United Kingdom
559248,22913,RED COAT RACK PARIS FASHION,2,6/23/2011 17:17,4.95,,United Kingdom
559248,22913,RED COAT RACK PARIS FASHION,12,6/23/2011 17:17,4.95,,United Kingdom
559248,21754,HOME BUILDING BLOCK WORD,1,6/23/2011 17:17,5.95,,United Kingdom
559248,22310,IVORY KNITTED MUG COSY,4,6/23/2011 17:17,1.65,,United Kingdom
559248,22613,PACK OF 20 SPACEBOY NAPKINS,4,6/23/2011 17:17,0.85,,United Kingdom
559248,22745,POPPY'S PLAYHOUSE BEDROOM,24,6/23/2011 17:17,2.1,,United Kingdom
559248,71053,WHITE METAL LANTERN,6,6/23/2011 17:17,3.39,,United Kingdom
559248,22633,HAND WARMER UNION JACK,48,6/23/2011 17:17,1.85,,United Kingdom
559248,22613,PACK OF 20 SPACEBOY NAPKINS,3,6/23/2011 17:17,0.85,,United Kingdom
559248,23084,,6,6/23/2011 17:17,2.08,,United Kingdom
559248,21212,PACK OF 72 RETROSPOT CAKE CASES,1,6/23/2011 17:17,0.55,,United Kingdom
559248,48187,DOORMAT NEW ENGLAND,12,6/23/2011 17:17,7.95,,United Kingdom
559248,22623,BOX OF VINTAGE JIGSAW BLOCKS,12,6/23/2011 17:17,4.95,,United Kingdom
559310,22633,HAND WARMER UNION JACK,2,6/24/2011 9:38,1.85,,United Kingdom
559310,21777,RECIPE BOX WITH METAL HEART,24,6/24/2011 9:38,7.95,,United Kingdom
559310,84406B,CREAM CUPID HEARTS COAT HANGER,8,6/24/2011 9:38,2.75,,United Kingdom
559363,22745,POPPY'S PLAYHOUSE BEDROOM,2,6/24/2011 18:28,2.1,16811.0,United Kingdom
559363,84879,ASSORTED COLOUR BIRD ORNAMENT,1,6/24/2011 18:28,1.69,16811.0,United Kingdom
559363,22720,SET OF 3 CAKE TINS PANTRY DESIGN,4,6/24/2011 18:28,4.95,16811.0,United Kingdom
559363,22960,JAM MAKING SET WITH JARS,4,6/24/2011 18:28,4.25,16811.0,United Kingdom
559363,71053,WHITE METAL LANTERN,3,6/24/2011 18:28,3.39,16811.0,United Kingdom
559363,22632,HAND WARMER RED POLKA DOT,24,6/24/2011 18:28,1.85,16811.0,United Kingdom
559363,22613,PACK OF 20 SPACEBOY NAPKINS,1,6/24/2011 18:28,0.85,16811.0,United Kingdom
559363,71053,WHITE METAL LANTERN,1,6/24/2011 18:28,3.39,16811.0,United Kingdom
559422,48187,DOORMAT NEW ENGLAND,24,6/25/2011 8:33,7.95,18128.0,United Kingdom
559422,21777,RECIPE BOX WITH METAL HEART,3,6/25/2011 8:33,7.95,18128.0,United Kingdom
559422,23084,RABBIT NIGHT LIGHT,4,6/25/2011 8:33,2.08,18128.0,United Kingdom
559422,84969,BOX OF 6 ASSORTED COLOUR TEASPOONS,4,6/25/2011 8:33,4.25,18128.0,United Kingdom
559422,22752,SET 7 BABUSHKA NESTING BOXES,1,6/25/2011 8:33,7.65,18128.0,United Kingdom
559422,21212,PACK OF 72 RETROSPOT CAKE CASES,2,6/25/2011 8:33,0.55,18128.0,United Kingdom
559493,21755,LOVE BUILDING BLOCK WORD,12,6/25/2011 14:27,5.95,13441.0,United Kingdom
559493,21754,HOME BUILDING BLOCK WORD,48,6/25/2011 14:27,5.95,13441.0,United Kingdom
559493,22748,POPPY'S PLAYHOUSE KITCHEN,24,6/25/2011 14:27,2.1,13441.0,United Kingdom
559493,22913,RED COAT RACK PARIS FASHION,8,6/25/2011 14:27,4.95,13441.0,United Kingdom
559493,22423,REGENCY CAKESTAND 3 TIER,24,6/25/2011 14:27,12.75,13441.0,United Kingdom
559493,23084,RABBIT NIGHT LIGHT,12,6/25/2011 14:27,2.08,13441.0,United Kingdom
559493,84029E,RED WOOLLY HOTTIE WHITE HEART.,24,6/25/2011 14:27,3.39,13441.0,United Kingdom
559533,22720,SET OF 3 CAKE TINS PANTRY DESIGN,12,6/25/2011 19:24,4.95,17329.0,United Kingdom
559533,22632,HAND WARMER RED POLKA DOT,8,6/25/2011 19:24,1.85,17329.0,United Kingdom
559533,22310,IVORY KNITTED MUG COSY,24,6/25/2011 19:24,1.65,17329.0,United Kingdom
559533,84969,BOX OF 6 ASSORTED COLOUR TEASPOONS,3,6/25/2011 19:24,4.25,17329.0,United Kingdom
559533,84406B,CREAM CUPID HEARTS COAT HANGER,3,6/25/2011 19:24,2.75,17329.0,United Kingdom
559533,20725,LUNCH BAG RED RETROSPOT,48,6/25/2011 19:24,1.65,17329.0,United Kingdom
559533,84029G,KNITTED UNION FLAG HOT WATER BOTTLE,4,6/25/2011 19:24,3.39,17329.0,United Kingdom
559533,21212,PACK OF 72 RETROSPOT CAKE CASES,8,6/25/2011 19:24,0.55,17329.0,United Kingdom
559533,23084,RABBIT NIGHT LIGHT,4,6/25/2011 19:24,2.08,17329.0,United Kingdom
559533,23084,RABBIT NIGHT LIGHT,4,6/25/2011 19:24,2.08,17329.0,United Kingdom
559533,85099B,JUMBO BAG RED RETROSPOT,4,6/25/2011 19:24,1.95,17329.0,United Kingdom
559533,22720,SET OF 3 CAKE TINS PANTRY DESIGN,48,6/25/2011 19:24,4.95,17329.0,United Kingdom
559533,22960,JAM MAKING SET WITH JARS,3,6/25/2011 19:24,4.25,17329.0,United Kingdom
559533,22623,BOX OF VINTAGE JIGSAW BLOCKS,48,6/25/2011 19:24,4.95,17329.0,United Kingdom
559533,21754,HOME BUILDING BLOCK WORD,48,6/25/2011 19:24,5.95,17329.0,United Kingdom
559533,85099B,JUMBO BAG RED RETROSPOT,4,6/25/2011 19:24,1.95,17329.0,United Kingdom
559533,20725,LUNCH BAG RED RETROSPOT,1,6/25/2011 19:24,1.65,17329.0,United Kingdom
559533,22613,PACK OF 20 SPACEBOY NAPKINS,1,6/25/2011 19:24,0.85,17329.0,United Kingdom
559533,22623,BOX OF VINTAGE JIGSAW BLOCKS,48,6/25/2011 19:24,4.95,17329.0,United Kingdom
559533,22633,HAND WARMER UNION JACK,4,6/25/2011 19:24,1.85,17329.0,United Kingdom
559533,21777,RECIPE BOX WITH METAL HEART,48,6/25/2011 19:24,7.95,17329.0,United Kingdom
559588,21754,HOME BUILDING BLOCK WORD,4,6/26/2011 8:05,5.95,17062.0,United Kingdom
559588,84879,ASSORTED COLOUR BIRD ORNAMENT,3,6/26/2011 8:05,1.69,17062.0,United Kingdom
559588,20725,LUNCH BAG RED RETROSPOT,8,6/26/2011 8:05,1.65,17062.0,United Kingdom
559588,22197,SMALL POPCORN HOLDER,24,6/26/2011 8:05,0.85,17062.0,United Kingdom
559588,23084,RABBIT NIGHT LIGHT,2,6/26/2011 8:05,2.08,17062.0,United Kingdom
559588,84406B,CREAM CUPID HEARTS COAT HANGER,3,6/26/2011 8:05,2.75,17062.0,United Kingdom
559649,84879,ASSORTED COLOUR BIRD ORNAMENT,8,6/26/2011 16:03,1.69,14686.0,United Kingdom
559649,20725,LUNCH BAG RED RETROSPOT,12,6/26/2011 16:03,1.65,14686.0,United Kingdom
559649,21212,PACK OF 72 RETROSPOT CAKE CASES,12,6/26/2011 16:03,0.55,14686.0,United Kingdom
559649,47566,PARTY BUNTING,48,6/26/2011 16:03,4.95,14686.0,United Kingdom
559649,22613,PACK OF 20 SPACEBOY NAPKINS,3,6/26/2011 16:03,0.85,14686.0,United Kingdom
559649,22623,BOX OF VINTAGE JIGSAW BLOCKS,1,6/26/2011 16:03,4.95,14686.0,United Kingdom
559649,21777,RECIPE BOX WITH METAL HEART,4,6/26/2011 16:03,7.95,14686.0,United Kingdom
559649,22720,SET OF 3 CAKE TINS PANTRY DESIGN,3,6/26/2011 16:03,4.95,14686.0,United Kingdom
559700,22310,IVORY KNITTED MUG COSY,4,6/27/2011 11:18,1.65,15647.0,United Kingdom
559744,84029E,RED WOOLLY HOTTIE WHITE HEART.,3,6/27/2011 16:18,3.39,14271.0,United Kingdom
559744,84969,BOX OF 6 ASSORTED COLOUR TEASPOONS,4,6/27/2011 16:18,4.25,14271.0,United Kingdom
559744,84879,ASSORTED COLOUR BIRD ORNAMENT,8,6/27/2011 16:18,1.69,14271.0,United Kingdom
559744,22197,SMALL POPCORN HOLDER,1,6/27/2011 16:18,0.85,14271.0,United Kingdom
559794,22752,SET 7 BABUSHKA NESTING BOXES,48,6/28/2011 8:08,7.65,12372.0,Belgium
559794,22752,SET 7 BABUSHKA NESTING BOXES,2,6/28/2011 8:08,7.65,12372.0,Belgium
559794,23084,RABBIT NIGHT LIGHT,8,6/28/2011 8:08,2.08,12372.0,Belgium
559851,23084,RABBIT NIGHT LIGHT,12,6/28/2011 19:27,2.08,,United Kingdom
559851,22752,SET 7 BABUSHKA NESTING BOXES,6,6/28/2011 19:27,7.65,,United Kingdom
559851,84969,BOX OF 6 ASSORTED COLOUR TEASPOONS,2,6/28/2011 19:27,4.25,,United Kingdom
559851,48187,DOORMAT NEW ENGLAND,8,6/28/2011 19:27,7.95,,United Kingdom
559851,22197,SMALL POPCORN HOLDER,1,6/28/2011 19:27,0.85,,United Kingdom
559851,22720,SET OF 3 CAKE TINS PANTRY DESIGN,2,6/28/2011 19:27,4.95,,United Kingdom
559851,22913,RED COAT RACK PARIS FASHION,1,6/28/2011 19:27,4.95,,United Kingdom
559851,22745,POPPY'S PLAYHOUSE BEDROOM,24,6/28/2011 19:27,2.1,,United Kingdom
559851,84406B,CREAM CUPID HEARTS COAT HANGER,12,6/28/2011 19:27,2.75,,United Kingdom
559851,84406B,CREAM CUPID HEARTS COAT HANGER,3,6/28/2011 19:27,2.75,,United Kingdom
559851,84969,BOX OF 6 ASSORTED COLOUR TEASPOONS,4,6/28/2011 19:27,4.25,,United Kingdom
559851,22623,BOX OF VINTAGE JIGSAW BLOCKS,4,6/28/2011 19:27,4.95,,United Kingdom
559851,20725,LUNCH BAG RED RETROSPOT,12,6/28/2011 19:27,1.65,,United Kingdom
559851,84406B,CREAM CUPID HEARTS COAT HANGER,6,6/28/2011 19:27,2.75,,United Kingdom
559851,23084,RABBIT NIGHT LIGHT,48,6/28/2011 19:27,2.08,,United Kingdom
559851,21754,HOME BUILDING BLOCK WORD,3,6/28/2011 19:27,5.95,,United Kingdom
559851,21212,PACK OF 72 RETROSPOT CAKE CASES,4,6/28/2011 19:27,0.55,,United Kingdom
559851,22745,,48,6/28/2011 19:27,2.1,,United Kingdom
559922,22913,RED COAT RACK PARIS FASHION,24,6/29/2011 11:09,4.95,,United Kingdom
559922,22960,JAM MAKING SET WITH JARS,1,6/29/2011 11:09,4.25,,United Kingdom
559922,48187,DOORMAT NEW ENGLAND,4,6/29/2011 11:09,7.95,,United Kingdom
559922,85123A,WHITE HANGING HEART T-LIGHT HOLDER,12,6/29/2011 11:09,2.55,,United Kingdom
559922,22745,POPPY'S PLAYHOUSE BEDROOM,8,6/29/2011 11:09,2.1,,United Kingdom
559922,21754,HOME BUILDING BLOCK WORD,2,6/29/2011 11:09,5.95,,United Kingdom
559922,84029G,KNITTED UNION FLAG HOT WATER BOTTLE,12,6/29/2011 11:09,3.39,,United Kingdom
559922,22632,HAND WARMER RED POLKA DOT,3,6/29/2011 11:09,1.85,,United Kingdom
559922,20725,LUNCH BAG RED RETROSPOT,12,6/29/2011 11:09,1.65,,United Kingdom
559922,71053,WHITE METAL LANTERN,6,6/29/2011 11:09,3.39,,United Kingdom
559922,21754,HOME BUILDING BLOCK WORD,48,6/29/2011 11:09,5.95,,United Kingdom
559989,84406B,CREAM CUPID HEARTS COAT HANGER,8,6/29/2011 17:29,2.75,14272.0,Switzerland
559989,22752,SET 7 BABUSHKA NESTING BOXES,6,6/29/2011 17:29,7.65,14272.0,Switzerland
559989,22623,BOX OF VINTAGE JIGSAW BLOCKS,8,6/29/2011 17:29,4.95,14272.0,Switzerland
559989,22913,RED COAT RACK PARIS FASHION,3,6/29/2011 17:29,4.95,14272.0,Switzerland
559989,21755,LOVE BUILDING BLOCK WORD,24,6/29/2011 17:29,5.95,14272.0,Switzerland
559989,71053,WHITE METAL LANTERN,12,6/29/2011 17:29,3.39,14272.0,Switzerland
559989,85123A,WHITE HANGING HEART T-LIGHT HOLDER,12,6/29/2011 17:29,2.55,14272.0,Switzerland
559989,22633,HAND WARMER UNION JACK,48,6/29/2011 17:29,1.85,14272.0,Switzerland
559989,22623,BOX OF VINTAGE JIGSAW BLOCKS,12,6/29/2011 17:29,4.95,14272.0,Switzerland
559989,23084,RABBIT NIGHT LIGHT,12,6/29/2011 17:29,2.08,14272.0,Switzerland
560041,22913,RED COAT RACK PARIS FASHION,3,6/30/2011 9:08,4.95,12525.0,United Kingdom
560041,21212,PACK OF 72 RETROSPOT CAKE CASES,1,6/30/2011 9:08,0.55,12525.0,United Kingdom
560041,20725,LUNCH BAG RED RETROSPOT,12,6/30/2011 9:08,1.65,12525.0,United Kingdom
560041,20725,LUNCH BAG RED RETROSPOT,2,6/30/2011 9:08,1.65,12525.0,United Kingdom
560041,22197,SMALL POPCORN HOLDER,2,6/30/2011 9:08,0.85,12525.0,United Kingdom
560041,20725,LUNCH BAG RED RETROSPOT,2,6/30/2011 9:08,1.65,12525.0,United Kingdom
560120,22752,SET 7 BABUSHKA NESTING BOXES,6,7/1/2011 9:11,7.65,12970.0,United Kingdom
560120,21777,RECIPE BOX WITH METAL HEART,3,7/1/2011 9:11,7.95,12970.0,United Kingdom
560120,84406B,CREAM CUPID HEARTS COAT HANGER,6,7/1/2011 9:11,2.75,12970.0,United Kingdom
560120,85123A,WHITE HANGING HEART T-LIGHT HOLDER,6,7/1/2011 9:11,2.55,12970.0,United Kingdom
560120,85123A,WHITE HANGING HEART T-LIGHT HOLDER,1,7/1/2011 9:11,2.55,12970.0,United Kingdom
560120,22752,SET 7 BABUSHKA NESTING BOXES,6,7/1/2011 9:11,7.65,12970.0,United Kingdom
560120,84029G,KNITTED UNION FLAG HOT WATER BOTTLE,24,7/1/2011 9:11,3.39,12970.0,United Kingdom
560120,21212,PACK OF 72 RETROSPOT CAKE CASES,2,7/1/2011 9:11,0.55,12970.0,United Kingdom
560120,22913,RED COAT RACK PARIS FASHION,8,7/1/2011 9:11,4.95,12970.0,United Kingdom
560120,85099B,JUMBO BAG RED RETROSPOT,6,7/1/2011 9:11,1.95,12970.0,United Kingdom
560120,84029G,KNITTED UNION FLAG HOT WATER BOTTLE,12,7/1/2011 9:11,3.39,12970.0,United Kingdom
560120,21755,LOVE BUILDING BLOCK WORD,48,7/1/2011 9:11,5.95,12970.0,United Kingdom
560120,48187,DOORMAT NEW ENGLAND,24,7/1/2011 9:11,7.95,12970.0,United Kingdom
560120,47566,PARTY BUNTING,8,7/1/2011 9:11,4.95,12970.0,United Kingdom
560120,21755,LOVE BUILDING BLOCK WORD,48,7/1/2011 9:11,5.95,12970.0,United Kingdom
560120,22913,RED COAT RACK PARIS FASHION,3,7/1/2011 9:11,4.95,12970.0,United Kingdom
560120,22623,BOX OF VINTAGE JIGSAW BLOCKS,12,7/1/2011 9:11,4.95,12970.0,United Kingdom
560164,22423,REGENCY CAKESTAND 3 TIER,2,7/1/2011 16:48,12.75,15531.0,United Kingdom
560164,22197,SMALL POPCORN HOLDER,2,7/1/2011 16:48,0.85,15531.0,United Kingdom
560164,85099B,JUMBO BAG RED RETROSPOT,8,7/1/2011 16:48,1.95,15531.0,United Kingdom
560164,84029G,KNITTED UNION FLAG HOT WATER BOTTLE,8,7/1/2011 16:48,3.39,15531.0,United Kingdom
560164,22633,HAND WARMER UNION JACK,12,7/1/2011 16:48,1.85,15531.0,United Kingdom
560164,84969,BOX OF 6 ASSORTED COLOUR TEASPOONS,3,7/1/2011 16:48,4.25,15531.0,United Kingdom
560164,23084,RABBIT NIGHT LIGHT,6,7/1/2011 16:48,2.08,15531.0,United Kingdom
560164,84029G,KNITTED UNION FLAG HOT WATER BOTTLE,2,7/1/2011 16:48,3.39,15531.0,United Kingdom
560164,22752,SET 7 BABUSHKA NESTING BOXES,4,7/1/2011 16:48,7.65,15531.0,United Kingdom
560164,21755,LOVE BUILDING BLOCK WORD,24,7/1/2011 16:48,5.95,15531.0,United Kingdom
560164,22310,IVORY KNITTED MUG COSY,8,7/1/2011 16:48,1.65,15531.0,United Kingdom
560164,21755,LOVE BUILDING BLOCK WORD,1,7/1/2011 16:48,5.95,15531.0,United Kingdom
560164,21777,RECIPE BOX WITH METAL HEART,1,7/1/2011 16:48,7.95,15531.0,United Kingdom
560164,22960,JAM MAKING SET WITH JARS,1,7/1/2011 16:48,4.25,15531.0,United Kingdom
560164,22752,SET 7 BABUSHKA NESTING BOXES,3,7/1/2011 16:48,7.65,15531.0,United Kingdom
560164,48187,DOORMAT NEW ENGLAND,1,7/1/2011 16:48,7.95,15531.0,United Kingdom
560164,22745,POPPY'S PLAYHOUSE BEDROOM,1,7/1/2011 16:48,2.1,15531.0,United Kingdom
560164,22748,POPPY'S PLAYHOUSE KITCHEN,8,7/1/2011 16:48,2.1,15531.0,United Kingdom
560164,85099B,JUMBO BAG RED RETROSPOT,12,7/1/2011 16:48,1.95,15531.0,United Kingdom
560164,48187,DOORMAT NEW ENGLAND,6,7/1/2011 16:48,7.95,15531.0,United Kingdom
560213,85123A,WHITE HANGING HEART T-LIGHT HOLDER,8,7/2/2011 8:31,2.55,12514.0,United Kingdom
560213,84879,ASSORTED COLOUR BIRD ORNAMENT,4,7/2/2011 8:31,1.69,12514.0,United Kingdom
560213,22632,HAND WARMER RED POLKA DOT,4,7/2/2011 8:31,1.85,12514.0,United Kingdom
560213,22960,JAM MAKING SET WITH JARS,4,7/2/2011 8:31,4.25,12514.0,United Kingdom
560213,84879,ASSORTED COLOUR BIRD ORNAMENT,4,7/2/2011 8:31,1.69,12514.0,United Kingdom
560213,22960,JAM MAKING SET WITH JARS,8,7/2/2011 8:31,4.25,12514.0,United Kingdom
560213,22748,POPPY'S PLAYHOUSE KITCHEN,1,7/2/2011 8:31,2.1,12514.0,United Kingdom
560213,22613,PACK OF 20 SPACEBOY NAPKINS,48,7/2/2011 8:31,0.85,12514.0,United Kingdom
560213,47566,PARTY BUNTING,1,7/2/2011 8:31,4.95,12514.0,United Kingdom
560213,22633,HAND WARMER UNION JACK,8,7/2/2011 8:31,1.85,12514.0,United Kingdom
560213,22752,SET 7 BABUSHKA NESTING BOXES,12,7/2/2011 8:31,7.65,12514.0,United Kingdom
560213,22752,SET 7 BABUSHKA NESTING BOXES,4,7/2/2011 8:31,7.65,12514.0,United Kingdom
560213,84879,ASSORTED COLOUR BIRD ORNAMENT,24,7/2/2011 8:31,1.69,12514.0,United Kingdom
560213,21754,HOME BUILDING BLOCK WORD,24,7/2/2011 8:31,5.95,12514.0,United Kingdom
560213,22913,RED COAT RACK PARIS FASHION,1,7/2/2011 8:31,4.95,12514.0,United Kingdom
560213,71053,WHITE METAL LANTERN,8,7/2/2011 8:31,3.39,12514.0,United Kingdom
560213,20725,LUNCH BAG RED RETROSPOT,3,7/2/2011 8:31,1.65,12514.0,United Kingdom
560260,22623,BOX OF VINTAGE JIGSAW BLOCKS,24,7/2/2011 15:59,4.95,16173.0,United Kingdom
560260,22613,PACK OF 20 SPACEBOY NAPKINS,48,7/2/2011 15:59,0.85,16173.0,United Kingdom
560260,21212,PACK OF 72 RETROSPOT CAKE CASES,8,7/2/2011 15:59,0.55,16173.0,United Kingdom
560309,84406B,CREAM CUPID HEARTS COAT HANGER,4,7/3/2011 10:20,2.75,14095.0,United Kingdom
560309,22748,POPPY'S PLAYHOUSE KITCHEN,12,7/3/2011 10:20,2.1,14095.0,United Kingdom
560309,22633,HAND WARMER UNION JACK,6,7/3/2011 10:20,1.85,14095.0,United Kingdom
560309,22913,RED COAT RACK PARIS FASHION,48,7/3/2011 10:20,4.95,14095.0,United Kingdom
560309,22423,REGENCY CAKESTAND 3 TIER,24,7/3/2011 10:20,12.75,14095.0,United Kingdom
560309,22633,HAND WARMER UNION JACK,1,7/3/2011 10:20,1.85,14095.0,United Kingdom
560309,21755,LOVE BUILDING BLOCK WORD,2,7/3/2011 10:20,5.95,14095.0,United Kingdom
560309,84029E,RED WOOLLY HOTTIE WHITE HEART.,2,7/3/2011 10:20,3.39,14095.0,United Kingdom
560373,84969,BOX OF 6 ASSORTED COLOUR TEASPOONS,48,7/3/2011 13:35,4.25,17350.0,United Kingdom
560373,21777,RECIPE BOX WITH METAL HEART,3,7/3/2011 13:35,7.95,17350.0,United Kingdom
560373,22613,PACK OF 20 SPACEBOY NAPKINS,3,7/3/2011 13:35,0.85,17350.0,United Kingdom
560373,22423,REGENCY CAKESTAND 3 TIER,24,7/3/2011 13:35,12.75,17350.0,United Kingdom
560373,22720,SET OF 3 CAKE TINS PANTRY DESIGN,2,7/3/2011 13:35,4.95,17350.0,United Kingdom
560373,84029G,KNITTED UNION FLAG HOT WATER BOTTLE,48,7/3/2011 13:35,3.39,17350.0,United Kingdom
560373,71053,WHITE METAL LANTERN,48,7/3/2011 13:35,3.39,17350.0,United Kingdom
560373,71053,WHITE METAL LANTERN,4,7/3/2011 13:35,3.39,17350.0,United Kingdom
560373,85099B,JUMBO BAG RED RETROSPOT,48,7/3/2011 13:35,1.95,17350.0,United Kingdom
560440,84879,ASSORTED COLOUR BIRD ORNAMENT,12,7/4/2011 8:24,1.69,14599.0,United Kingdom
560440,84879,ASSORTED COLOUR BIRD ORNAMENT,12,7/4/2011 8:24,1.69,14599.0,United Kingdom
560440,22632,HAND WARMER RED POLKA DOT,24,7/4/2011 8:24,1.85,14599.0,United Kingdom
560440,20725,LUNCH BAG RED RETROSPOT,48,7/4/2011 8:24,1.65,14599.0,United Kingdom
560440,21777,RECIPE BOX WITH METAL HEART,2,7/4/2011 8:24,7.95,14599.0,United Kingdom
560440,22197,SMALL POPCORN HOLDER,12,7/4/2011 8:24,0.85,14599.0,United Kingdom
560440,21754,HOME BUILDING BLOCK WORD,12,7/4/2011 8:24,5.95,14599.0,United Kingdom
560440,22913,RED COAT RACK PARIS FASHION,2,7/4/2011 8:24,4.95,14599.0,United Kingdom
560440,22423,REGENCY CAKESTAND 3 TIER,1,7/4/2011 8:24,12.75,14599.0,United Kingdom
560440,23084,RABBIT NIGHT LIGHT,8,7/4/2011 8:24,2.08,14599.0,United Kingdom
560440,22197,SMALL POPCORN HOLDER,6,7/4/2011 8:24,0.85,14599.0,United Kingdom
560440,22913,RED COAT RACK PARIS FASHION,6,7/4/2011 8:24,4.95,14599.0,United Kingdom
560440,22613,PACK OF 20 SPACEBOY NAPKINS,1,7/4/2011 8:24,0.85,14599.0,United Kingdom
560440,22752,SET 7 BABUSHKA NESTING BOXES,1,7/4/2011 8:24,7.65,14599.0,United Kingdom
560440,85123A,WHITE HANGING HEART T-LIGHT HOLDER,4,7/4/2011 8:24,2.55,14599.0,United Kingdom
560440,22960,JAM MAKING SET WITH JARS,3,7/4/2011 8:24,4.25,14599.0,United Kingdom
560440,22748,POPPY'S PLAYHOUSE KITCHEN,24,7/4/2011 8:24,2.1,14599.0,United Kingdom
560440,84969,BOX OF 6 ASSORTED COLOUR TEASPOONS,6,7/4/2011 8:24,4.25,14599.0,United Kingdom
560440,84406B,CREAM CUPID HEARTS COAT HANGER,48,7/4/2011 8:24,2.75,14599.0,United Kingdom
560482,21754,HOME BUILDING BLOCK WORD,6,7/4/2011 14:14,5.95,15143.0,United Kingdom
560482,71053,WHITE METAL LANTERN,8,7/4/2011 14:14,3.39,15143.0,United Kingdom
560543,84969,BOX OF 6 ASSORTED COLOUR TEASPOONS,6,7/5/2011 8:21,4.25,13483.0,United Kingdom
560543,48187,DOORMAT NEW ENGLAND,1,7/5/2011 8:21,7.95,13483.0,United Kingdom
560543,84879,ASSORTED COLOUR BIRD ORNAMENT,12,7/5/2011 8:21,1.69,13483.0,United Kingdom
560543,84406B,CREAM CUPID HEARTS COAT HANGER,6,7/5/2011 8:21,2.75,13483.0,United Kingdom
560543,84029G,KNITTED UNION FLAG HOT WATER BOTTLE,2,7/5/2011 8:21,3.39,13483.0,United Kingdom
560543,47566,PARTY BUNTING,48,7/5/2011 8:21,4.95,13483.0,United Kingdom
560543,84029G,KNITTED UNION FLAG HOT WATER BOTTLE,12,7/5/2011 8:21,3.39,13483.0,United Kingdom
560543,22613,PACK OF 20 SPACEBOY NAPKINS,1,7/5/2011 8:21,0.85,13483.0,United Kingdom
560610,21212,PACK OF 72 RETROSPOT CAKE CASES,24,7/5/2011 16:18,0.55,13037.0,United Kingdom
560610,22633,HAND WARMER UNION JACK,12,7/5/2011 16:18,1.85,13037.0,United Kingdom
560610,84879,ASSORTED COLOUR BIRD ORNAMENT,8,7/5/2011 16:18,1.69,13037.0,United Kingdom
560662,48187,DOORMAT NEW ENGLAND,2,7/6/2011 8:18,7.95,17387.0,United Kingdom
560714,22720,SET OF 3 CAKE TINS PANTRY DESIGN,12,7/6/2011 17:19,4.95,18001.0,United Kingdom
560714,22720,SET OF 3 CAKE TINS PANTRY DESIGN,1,7/6/2011 17:19,4.95,18001.0,United Kingdom
560714,20725,LUNCH BAG RED RETROSPOT,48,7/6/2011 17:19,1.65,18001.0,United Kingdom
560714,22197,SMALL POPCORN HOLDER,3,7/6/2011 17:19,0.85,18001.0,United Kingdom
560714,20725,LUNCH BAG RED RETROSPOT,4,7/6/2011 17:19,1.65,18001.0,United Kingdom
560714,21755,LOVE BUILDING BLOCK WORD,2,7/6/2011 17:19,5.95,18001.0,United Kingdom
560714,22423,REGENCY CAKESTAND 3 TIER,48,7/6/2011 17:19,12.75,18001.0,United Kingdom
560714,47566,PARTY BUNTING,24,7/6/2011 17:19,4.95,18001.0,United Kingdom
560714,47566,PARTY BUNTING,1,7/6/2011 17:19,4.95,18001.0,United Kingdom
560714,21755,LOVE BUILDING BLOCK WORD,12,7/6/2011 17:19,5.95,18001.0,United Kingdom
560714,23084,RABBIT NIGHT LIGHT,6,7/6/2011 17:19,2.08,18001.0,United Kingdom
560714,22745,POPPY'S PLAYHOUSE BEDROOM,24,7/6/2011 17:19,2.1,18001.0,United Kingdom
560714,22752,SET 7 BABUSHKA NESTING BOXES,2,7/6/2011 17:19,7.65,18001.0,United Kingdom
560714,21754,HOME BUILDING BLOCK WORD,6,7/6/2011 17:19,5.95,18001.0,United Kingdom
560714,21755,LOVE BUILDING BLOCK WORD,4,7/6/2011 17:19,5.95,18001.0,United Kingdom
560714,84879,ASSORTED COLOUR BIRD ORNAMENT,24,7/6/2011 17:19,1.69,18001.0,United Kingdom
560792,71053,WHITE METAL LANTERN,12,7/7/2011 8:39,3.39,14422.0,Belgium
560792,22748,POPPY'S PLAYHOUSE KITCHEN,12,7/7/2011 8:39,2.1,14422.0,Belgium
560792,48187,DOORMAT NEW ENGLAND,24,7/7/2011 8:39,7.95,14422.0,Belgium
560792,84029E,RED WOOLLY HOTTIE WHITE HEART.,48,7/7/2011 8:39,3.39,14422.0,Belgium
560792,22913,RED COAT RACK PARIS FASHION,2,7/7/2011 8:39,4.95,14422.0,Belgium
560792,22720,SET OF 3 CAKE TINS PANTRY DESIGN,2,7/7/2011 8:39,4.95,14422.0,Belgium
560792,47566,PARTY BUNTING,1,7/7/2011 8:39,4.95,14422.0,Belgium
560792,21777,RECIPE BOX WITH METAL HEART,4,7/7/2011 8:39,7.95,14422.0,Belgium
560792,21730,GLASS STAR FROSTED T-LIGHT HOLDER,48,7/7/2011 8:39,4.25,14422.0,Belgium
560792,21777,RECIPE BOX WITH METAL HEART,8,7/7/2011 8:39,7.95,14422.0,Belgium
560792,22613,PACK OF 20 SPACEBOY NAPKINS,4,7/7/2011 8:39,0.85,14422.0,Belgium
560863,21730,GLASS STAR FROSTED T-LIGHT HOLDER,4,7/7/2011 14:58,4.25,17601.0,United Kingdom
560863,22913,RED COAT RACK PARIS FASHION,3,7/7/2011 14:58,4.95,17601.0,United Kingdom
560863,47566,PARTY BUNTING,1,7/7/2011 14:58,4.95,17601.0,United Kingdom
560863,22423,REGENCY CAKESTAND 3 TIER,2,7/7/2011 14:58,12.75,17601.0,United Kingdom
560863,22960,JAM MAKING SET WITH JARS,3,7/7/2011 14:58,4.25,17601.0,United Kingdom
560863,22720,SET OF 3 CAKE TINS PANTRY DESIGN,3,7/7/2011 14:58,4.95,17601.0,United Kingdom
560863,22960,JAM MAKING SET WITH JARS,24,7/7/2011 14:58,4.25,17601.0,United Kingdom
560863,22720,SET OF 3 CAKE TINS PANTRY DESIGN,6,7/7/2011 14:58,4.95,17601.0,United Kingdom
560863,84406B,CREAM CUPID HEARTS COAT HANGER,3,7/7/2011 14:58,2.75,17601.0,United Kingdom
560863,22632,HAND WARMER RED POLKA DOT,8,7/7/2011 14:58,1.85,17601.0,United Kingdom
560863,48187,DOORMAT NEW ENGLAND,3,7/7/2011 14:58,7.95,17601.0,United Kingdom
560863,22960,JAM MAKING SET WITH JARS,3,7/7/2011 14:58,4.25,17601.0,United Kingdom
560863,23084,RABBIT NIGHT LIGHT,4,7/7/2011 14:58,2.08,17601.0,United Kingdom
560863,21754,HOME BUILDING BLOCK WORD,3,7/7/2011 14:58,5.95,17601.0,United Kingdom
560863,48187,DOORMAT NEW ENGLAND,24,7/7/2011 14:58,7.95,17601.0,United Kingdom
560863,21730,GLASS STAR FROSTED T-LIGHT HOLDER,2,7/7/2011 14:58,4.25,17601.0,United Kingdom
560863,22752,SET 7 BABUSHKA NESTING BOXES,3,7/7/2011 14:58,7.65,17601.0,United Kingdom
560863,84406B,CREAM CUPID HEARTS COAT HANGER,12,7/7/2011 14:58,2.75,17601.0,United Kingdom
560863,47566,PARTY BUNTING,12,7/7/2011 14:58,4.95,17601.0,United Kingdom
560863,23084,RABBIT NIGHT LIGHT,48,7/7/2011 14:58,2.08,17601.0,United Kingdom
560863,84029E,RED WOOLLY HOTTIE WHITE HEART.,6,7/7/2011 14:58,3.39,17601.0,United Kingdom
560908,84879,ASSORTED COLOUR BIRD ORNAMENT,24,7/8/2011 11:13,1.69,13427.0,United Kingdom
560908,22632,HAND WARMER RED POLKA DOT,8,7/8/2011 11:13,1.85,13427.0,United Kingdom
560908,85099B,JUMBO BAG RED RETROSPOT,6,7/8/2011 11:13,1.95,13427.0,United Kingdom
560908,85123A,WHITE HANGING HEART T-LIGHT HOLDER,12,7/8/2011 11:13,2.55,13427.0,United Kingdom
560975,22197,SMALL POPCORN HOLDER,48,7/9/2011 11:55,0.85,18057.0,United Kingdom
560975,22197,SMALL POPCORN HOLDER,2,7/9/2011 11:55,0.85,18057.0,United Kingdom
560975,22310,IVORY KNITTED MUG COSY,3,7/9/2011 11:55,1.65,18057.0,United Kingdom
560975,22720,SET OF 3 CAKE TINS PANTRY DESIGN,8,7/9/2011 11:55,4.95,18057.0,United Kingdom
560975,84969,BOX OF 6 ASSORTED COLOUR TEASPOONS,3,7/9/2011 11:55,4.25,18057.0,United Kingdom
560975,85099B,JUMBO BAG RED RETROSPOT,48,7/9/2011 11:55,1.95,18057.0,United Kingdom
560975,84406B,CREAM CUPID HEARTS COAT HANGER,6,7/9/2011 11:55,2.75,18057.0,United Kingdom
560975,22623,BOX OF VINTAGE JIGSAW BLOCKS,6,7/9/2011 11:55,4.95,18057.0,United Kingdom
560975,84969,BOX OF 6 ASSORTED COLOUR TEASPOONS,3,7/9/2011 11:55,4.25,18057.0,United Kingdom
560975,22197,SMALL POPCORN HOLDER,48,7/9/2011 11:55,0.85,18057.0,United Kingdom
560975,84969,BOX OF 6 ASSORTED COLOUR TEASPOONS,24,7/9/2011 11:55,4.25,18057.0,United Kingdom
560975,84406B,CREAM CUPID HEARTS COAT HANGER,48,7/9/2011 11:55,2.75,18057.0,United Kingdom
560975,21754,HOME BUILDING BLOCK WORD,1,7/9/2011 11:55,5.95,18057.0,United Kingdom
560975,71053,WHITE METAL LANTERN,4,7/9/2011 11:55,3.39,18057.0,United Kingdom
560975,47566,PARTY BUNTING,8,7/9/2011 11:55,4.95,18057.0,United Kingdom
560975,47566,PARTY BUNTING,4,7/9/2011 11:55,4.95,18057.0,United Kingdom
560975,22632,HAND WARMER RED POLKA DOT,2,7/9/2011 11:55,1.85,18057.0,United Kingdom
560975,22633,HAND WARMER UNION JACK,4,7/9/2011 11:55,1.85,18057.0,United Kingdom
560975,84969,BOX OF 6 ASSORTED COLOUR TEASPOONS,3,7/9/2011 11:55,4.25,18057.0,United Kingdom
561026,22633,HAND WARMER UNION JACK,8,7/10/2011 9:45,1.85,16257.0,United Kingdom
561026,20725,LUNCH BAG RED RETROSPOT,48,7/10/2011 9:45,1.65,16257.0,United Kingdom
561095,22423,REGENCY CAKESTAND 3 TIER,8,7/10/2011 13:15,12.75,16069.0,United Kingdom
561095,22752,SET 7 BABUSHKA NESTING BOXES,3,7/10/2011 13:15,7.65,16069.0,United Kingdom
561174,22913,RED COAT RACK PARIS FASHION,8,7/11/2011 9:24,4.95,14287.0,United Kingdom
561174,84969,BOX OF 6 ASSORTED COLOUR TEASPOONS,4,7/11/2011 9:24,4.25,14287.0,United Kingdom
561174,22310,IVORY KNITTED MUG COSY,4,7/11/2011 9:24,1.65,14287.0,United Kingdom
561174,22197,SMALL POPCORN HOLDER,4,7/11/2011 9:24,0.85,14287.0,United Kingdom
561174,21212,PACK OF 72 RETROSPOT CAKE CASES,24,7/11/2011 9:24,0.55,14287.0,United Kingdom
561174,21730,GLASS STAR FROSTED T-LIGHT HOLDER,6,7/11/2011 9:24,4.25,14287.0,United Kingdom
561174,47566,PARTY BUNTING,1,7/11/2011 9:24,4.95,14287.0,United Kingdom
561174,22633,HAND WARMER UNION JACK,24,7/11/2011 9:24,1.85,14287.0,United Kingdom
561174,22633,HAND WARMER UNION JACK,4,7/11/2011 9:24,1.85,14287.0,United Kingdom
561174,20725,LUNCH BAG RED RETROSPOT,48,7/11/2011 9:24,1.65,14287.0,United Kingdom
561174,21755,LOVE BUILDING BLOCK WORD,4,7/11/2011 9:24,5.95,14287.0,United Kingdom
561174,84879,ASSORTED COLOUR BIRD ORNAMENT,48,7/11/2011 9:24,1.69,14287.0,United Kingdom
561174,84969,BOX OF 6 ASSORTED COLOUR TEASPOONS,24,7/11/2011 9:24,4.25,14287.0,United Kingdom
561174,22613,PACK OF 20 SPACEBOY NAPKINS,24,7/11/2011 9:24,0.85,14287.0,United Kingdom
561174,22720,SET OF 3 CAKE TINS PANTRY DESIGN,48,7/11/2011 9:24,4.95,14287.0,United Kingdom
561174,22752,SET 7 BABUSHKA NESTING BOXES,2,7/11/2011 9:24,7.65,14287.0,United Kingdom
561174,21755,LOVE BUILDING BLOCK WORD,1,7/11/2011 9:24,5.95,14287.0,United Kingdom
561174,22623,BOX OF VINTAGE JIGSAW BLOCKS,24,7/11/2011 9:24,4.95,14287.0,United Kingdom
561174,22720,SET OF 3 CAKE TINS PANTRY DESIGN,12,7/11/2011 9:24,4.95,14287.0,United Kingdom
561174,22623,BOX OF VINTAGE JIGSAW BLOCKS,6,7/11/2011 9:24,4.95,14287.0,United Kingdom
561174,84406B,CREAM CUPID HEARTS COAT HANGER,3,7/11/2011 9:24,2.75,14287.0,United Kingdom
561174,21777,RECIPE BOX WITH METAL HEART,12,7/11/2011 9:24,7.95,14287.0,United Kingdom
561220,22748,POPPY'S PLAYHOUSE KITCHEN,24,7/11/2011 16:09,2.1,15607.0,United Kingdom
561220,22752,SET 7 BABUSHKA NESTING BOXES,2,7/11/2011 16:09,7.65,15607.0,United Kingdom
561220,84406B,CREAM CUPID HEARTS COAT HANGER,2,7/11/2011 16:09,2.75,15607.0,United Kingdom
561220,20725,LUNCH BAG RED RETROSPOT,2,7/11/2011 16:09,1.65,15607.0,United Kingdom
561220,84029E,RED WOOLLY HOTTIE WHITE HEART.,1,7/11/2011 16:09,3.39,15607.0,United Kingdom
561220,84029E,RED WOOLLY HOTTIE WHITE HEART.,48,7/11/2011 16:09,3.39,15607.0,United Kingdom
561220,22913,RED COAT RACK PARIS FASHION,2,7/11/2011 16:09,4.95,15607.0,United Kingdom
561220,22748,POPPY'S PLAYHOUSE KITCHEN,3,7/11/2011 16:09,2.1,15607.0,United Kingdom
561220,21777,RECIPE BOX WITH METAL HEART,4,7/11/2011 16:09,7.95,15607.0,United Kingdom
561220,85123A,WHITE HANGING HEART T-LIGHT HOLDER,1,7/11/2011 16:09,2.55,15607.0,United Kingdom
561220,84406B,CREAM CUPID HEARTS COAT HANGER,2,7/11/2011 16:09,2.75,15607.0,United Kingdom
561220,84969,BOX OF 6 ASSORTED COLOUR TEASPOONS,12,7/11/2011 16:09,4.25,15607.0,United Kingdom
561220,84406B,CREAM CUPID HEARTS COAT HANGER,4,7/11/2011 16:09,2.75,15607.0,United Kingdom
561220,85123A,WHITE HANGING HEART T-LIGHT HOLDER,2,7/11/2011 16:09,2.55,15607.0,United Kingdom
561220,21212,PACK OF 72 RETROSPOT CAKE CASES,6,7/11/2011 16:09,0.55,15607.0,United Kingdom
561220,21755,LOVE BUILDING BLOCK WORD,24,7/11/2011 16:09,5.95,15607.0,United Kingdom
561220,22310,IVORY KNITTED MUG COSY,3,7/11/2011 16:09,1.65,15607.0,United Kingdom
561220,22623,BOX OF VINTAGE JIGSAW BLOCKS,48,7/11/2011 16:09,4.95,15607.0,United Kingdom
561272,84029G,KNITTED UNION FLAG HOT WATER BOTTLE,24,7/11/2011 19:22,3.39,17826.0,United Kingdom
561342,84879,ASSORTED COLOUR BIRD ORNAMENT,4,7/12/2011 10:48,1.69,,United Kingdom
561342,22310,IVORY KNITTED MUG COSY,2,7/12/2011 10:48,1.65,,United Kingdom
561342,22752,SET 7 BABUSHKA NESTING BOXES,48,7/12/2011 10:48,7.65,,United Kingdom
561392,22197,SMALL POPCORN HOLDER,4,7/13/2011 8:02,0.85,14530.0,United Kingdom
561392,22913,RED COAT RACK PARIS FASHION,12,7/13/2011 8:02,4.95,14530.0,United Kingdom
561392,22752,SET 7 BABUSHKA NESTING BOXES,12,7/13/2011 8:02,7.65,14530.0,United Kingdom
561392,71053,WHITE METAL LANTERN,3,7/13/2011 8:02,3.39,14530.0,United Kingdom
561392,85123A,WHITE HANGING HEART T-LIGHT HOLDER,2,7/13/2011 8:02,2.55,14530.0,United Kingdom
561392,22623,BOX OF VINTAGE JIGSAW BLOCKS,4,7/13/2011 8:02,4.95,14530.0,United Kingdom
561392,22310,IVORY KNITTED MUG COSY,48,7/13/2011 8:02,1.65,14530.0,United Kingdom
561392,47566,PARTY BUNTING,12,7/13/2011 8:02,4.95,14530.0,United Kingdom
561392,22720,SET OF 3 CAKE TINS PANTRY DESIGN,3,7/13/2011 8:02,4.95,14530.0,United Kingdom
561392,84406B,CREAM CUPID HEARTS COAT HANGER,48,7/13/2011 8:02,2.75,14530.0,United Kingdom
561392,22613,PACK OF 20 SPACEBOY NAPKINS,1,7/13/2011 8:02,0.85,14530.0,United Kingdom
561392,22633,HAND WARMER UNION JACK,12,7/13/2011 8:02,1.85,14530.0,United Kingdom
561392,22748,POPPY'S PLAYHOUSE KITCHEN,6,7/13/2011 8:02,2.1,14530.0,United Kingdom
561392,85099B,JUMBO BAG RED RETROSPOT,8,7/13/2011 8:02,1.95,14530.0,United Kingdom
561392,22197,SMALL POPCORN HOLDER,2,7/13/2011 8:02,0.85,14530.0,United Kingdom
561392,21730,GLASS STAR FROSTED T-LIGHT HOLDER,12,7/13/2011 8:02,4.25,14530.0,United Kingdom
561392,85123A,WHITE HANGING HEART T-LIGHT HOLDER,6,7/13/2011 8:02,2.55,14530.0,United Kingdom
561392,48187,DOORMAT NEW ENGLAND,24,7/13/2011 8:02,7.95,14530.0,United Kingdom
561463,22632,HAND WARMER RED POLKA DOT,24,7/13/2011 16:00,1.85,17813.0,United Kingdom
561463,84879,ASSORTED COLOUR BIRD ORNAMENT,8,7/13/2011 16:00,1.69,17813.0,United Kingdom
561463,20725,LUNCH BAG RED RETROSPOT,4,7/13/2011 16:00,1.65,17813.0,United Kingdom
561463,48187,DOORMAT NEW ENGLAND,4,7/13/2011 16:00,7.95,17813.0,United Kingdom
561463,22748,POPPY'S PLAYHOUSE KITCHEN,8,7/13/2011 16:00,2.1,17813.0,United Kingdom
561463,22745,POPPY'S PLAYHOUSE BEDROOM,1,7/13/2011 16:00,2.1,17813.0,United Kingdom
561463,23084,RABBIT NIGHT LIGHT,24,7/13/2011 16:00,2.08,17813.0,United Kingdom
561463,22623,BOX OF VINTAGE JIGSAW BLOCKS,8,7/13/2011 16:00,4.95,17813.0,United Kingdom
561463,47566,PARTY BUNTING,2,7/13/2011 16:00,4.95,17813.0,United Kingdom
561463,84406B,CREAM CUPID HEARTS COAT HANGER,2,7/13/2011 16:00,2.75,17813.0,United Kingdom
561463,22197,SMALL POPCORN HOLDER,3,7/13/2011 16:00,0.85,17813.0,United Kingdom
561463,84029G,KNITTED UNION FLAG HOT WATER BOTTLE,8,7/13/2011 16:00,3.39,17813.0,United Kingdom
561463,22632,HAND WARMER RED POLKA DOT,2,7/13/2011 16:00,1.85,17813.0,United Kingdom
561533,21212,PACK OF 72 RETROSPOT CAKE CASES,12,7/14/2011 8:14,0.55,12391.0,United Kingdom
561533,85123A,WHITE HANGING HEART T-LIGHT HOLDER,12,7/14/2011 8:14,2.55,12391.0,United Kingdom
561533,84029G,KNITTED UNION FLAG HOT WATER BOTTLE,1,7/14/2011 8:14,3.39,12391.0,United Kingdom
561533,21755,LOVE BUILDING BLOCK WORD,6,7/14/2011 8:14,5.95,12391.0,United Kingdom
561533,22623,BOX OF VINTAGE JIGSAW BLOCKS,12,7/14/2011 8:14,4.95,12391.0,United Kingdom
561533,22423,REGENCY CAKESTAND 3 TIER,8,7/14/2011 8:14,12.75,12391.0,United Kingdom
561533,22197,SMALL POPCORN HOLDER,3,7/14/2011 8:14,0.85,12391.0,United Kingdom
561533,47566,PARTY BUNTING,6,7/14/2011 8:14,4.95,12391.0,United Kingdom
561533,22720,SET OF 3 CAKE TINS PANTRY DESIGN,1,7/14/2011 8:14,4.95,12391.0,United Kingdom
561533,22720,SET OF 3 CAKE TINS PANTRY DESIGN,3,7/14/2011 8:14,4.95,12391.0,United Kingdom
561533,84029G,KNITTED UNION FLAG HOT WATER BOTTLE,24,7/14/2011 8:14,3.39,12391.0,United Kingdom
561533,84406B,CREAM CUPID HEARTS COAT HANGER,24,7/14/2011 8:14,2.75,12391.0,United Kingdom
561533,22632,HAND WARMER RED POLKA DOT,2,7/14/2011 8:14,1.85,12391.0,United Kingdom
561533,71053,WHITE METAL LANTERN,3,7/14/2011 8:14,3.39,12391.0,United Kingdom
561533,21754,HOME BUILDING BLOCK WORD,3,7/14/2011 8:14,5.95,12391.0,United Kingdom
561610,47566,PARTY BUNTING,6,7/14/2011 17:03,4.95,16790.0,United Kingdom
561610,85099B,JUMBO BAG RED RETROSPOT,48,7/14/2011 17:03,1.95,16790.0,United Kingdom
561610,71053,WHITE METAL LANTERN,12,7/14/2011 17:03,3.39,16790.0,United Kingdom
561610,47566,PARTY BUNTING,6,7/14/2011 17:03,4.95,16790.0,United Kingdom
561610,21755,LOVE BUILDING BLOCK WORD,24,7/14/2011 17:03,5.95,16790.0,United Kingdom
561685,71053,WHITE METAL LANTERN,48,7/15/2011 8:14,3.39,,United Kingdom
561685,47566,PARTY BUNTING,1,7/15/2011 8:14,4.95,,United Kingdom
561685,84969,BOX OF 6 ASSORTED COLOUR TEASPOONS,2,7/15/2011 8:14,4.25,,United Kingdom
561685,21754,HOME BUILDING BLOCK WORD,12,7/15/2011 8:14,5.95,,United Kingdom
561685,22720,SET OF 3 CAKE TINS PANTRY DESIGN,3,7/15/2011 8:14,4.95,,United Kingdom
561685,84879,ASSORTED COLOUR BIRD ORNAMENT,2,7/15/2011 8:14,1.69,,United Kingdom
561685,22423,REGENCY CAKESTAND 3 TIER,8,7/15/2011 8:14,12.75,,United Kingdom
561685,22197,SMALL POPCORN HOLDER,6,7/15/2011 8:14,0.85,,United Kingdom
561685,85123A,WHITE HANGING HEART T-LIGHT HOLDER,3,7/15/2011 8:14,2.55,,United Kingdom
561685,22960,JAM MAKING SET WITH JARS,6,7/15/2011 8:14,4.25,,United Kingdom
561685,21730,GLASS STAR FROSTED T-LIGHT HOLDER,8,7/15/2011 8:14,4.25,,United Kingdom
561685,85123A,WHITE HANGING HEART T-LIGHT HOLDER,2,7/15/2011 8:14,2.55,,United Kingdom
561685,22748,POPPY'S PLAYHOUSE KITCHEN,3,7/15/2011 8:14,2.1,,United Kingdom
561685,22423,REGENCY CAKESTAND 3 TIER,6,7/15/2011 8:14,12.75,,United Kingdom
561685,48187,DOORMAT NEW ENGLAND,6,7/15/2011 8:14,7.95,,United Kingdom
561685,47566,PARTY BUNTING,4,7/15/2011 8:14,4.95,,United Kingdom
561685,22310,IVORY KNITTED MUG COSY,8,7/15/2011 8:14,1.65,,United Kingdom
561685,22720,SET OF 3 CAKE TINS PANTRY DESIGN,12,7/15/2011 8:14,4.95,,United Kingdom
561685,22197,SMALL POPCORN HOLDER,24,7/15/2011 8:14,0.85,,United Kingdom
561685,47566,PARTY BUNTING,6,7/15/2011 8:14,4.95,,United Kingdom
561685,22748,POPPY'S PLAYHOUSE KITCHEN,6,7/15/2011 8:14,2.1,,United Kingdom
561726,22913,RED COAT RACK PARIS FASHION,4,7/15/2011 14:22,4.95,15895.0,Germany
561726,84029G,KNITTED UNION FLAG HOT WATER BOTTLE,24,7/15/2011 14:22,3.39,15895.0,Germany
561726,22623,BOX OF VINTAGE JIGSAW BLOCKS,48,7/15/2011 14:22,4.95,15895.0,Germany
561726,85123A,WHITE HANGING HEART T-LIGHT HOLDER,8,7/15/2011 14:22,2.55,15895.0,Germany
561726,84029G,KNITTED UNION FLAG HOT WATER BOTTLE,3,7/15/2011 14:22,3.39,15895.0,Germany
561726,22633,HAND WARMER UNION JACK,4,7/15/2011 14:22,1.85,15895.0,Germany
561726,22310,IVORY KNITTED MUG COSY,8,7/15/2011 14:22,1.65,15895.0,Germany
561726,22613,PACK OF 20 SPACEBOY NAPKINS,24,7/15/2011 14:22,0.85,15895.0,Germany
561787,21754,HOME BUILDING BLOCK WORD,1,7/15/2011 18:42,5.95,,United Kingdom
561787,22613,PACK OF 20 SPACEBOY NAPKINS,2,7/15/2011 18:42,0.85,,United Kingdom
561787,84406B,CREAM CUPID HEARTS COAT HANGER,8,7/15/2011 18:42,2.75,,United Kingdom
561787,22623,BOX OF VINTAGE JIGSAW BLOCKS,4,7/15/2011 18:42,4.95,,United Kingdom
561787,21754,HOME BUILDING BLOCK WORD,1,7/15/2011 18:42,5.95,,United Kingdom
561787,84029E,,4,7/15/2011 18:42,3.39,,United Kingdom
561787,21777,RECIPE BOX WITH METAL HEART,3,7/15/2011 18:42,7.95,,United Kingdom
561865,21212,PACK OF 72 RETROSPOT CAKE CASES,8,7/16/2011 9:10,0.55,16521.0,United Kingdom
561865,85123A,WHITE HANGING HEART T-LIGHT HOLDER,4,7/16/2011 9:10,2.55,16521.0,United Kingdom
561865,22197,SMALL POPCORN HOLDER,48,7/16/2011 9:10,0.85,16521.0,United Kingdom
561865,22960,JAM MAKING SET WITH JARS,24,7/16/2011 9:10,4.25,16521.0,United Kingdom
561865,22623,BOX OF VINTAGE JIGSAW BLOCKS,4,7/16/2011 9:10,4.95,16521.0,United Kingdom
561865,48187,DOORMAT NEW ENGLAND,8,7/16/2011 9:10,7.95,16521.0,United Kingdom
561865,84879,ASSORTED COLOUR BIRD ORNAMENT,1,7/16/2011 9:10,1.69,16521.0,United Kingdom
561865,21777,RECIPE BOX WITH METAL HEART,24,7/16/2011 9:10,7.95,16521.0,United Kingdom
561865,85099B,JUMBO BAG RED RETROSPOT,3,7/16/2011 9:10,1.95,16521.0,United Kingdom
561865,85123A,WHITE HANGING HEART T-LIGHT HOLDER,3,7/16/2011 9:10,2.55,16521.0,United Kingdom
561865,21730,GLASS STAR FROSTED T-LIGHT HOLDER,6,7/16/2011 9:10,4.25,16521.0,United Kingdom
561907,84029G,KNITTED UNION FLAG HOT WATER BOTTLE,6,7/16/2011 14:08,3.39,14359.0,United Kingdom
561907,23084,RABBIT NIGHT LIGHT,2,7/16/2011 14:08,2.08,14359.0,United Kingdom
561907,21777,RECIPE BOX WITH METAL HEART,2,7/16/2011 14:08,7.95,14359.0,United Kingdom
561907,21212,PACK OF 72 RETROSPOT CAKE CASES,1,7/16/2011 14:08,0.55,14359.0,United Kingdom
561907,23084,RABBIT NIGHT LIGHT,24,7/16/2011 14:08,2.08,14359.0,United Kingdom
561907,21212,PACK OF 72 RETROSPOT CAKE CASES,1,7/16/2011 14:08,0.55,14359.0,United Kingdom
561907,48187,DOORMAT NEW ENGLAND,24,7/16/2011 14:08,7.95,14359.0,United Kingdom
561907,48187,DOORMAT NEW ENGLAND,48,7/16/2011 14:08,7.95,14359.0,United Kingdom
561907,21212,PACK OF 72 RETROSPOT CAKE CASES,12,7/16/2011 14:08,0.55,14359.0,United Kingdom
561907,48187,DOORMAT NEW ENGLAND,4,7/16/2011 14:08,7.95,14359.0,United Kingdom
561907,22633,HAND WARMER UNION JACK,8,7/16/2011 14:08,1.85,14359.0,United Kingdom
561907,85123A,WHITE HANGING HEART T-LIGHT HOLDER,1,7/16/2011 14:08,2.55,14359.0,United Kingdom
561907,21730,GLASS STAR FROSTED T-LIGHT HOLDER,1,7/16/2011 14:08,4.25,14359.0,United Kingdom
561907,22632,HAND WARMER RED POLKA DOT,1,7/16/2011 14:08,1.85,14359.0,United Kingdom
561907,22623,BOX OF VINTAGE JIGSAW BLOCKS,6,7/16/2011 14:08,4.95,14359.0,United Kingdom
561907,23084,RABBIT NIGHT LIGHT,48,7/16/2011 14:08,2.08,14359.0,United Kingdom
561907,71053,WHITE METAL LANTERN,48,7/16/2011 14:08,3.39,14359.0,United Kingdom
561907,48187,DOORMAT NEW ENGLAND,1,7/16/2011 14:08,7.95,14359.0,United Kingdom
561985,23084,RABBIT NIGHT LIGHT,24,7/17/2011 8:27,2.08,12587.0,United Kingdom
561985,22913,RED COAT RACK PARIS FASHION,48,7/17/2011 8:27,4.95,12587.0,United Kingdom
561985,20725,LUNCH BAG RED RETROSPOT,6,7/17/2011 8:27,1.65,12587.0,United Kingdom
561985,22752,SET 7 BABUSHKA NESTING BOXES,6,7/17/2011 8:27,7.65,12587.0,United Kingdom
561985,22197,SMALL POPCORN HOLDER,3,7/17/2011 8:27,0.85,12587.0,United Kingdom
561985,84969,BOX OF 6 ASSORTED COLOUR TEASPOONS,1,7/17/2011 8:27,4.25,12587.0,United Kingdom
562028,84406B,CREAM CUPID HEARTS COAT HANGER,12,7/17/2011 15:03,2.75,,United Kingdom
562028,22423,REGENCY CAKESTAND 3 TIER,2,7/17/2011 15:03,12.75,,United Kingdom
562028,22960,JAM MAKING SET WITH JARS,2,7/17/2011 15:03,4.25,,United Kingdom
562028,22613,PACK OF 20 SPACEBOY NAPKINS,4,7/17/2011 15:03,0.85,,United Kingdom
562028,21754,HOME BUILDING BLOCK WORD,8,7/17/2011 15:03,5.95,,United Kingdom
562028,84406B,CREAM CUPID HEARTS COAT HANGER,1,7/17/2011 15:03,2.75,,United Kingdom
562028,71053,WHITE METAL LANTERN,12,7/17/2011 15:03,3.39,,United Kingdom
562028,84029E,RED WOOLLY HOTTIE WHITE HEART.,12,7/17/2011 15:03,3.39,,United Kingdom
562028,22310,IVORY KNITTED MUG COSY,2,7/17/2011 15:03,1.65,,United Kingdom
562028,47566,PARTY BUNTING,3,7/17/2011 15:03,4.95,,United Kingdom
562088,21777,RECIPE BOX WITH METAL HEART,2,7/18/2011 9:00,7.95,15412.0,Germany
562088,22633,HAND WARMER UNION JACK,4,7/18/2011 9:00,1.85,15412.0,Germany
562088,84029G,KNITTED UNION FLAG HOT WATER BOTTLE,3,7/18/2011 9:00,3.39,15412.0,Germany
562088,21755,LOVE BUILDING BLOCK WORD,8,7/18/2011 9:00,5.95,15412.0,Germany
562088,22752,SET 7 BABUSHKA NESTING BOXES,12,7/18/2011 9:00,7.65,15412.0,Germany
562088,22632,HAND WARMER RED POLKA DOT,24,7/18/2011 9:00,1.85,15412.0,Germany
562088,48187,DOORMAT NEW ENGLAND,24,7/18/2011 9:00,7.95,15412.0,Germany
562088,71053,WHITE METAL LANTERN,8,7/18/2011 9:00,3.39,15412.0,Germany
562088,22960,JAM MAKING SET WITH JARS,1,7/18/2011 9:00,4.25,15412.0,Germany
562088,22623,BOX OF VINTAGE JIGSAW BLOCKS,4,7/18/2011 9:00,4.95,15412.0,Germany
562088,22960,JAM MAKING SET WITH JARS,48,7/18/2011 9:00,4.25,15412.0,Germany
562088,22632,HAND WARMER RED POLKA DOT,48,7/18/2011 9:00,1.85,15412.0,Germany
562088,22748,POPPY'S PLAYHOUSE KITCHEN,48,7/18/2011 9:00,2.1,15412.0,Germany
562088,23084,RABBIT NIGHT LIGHT,6,7/18/2011 9:00,2.08,15412.0,Germany
562088,20725,LUNCH BAG RED RETROSPOT,3,7/18/2011 9:00,1.65,15412.0,Germany
562088,22623,BOX OF VINTAGE JIGSAW BLOCKS,2,7/18/2011 9:00,4.95,15412.0,Germany
562088,48187,DOORMAT NEW ENGLAND,8,7/18/2011 9:00,7.95,15412.0,Germany
562088,84879,ASSORTED COLOUR BIRD ORNAMENT,3,7/18/2011 9:00,1.69,15412.0,Germany
562088,22632,HAND WARMER RED POLKA DOT,24,7/18/2011 9:00,1.85,15412.0,Germany
562088,21212,PACK OF 72 RETROSPOT CAKE CASES,4,7/18/2011 9:00,0.55,15412.0,Germany
562088,21777,RECIPE BOX WITH METAL HEART,12,7/18/2011 9:00,7.95,15412.0,Germany
562135,84406B,CREAM CUPID HEARTS COAT HANGER,8,7/18/2011 15:54,2.75,15723.0,United Kingdom
562187,85099B,JUMBO BAG RED RETROSPOT,2,7/18/2011 19:18,1.95,18005.0,United Kingdom
562187,84969,BOX OF 6 ASSORTED COLOUR TEASPOONS,8,7/18/2011 19:18,4.25,18005.0,United Kingdom
562187,22745,POPPY'S PLAYHOUSE BEDROOM,6,7/18/2011 19:18,2.1,18005.0,United Kingdom
562187,22197,SMALL POPCORN HOLDER,12,7/18/2011 19:18,0.85,18005.0,United Kingdom
562187,84879,ASSORTED COLOUR BIRD ORNAMENT,12,7/18/2011 19:18,1.69,18005.0,United Kingdom
562187,84029G,KNITTED UNION FLAG HOT WATER BOTTLE,8,7/18/2011 19:18,3.39,18005.0,United Kingdom
562187,84879,ASSORTED COLOUR BIRD ORNAMENT,2,7/18/2011 19:18,1.69,18005.0,United Kingdom
562187,22633,HAND WARMER UNION JACK,24,7/18/2011 19:18,1.85,18005.0,United Kingdom
562187,22310,IVORY KNITTED MUG COSY,12,7/18/2011 19:18,1.65,18005.0,United Kingdom
562187,84406B,CREAM CUPID HEARTS COAT HANGER,1,7/18/2011 19:18,2.75,18005.0,United Kingdom
562187,22633,HAND WARMER UNION JACK,4,7/18/2011 19:18,1.85,18005.0,United Kingdom
562187,23084,RABBIT NIGHT LIGHT,1,7/18/2011 19:18,2.08,18005.0,United Kingdom
562187,84879,ASSORTED COLOUR BIRD ORNAMENT,6,7/18/2011 19:18,1.69,18005.0,United Kingdom
562250,22752,SET 7 BABUSHKA NESTING BOXES,12,7/19/2011 10:57,7.65,,United Kingdom
562250,84406B,CREAM CUPID HEARTS COAT HANGER,24,7/19/2011 10:57,2.75,,United Kingdom
562250,47566,PARTY BUNTING,1,7/19/2011 10:57,4.95,,United Kingdom
562250,22633,HAND WARMER UNION JACK,12,7/19/2011 10:57,1.85,,United Kingdom
562250,22633,HAND WARMER UNION JACK,6,7/19/2011 10:57,1.85,,United Kingdom
562250,22913,RED COAT RACK PARIS FASHION,2,7/19/2011 10:57,4.95,,United Kingdom
562250,22752,SET 7 BABUSHKA NESTING BOXES,24,7/19/2011 10:57,7.65,,United Kingdom
562250,48187,DOORMAT NEW ENGLAND,12,7/19/2011 10:57,7.95,,United Kingdom
562250,84969,BOX OF 6 ASSORTED COLOUR TEASPOONS,24,7/19/2011 10:57,4.25,,United Kingdom
562250,84969,BOX OF 6 ASSORTED COLOUR TEASPOONS,8,7/19/2011 10:57,4.25,,United Kingdom
562250,84879,ASSORTED COLOUR BIRD ORNAMENT,2,7/19/2011 10:57,1.69,,United Kingdom
562250,23084,RABBIT NIGHT LIGHT,4,7/19/2011 10:57,2.08,,United Kingdom
562250,22633,HAND WARMER UNION JACK,24,7/19/2011 10:57,1.85,,United Kingdom
562250,22197,SMALL POPCORN HOLDER,48,7/19/2011 10:57,0.85,,United Kingdom
562250,84029G,KNITTED UNION FLAG HOT WATER BOTTLE,4,7/19/2011 10:57,3.39,,United Kingdom
562250,22913,RED COAT RACK PARIS FASHION,4,7/19/2011 10:57,4.95,,United Kingdom
562250,22197,SMALL POPCORN HOLDER,8,7/19/2011 10:57,0.85,,United Kingdom
562250,22423,REGENCY CAKESTAND 3 TIER,12,7/19/2011 10:57,12.75,,United Kingdom
562250,22720,SET OF 3 CAKE TINS PANTRY DESIGN,12,7/19/2011 10:57,4.95,,United Kingdom
562290,84029G,KNITTED UNION FLAG HOT WATER BOTTLE,1,7/20/2011 11:15,3.39,,United Kingdom
562290,22745,POPPY'S PLAYHOUSE BEDROOM,24,7/20/2011 11:15,2.1,,United Kingdom
562290,84969,BOX OF 6 ASSORTED COLOUR TEASPOONS,4,7/20/2011 11:15,4.25,,United Kingdom
562337,84029G,KNITTED UNION FLAG HOT WATER BOTTLE,24,7/20/2011 17:57,3.39,17845.0,United Kingdom
562337,85123A,WHITE HANGING HEART T-LIGHT HOLDER,1,7/20/2011 17:57,2.55,17845.0,United Kingdom
562337,48187,DOORMAT NEW ENGLAND,6,7/20/2011 17:57,7.95,17845.0,United Kingdom
562337,84969,BOX OF 6 ASSORTED COLOUR TEASPOONS,2,7/20/2011 17:57,4.25,17845.0,United Kingdom
562337,23084,RABBIT NIGHT LIGHT,3,7/20/2011 17:57,2.08,17845.0,United Kingdom
562337,71053,WHITE METAL LANTERN,1,7/20/2011 17:57,3.39,17845.0,United Kingdom
562337,85099B,JUMBO BAG RED RETROSPOT,3,7/20/2011 17:57,1.95,17845.0,United Kingdom
562337,22745,POPPY'S PLAYHOUSE BEDROOM,3,7/20/2011 17:57,2.1,17845.0,United Kingdom
562337,20725,LUNCH BAG RED RETROSPOT,24,7/20/2011 17:57,1.65,17845.0,United Kingdom
562337,22748,POPPY'S PLAYHOUSE KITCHEN,6,7/20/2011 17:57,2.1,17845.0,United Kingdom
562337,84406B,CREAM CUPID HEARTS COAT HANGER,1,7/20/2011 17:57,2.75,17845.0,United Kingdom
562337,48187,DOORMAT NEW ENGLAND,48,7/20/2011 17:57,7.95,17845.0,United Kingdom
562337,22310,IVORY KNITTED MUG COSY,3,7/20/2011 17:57,1.65,17845.0,United Kingdom
562411,22623,BOX OF VINTAGE JIGSAW BLOCKS,2,7/21/2011 11:34,4.95,,United Kingdom
562411,21212,PACK OF 72 RETROSPOT CAKE CASES,3,7/21/2011 11:34,0.55,,United Kingdom
562411,85099B,JUMBO BAG RED RETROSPOT,8,7/21/2011 11:34,1.95,,United Kingdom
562411,20725,LUNCH BAG RED RETROSPOT,1,7/21/2011 11:34,1.65,,United Kingdom
562411,84969,BOX OF 6 ASSORTED COLOUR TEASPOONS,24,7/21/2011 11:34,4.25,,United Kingdom
562411,22633,HAND WARMER UNION JACK,6,7/21/2011 11:34,1.85,,United Kingdom
562411,22913,RED COAT RACK PARIS FASHION,6,7/21/2011 11:34,4.95,,United Kingdom
562411,23084,RABBIT NIGHT LIGHT,12,7/21/2011 11:34,2.08,,United Kingdom
562411,85123A,WHITE HANGING HEART T-LIGHT HOLDER,8,7/21/2011 11:34,2.55,,United Kingdom
562411,84879,ASSORTED COLOUR BIRD ORNAMENT,6,7/21/2011 11:34,1.69,,United Kingdom
562411,22310,IVORY KNITTED MUG COSY,48,7/21/2011 11:34,1.65,,United Kingdom
562411,22752,SET 7 BABUSHKA NESTING BOXES,1,7/21/2011 11:34,7.65,,United Kingdom
562411,84029G,KNITTED UNION FLAG HOT WATER BOTTLE,2,7/21/2011 11:34,3.39,,United Kingdom
562411,85099B,JUMBO BAG RED RETROSPOT,48,7/21/2011 11:34,1.95,,United Kingdom
562411,22623,BOX OF VINTAGE JIGSAW BLOCKS,2,7/21/2011 11:34,4.95,,United Kingdom
562411,22623,BOX OF VINTAGE JIGSAW BLOCKS,12,7/21/2011 11:34,4.95,,United Kingdom
562457,22720,SET OF 3 CAKE TINS PANTRY DESIGN,3,7/22/2011 8:37,4.95,17953.0,United Kingdom
562457,84879,ASSORTED COLOUR BIRD ORNAMENT,48,7/22/2011 8:37,1.69,17953.0,United Kingdom
562457,22633,HAND WARMER UNION JACK,4,7/22/2011 8:37,1.85,17953.0,United Kingdom
562457,22423,REGENCY CAKESTAND 3 TIER,48,7/22/2011 8:37,12.75,17953.0,United Kingdom
562457,21755,LOVE BUILDING BLOCK WORD,1,7/22/2011 8:37,5.95,17953.0,United Kingdom
562507,22960,JAM MAKING SET WITH JARS,6,7/22/2011 12:47,4.25,15538.0,United Kingdom
562507,22633,HAND WARMER UNION JACK,2,7/22/2011 12:47,1.85,15538.0,United Kingdom
562507,22197,SMALL POPCORN HOLDER,12,7/22/2011 12:47,0.85,15538.0,United Kingdom
562507,22423,REGENCY CAKESTAND 3 TIER,3,7/22/2011 12:47,12.75,15538.0,United Kingdom
562507,47566,PARTY BUNTING,1,7/22/2011 12:47,4.95,15538.0,United Kingdom
562507,21212,PACK OF 72 RETROSPOT CAKE CASES,8,7/22/2011 12:47,0.55,15538.0,United Kingdom
562507,84029E,RED WOOLLY HOTTIE WHITE HEART.,1,7/22/2011 12:47,3.39,15538.0,United Kingdom
562507,22913,RED COAT RACK PARIS FASHION,6,7/22/2011 12:47,4.95,15538.0,United Kingdom
562507,22720,SET OF 3 CAKE TINS PANTRY DESIGN,1,7/22/2011 12:47,4.95,15538.0,United Kingdom
562507,21754,HOME BUILDING BLOCK WORD,4,7/22/2011 12:47,5.95,15538.0,United Kingdom
562507,48187,DOORMAT NEW ENGLAND,24,7/22/2011 12:47,7.95,15538.0,United Kingdom
562507,21777,RECIPE BOX WITH METAL HEART,4,7/22/2011 12:47,7.95,15538.0,United Kingdom
562566,21754,HOME BUILDING BLOCK WORD,48,7/22/2011 18:42,5.95,,United Kingdom
562566,22310,IVORY KNITTED MUG COSY,48,7/22/2011 18:42,1.65,,United Kingdom
562566,21777,RECIPE BOX WITH METAL HEART,1,7/22/2011 18:42,7.95,,United Kingdom
562566,21777,RECIPE BOX WITH METAL HEART,8,7/22/2011 18:42,7.95,,United Kingdom
562566,84879,ASSORTED COLOUR BIRD ORNAMENT,2,7/22/2011 18:42,1.69,,United Kingdom
562566,22632,HAND WARMER RED POLKA DOT,4,7/22/2011 18:42,1.85,,United Kingdom
562566,71053,WHITE METAL LANTERN,8,7/22/2011 18:42,3.39,,United Kingdom
562566,84879,ASSORTED COLOUR BIRD ORNAMENT,3,7/22/2011 18:42,1.69,,United Kingdom
562566,21754,HOME BUILDING BLOCK WORD,6,7/22/2011 18:42,5.95,,United Kingdom
562634,22613,PACK OF 20 SPACEBOY NAPKINS,24,7/23/2011 11:54,0.85,18006.0,EIRE
562634,84406B,CREAM CUPID HEARTS COAT HANGER,24,7/23/2011 11:54,2.75,18006.0,EIRE
562634,84029E,RED WOOLLY HOTTIE WHITE HEART.,12,7/23/2011 11:54,3.39,18006.0,EIRE
562634,22613,PACK OF 20 SPACEBOY NAPKINS,8,7/23/2011 11:54,0.85,18006.0,EIRE
562634,22913,RED COAT RACK PARIS FASHION,8,7/23/2011 11:54,4.95,18006.0,EIRE
562634,21212,PACK OF 72 RETROSPOT CAKE CASES,24,7/23/2011 11:54,0.55,18006.0,EIRE
562634,22310,IVORY KNITTED MUG COSY,24,7/23/2011 11:54,1.65,18006.0,EIRE
562634,22197,SMALL POPCORN HOLDER,8,7/23/2011 11:54,0.85,18006.0,EIRE
562634,84029E,RED WOOLLY HOTTIE WHITE HEART.,1,7/23/2011 11:54,3.39,18006.0,EIRE
562634,22748,POPPY'S PLAYHOUSE KITCHEN,6,7/23/2011 11:54,2.1,18006.0,EIRE
562634,22632,HAND WARMER RED POLKA DOT,48,7/23/2011 11:54,1.85,18006.0,EIRE
562634,71053,WHITE METAL LANTERN,8,7/23/2011 11:54,3.39,18006.0,EIRE
562634,22623,BOX OF VINTAGE JIGSAW BLOCKS,8,7/23/2011 11:54,4.95,18006.0,EIRE
562634,84029E,RED WOOLLY HOTTIE WHITE HEART.,8,7/23/2011 11:54,3.39,18006.0,EIRE
562634,21730,GLASS STAR FROSTED T-LIGHT HOLDER,3,7/23/2011 11:54,4.25,18006.0,EIRE
562634,22623,BOX OF VINTAGE JIGSAW BLOCKS,12,7/23/2011 11:54,4.95,18006.0,EIRE
562634,84029G,KNITTED UNION FLAG HOT WATER BOTTLE,12,7/23/2011 11:54,3.39,18006.0,EIRE
562634,21755,LOVE BUILDING BLOCK WORD,1,7/23/2011 11:54,5.95,18006.0,EIRE
562634,22623,BOX OF VINTAGE JIGSAW BLOCKS,12,7/23/2011 11:54,4.95,18006.0,EIRE
562689,20725,LUNCH BAG RED RETROSPOT,12,7/23/2011 17:19,1.65,15466.0,United Kingdom
562689,23084,RABBIT NIGHT LIGHT,24,7/23/2011 17:19,2.08,15466.0,United Kingdom
562689,84029G,KNITTED UNION FLAG HOT WATER BOTTLE,2,7/23/2011 17:19,3.39,15466.0,United Kingdom
562689,71053,WHITE METAL LANTERN,4,7/23/2011 17:19,3.39,15466.0,United Kingdom
562689,22310,IVORY KNITTED MUG COSY,6,7/23/2011 17:19,1.65,15466.0,United Kingdom
562689,20725,LUNCH BAG RED RETROSPOT,4,7/23/2011 17:19,1.65,15466.0,United Kingdom
562689,22748,POPPY'S PLAYHOUSE KITCHEN,3,7/23/2011 17:19,2.1,15466.0,United Kingdom
562689,22913,RED COAT RACK PARIS FASHION,24,7/23/2011 17:19,4.95,15466.0,United Kingdom
562689,21212,PACK OF 72 RETROSPOT CAKE CASES,1,7/23/2011 17:19,0.55,15466.0,United Kingdom
562689,21730,GLASS STAR FROSTED T-LIGHT HOLDER,6,7/23/2011 17:19,4.25,15466.0,United Kingdom
562689,84406B,CREAM CUPID HEARTS COAT HANGER,24,7/23/2011 17:19,2.75,15466.0,United Kingdom
562757,22623,BOX OF VINTAGE JIGSAW BLOCKS,48,7/24/2011 8:22,4.95,13586.0,United Kingdom
562757,22197,SMALL POPCORN HOLDER,6,7/24/2011 8:22,0.85,13586.0,United Kingdom
562757,84406B,CREAM CUPID HEARTS COAT HANGER,4,7/24/2011 8:22,2.75,13586.0,United Kingdom
562757,85123A,WHITE HANGING HEART T-LIGHT HOLDER,3,7/24/2011 8:22,2.55,13586.0,United Kingdom
562757,22913,RED COAT RACK PARIS FASHION,4,7/24/2011 8:22,4.95,13586.0,United Kingdom
562757,22745,POPPY'S PLAYHOUSE BEDROOM,4,7/24/2011 8:22,2.1,13586.0,United Kingdom
562757,85123A,WHITE HANGING HEART T-LIGHT HOLDER,3,7/24/2011 8:22,2.55,13586.0,United Kingdom
562757,22423,REGENCY CAKESTAND 3 TIER,4,7/24/2011 8:22,12.75,13586.0,United Kingdom
562757,84969,BOX OF 6 ASSORTED COLOUR TEASPOONS,1,7/24/2011 8:22,4.25,13586.0,United Kingdom
562757,21754,HOME BUILDING BLOCK WORD,1,7/24/2011 8:22,5.95,13586.0,United Kingdom
562757,84029E,RED WOOLLY HOTTIE WHITE HEART.,1,7/24/2011 8:22,3.39,13586.0,United Kingdom
562757,22748,POPPY'S PLAYHOUSE KITCHEN,1,7/24/2011 8:22,2.1,13586.0,United Kingdom
562757,20725,LUNCH BAG RED RETROSPOT,4,7/24/2011 8:22,1.65,13586.0,United Kingdom
562757,48187,DOORMAT NEW ENGLAND,8,7/24/2011 8:22,7.95,13586.0,United Kingdom
562757,48187,DOORMAT NEW ENGLAND,3,7/24/2011 8:22,7.95,13586.0,United Kingdom
562757,20725,LUNCH BAG RED RETROSPOT,24,7/24/2011 8:22,1.65,13586.0,United Kingdom
562757,85123A,WHITE HANGING HEART T-LIGHT HOLDER,12,7/24/2011 8:22,2.55,13586.0,United Kingdom
562757,21755,LOVE BUILDING BLOCK WORD,4,7/24/2011 8:22,5.95,13586.0,United Kingdom
562757,21730,GLASS STAR FROSTED T-LIGHT HOLDER,4,7/24/2011 8:22,4.25,13586.0,United Kingdom
562807,22752,SET 7 BABUSHKA NESTING BOXES,24,7/24/2011 15:02,7.65,14520.0,United Kingdom
562807,21730,GLASS STAR FROSTED T-LIGHT HOLDER,1,7/24/2011 15:02,4.25,14520.0,United Kingdom
562807,85123A,WHITE HANGING HEART T-LIGHT HOLDER,12,7/24/2011 15:02,2.55,14520.0,United Kingdom
562807,71053,WHITE METAL LANTERN,1,7/24/2011 15:02,3.39,14520.0,United Kingdom
562807,22745,POPPY'S PLAYHOUSE BEDROOM,24,7/24/2011 15:02,2.1,14520.0,United Kingdom
562807,48187,DOORMAT NEW ENGLAND,24,7/24/2011 15:02,7.95,14520.0,United Kingdom
562807,21212,PACK OF 72 RETROSPOT CAKE CASES,1,7/24/2011 15:02,0.55,14520.0,United Kingdom
562807,20725,LUNCH BAG RED RETROSPOT,3,7/24/2011 15:02,1.65,14520.0,United Kingdom
562807,22633,HAND WARMER UNION JACK,1,7/24/2011 15:02,1.85,14520.0,United Kingdom
562807,22745,POPPY'S PLAYHOUSE BEDROOM,4,7/24/2011 15:02,2.1,14520.0,United Kingdom
562807,22197,SMALL POPCORN HOLDER,2,7/24/2011 15:02,0.85,14520.0,United Kingdom
562807,22310,IVORY KNITTED MUG COSY,6,7/24/2011 15:02,1.65,14520.0,United Kingdom
562807,84969,BOX OF 6 ASSORTED COLOUR TEASPOONS,48,7/24/2011 15:02,4.25,14520.0,United Kingdom
562878,22720,SET OF 3 CAKE TINS PANTRY DESIGN,8,7/25/2011 8:52,4.95,13216.0,United Kingdom
562878,22423,REGENCY CAKESTAND 3 TIER,24,7/25/2011 8:52,12.75,13216.0,United Kingdom
562878,22197,SMALL POPCORN HOLDER,3,7/25/2011 8:52,0.85,13216.0,United Kingdom
562878,71053,WHITE METAL LANTERN,48,7/25/2011 8:52,3.39,13216.0,United Kingdom
562932,22913,RED COAT RACK PARIS FASHION,1,7/26/2011 10:34,4.95,14859.0,United Kingdom
562932,85123A,WHITE HANGING HEART T-LIGHT HOLDER,1,7/26/2011 10:34,2.55,14859.0,United Kingdom
562932,71053,WHITE METAL LANTERN,24,7/26/2011 10:34,3.39,14859.0,United Kingdom
562973,23084,RABBIT NIGHT LIGHT,12,7/26/2011 15:16,2.08,16130.0,United Kingdom
562973,22613,PACK OF 20 SPACEBOY NAPKINS,48,7/26/2011 15:16,0.85,16130.0,United Kingdom
562973,84029E,RED WOOLLY HOTTIE WHITE HEART.,3,7/26/2011 15:16,3.39,16130.0,United Kingdom
562973,22613,PACK OF 20 SPACEBOY NAPKINS,2,7/26/2011 15:16,0.85,16130.0,United Kingdom
562973,20725,LUNCH BAG RED RETROSPOT,48,7/26/2011 15:16,1.65,16130.0,United Kingdom
562973,84969,BOX OF 6 ASSORTED COLOUR TEASPOONS,1,7/26/2011 15:16,4.25,16130.0,United Kingdom
562973,22913,RED COAT RACK PARIS FASHION,12,7/26/2011 15:16,4.95,16130.0,United Kingdom
562973,21754,HOME BUILDING BLOCK WORD,24,7/26/2011 15:16,5.95,16130.0,United Kingdom
562973,22752,SET 7 BABUSHKA NESTING BOXES,24,7/26/2011 15:16,7.65,16130.0,United Kingdom
562973,22633,HAND WARMER UNION JACK,3,7/26/2011 15:16,1.85,16130.0,United Kingdom
562973,23084,RABBIT NIGHT LIGHT,8,7/26/2011 15:16,2.08,16130.0,United Kingdom
562973,22632,HAND WARMER RED POLKA DOT,1,7/26/2011 15:16,1.85,16130.0,United Kingdom
562973,20725,LUNCH BAG RED RETROSPOT,24,7/26/2011 15:16,1.65,16130.0,United Kingdom
562973,48187,DOORMAT NEW ENGLAND,4,7/26/2011 15:16,7.95,16130.0,United Kingdom
562973,22745,POPPY'S PLAYHOUSE BEDROOM,4,7/26/2011 15:16,2.1,16130.0,United Kingdom
562973,84029G,KNITTED UNION FLAG HOT WATER BOTTLE,8,7/26/2011 15:16,3.39,16130.0,United Kingdom
563046,84969,BOX OF 6 ASSORTED COLOUR TEASPOONS,8,7/26/2011 19:55,4.25,12527.0,United Kingdom
563046,22913,RED COAT RACK PARIS FASHION,2,7/26/2011 19:55,4.95,12527.0,United Kingdom
563046,84406B,CREAM CUPID HEARTS COAT HANGER,8,7/26/2011 19:55,2.75,12527.0,United Kingdom
563046,85123A,WHITE HANGING HEART T-LIGHT HOLDER,1,7/26/2011 19:55,2.55,12527.0,United Kingdom
563046,71053,WHITE METAL LANTERN,24,7/26/2011 19:55,3.39,12527.0,United Kingdom
563046,21755,LOVE BUILDING BLOCK WORD,4,7/26/2011 19:55,5.95,12527.0,United Kingdom
563046,85099B,JUMBO BAG RED RETROSPOT,8,7/26/2011 19:55,1.95,12527.0,United Kingdom
563046,84969,BOX OF 6 ASSORTED COLOUR TEASPOONS,4,7/26/2011 19:55,4.25,12527.0,United Kingdom
563046,85123A,WHITE HANGING HEART T-LIGHT HOLDER,24,7/26/2011 19:55,2.55,12527.0,United Kingdom
563046,22913,RED COAT RACK PARIS FASHION,24,7/26/2011 19:55,4.95,12527.0,United Kingdom
563046,84406B,CREAM CUPID HEARTS COAT HANGER,2,7/26/2011 19:55,2.75,12527.0,United Kingdom
563046,48187,DOORMAT NEW ENGLAND,4,7/26/2011 19:55,7.95,12527.0,United Kingdom
563046,22632,HAND WARMER RED POLKA DOT,24,7/26/2011 19:55,1.85,12527.0,United Kingdom
563046,21755,LOVE BUILDING BLOCK WORD,8,7/26/2011 19:55,5.95,12527.0,United Kingdom
563046,47566,PARTY BUNTING,12,7/26/2011 19:55,4.95,12527.0,United Kingdom
563046,21754,HOME BUILDING BLOCK WORD,12,7/26/2011 19:55,5.95,12527.0,United Kingdom
563046,71053,WHITE METAL LANTERN,3,7/26/2011 19:55,3.39,12527.0,United Kingdom
563046,22633,HAND WARMER UNION JACK,8,7/26/2011 19:55,1.85,12527.0,United Kingdom
563046,22960,JAM MAKING SET WITH JARS,3,7/26/2011 19:55,4.25,12527.0,United Kingdom
563046,84406B,CREAM CUPID HEARTS COAT HANGER,2,7/26/2011 19:55,2.75,12527.0,United Kingdom
563046,84029E,RED WOOLLY HOTTIE WHITE HEART.,8,7/26/2011 19:55,3.39,12527.0,United Kingdom
563120,22613,PACK OF 20 SPACEBOY NAPKINS,48,7/27/2011 11:10,0.85,14354.0,United Kingdom
C563174,85123A,WHITE HANGING HEART T-LIGHT HOLDER,-8,7/27/2011 14:02,2.55,14134.0,United Kingdom
C563174,22623,BOX OF VINTAGE JIGSAW BLOCKS,-4,7/27/2011 14:02,4.95,14134.0,United Kingdom
C563174,47566,PARTY BUNTING,-3,7/27/2011 14:02,4.95,14134.0,United Kingdom
C563174,22960,JAM MAKING SET WITH JARS,-1,7/27/2011 14:02,4.25,14134.0,United Kingdom
C563174,21754,HOME BUILDING BLOCK WORD,-4,7/27/2011 14:02,5.95,14134.0,United Kingdom
C563174,22623,BOX OF VINTAGE JIGSAW BLOCKS,-1,7/27/2011 14:02,4.95,14134.0,United Kingdom
C563174,22748,POPPY'S PLAYHOUSE KITCHEN,-24,7/27/2011 14:02,2.1,14134.0,United Kingdom
C563174,22423,REGENCY CAKESTAND 3 TIER,-8,7/27/2011 14:02,12.75,14134.0,United Kingdom
C563174,22613,PACK OF 20 SPACEBOY NAPKINS,-48,7/27/2011 14:02,0.85,14134.0,United Kingdom
563229,22613,PACK OF 20 SPACEBOY NAPKINS,48,7/27/2011 19:45,0.85,,United Kingdom
563229,22423,REGENCY CAKESTAND 3 TIER,12,7/27/2011 19:45,12.75,,United Kingdom
563229,85123A,WHITE HANGING HEART T-LIGHT HOLDER,1,7/27/2011 19:45,2.55,,United Kingdom
563229,20725,LUNCH BAG RED RETROSPOT,1,7/27/2011 19:45,1.65,,United Kingdom
563229,21730,GLASS STAR FROSTED T-LIGHT HOLDER,4,7/27/2011 19:45,4.25,,United Kingdom
563229,23084,RABBIT NIGHT LIGHT,1,7/27/2011 19:45,2.08,,United Kingdom
563229,22633,HAND WARMER UNION JACK,2,7/27/2011 19:45,1.85,,United Kingdom
563289,21754,HOME BUILDING BLOCK WORD,2,7/28/2011 11:16,5.95,,United Kingdom
563289,20725,LUNCH BAG RED RETROSPOT,6,7/28/2011 11:16,1.65,,United Kingdom
563289,20725,LUNCH BAG RED RETROSPOT,1,7/28/2011 11:16,1.65,,United Kingdom
563289,22720,SET OF 3 CAKE TINS PANTRY DESIGN,24,7/28/2011 11:16,4.95,,United Kingdom
563289,21212,PACK OF 72 RETROSPOT CAKE CASES,4,7/28/2011 11:16,0.55,,United Kingdom
563289,84879,ASSORTED COLOUR BIRD ORNAMENT,48,7/28/2011 11:16,1.69,,United Kingdom
563289,85123A,WHITE HANGING HEART T-LIGHT HOLDER,24,7/28/2011 11:16,2.55,,United Kingdom
563289,84406B,CREAM CUPID HEARTS COAT HANGER,48,7/28/2011 11:16,2.75,,United Kingdom
563289,21754,HOME BUILDING BLOCK WORD,1,7/28/2011 11:16,5.95,,United Kingdom
563289,22960,JAM MAKING SET WITH JARS,8,7/28/2011 11:16,4.25,,United Kingdom
563289,84406B,CREAM CUPID HEARTS COAT HANGER,2,7/28/2011 11:16,2.75,,United Kingdom
563289,47566,PARTY BUNTING,24,7/28/2011 11:16,4.95,,United Kingdom
563289,22633,,4,7/28/2011 11:16,1.85,,United Kingdom
563289,84029E,RED WOOLLY HOTTIE WHITE HEART.,6,7/28/2011 11:16,3.39,,United Kingdom
563289,21777,,4,7/28/2011 11:16,7.95,,United Kingdom
563363,21730,GLASS STAR FROSTED T-LIGHT HOLDER,8,7/28/2011 18:43,4.25,,United Kingdom
563363,21755,LOVE BUILDING BLOCK WORD,2,7/28/2011 18:43,5.95,,United Kingdom
563363,22752,SET 7 BABUSHKA NESTING BOXES,2,7/28/2011 18:43,7.65,,United Kingdom
563363,22745,POPPY'S PLAYHOUSE BEDROOM,2,7/28/2011 18:43,2.1,,United Kingdom
563363,22613,,6,7/28/2011 18:43,0.85,,United Kingdom
563363,22623,BOX OF VINTAGE JIGSAW BLOCKS,24,7/28/2011 18:43,4.95,,United Kingdom
563363,22623,BOX OF VINTAGE JIGSAW BLOCKS,4,7/28/2011 18:43,4.95,,United Kingdom
563363,71053,WHITE METAL LANTERN,24,7/28/2011 18:43,3.39,,United Kingdom
563363,22720,SET OF 3 CAKE TINS PANTRY DESIGN,3,7/28/2011 18:43,4.95,,United Kingdom
563363,84406B,,8,7/28/2011 18:43,2.75,,United Kingdom
563363,22197,SMALL POPCORN HOLDER,3,7/28/2011 18:43,0.85,,United Kingdom
563363,84406B,CREAM CUPID HEARTS COAT HANGER,1,7/28/2011 18:43,2.75,,United Kingdom
563412,84969,BOX OF 6 ASSORTED COLOUR TEASPOONS,3,7/29/2011 8:35,4.25,16016.0,United Kingdom
563412,22913,RED COAT RACK PARIS FASHION,4,7/29/2011 8:35,4.95,16016.0,United Kingdom
563412,84879,ASSORTED COLOUR BIRD ORNAMENT,8,7/29/2011 8:35,1.69,16016.0,United Kingdom
563412,21212,PACK OF 72 RETROSPOT CAKE CASES,8,7/29/2011 8:35,0.55,16016.0,United Kingdom
563412,22632,HAND WARMER RED POLKA DOT,6,7/29/2011 8:35,1.85,16016.0,United Kingdom
563412,20725,LUNCH BAG RED RETROSPOT,4,7/29/2011 8:35,1.65,16016.0,United Kingdom
563412,22310,IVORY KNITTED MUG COSY,4,7/29/2011 8:35,1.65,16016.0,United Kingdom
563412,22310,IVORY KNITTED MUG COSY,4,7/29/2011 8:35,1.65,16016.0,United Kingdom
563412,21777,RECIPE BOX WITH METAL HEART,12,7/29/2011 8:35,7.95,16016.0,United Kingdom
563412,21777,RECIPE BOX WITH METAL HEART,3,7/29/2011 8:35,7.95,16016.0,United Kingdom
563412,85123A,WHITE HANGING HEART T-LIGHT HOLDER,2,7/29/2011 8:35,2.55,16016.0,United Kingdom
563412,22752,SET 7 BABUSHKA NESTING BOXES,1,7/29/2011 8:35,7.65,16016.0,United Kingdom
563412,22423,REGENCY CAKESTAND 3 TIER,48,7/29/2011 8:35,12.75,16016.0,United Kingdom
563412,22197,SMALL POPCORN HOLDER,4,7/29/2011 8:35,0.85,16016.0,United Kingdom
563412,22623,BOX OF VINTAGE JIGSAW BLOCKS,6,7/29/2011 8:35,4.95,16016.0,United Kingdom
563412,23084,RABBIT NIGHT LIGHT,3,7/29/2011 8:35,2.08,16016.0,United Kingdom
563412,23084,RABBIT NIGHT LIGHT,6,7/29/2011 8:35,2.08,16016.0,United Kingdom
563412,22197,SMALL POPCORN HOLDER,8,7/29/2011 8:35,0.85,16016.0,United Kingdom
563463,21730,GLASS STAR FROSTED T-LIGHT HOLDER,12,7/29/2011 15:38,4.25,15129.0,United Kingdom
563463,22632,HAND WARMER RED POLKA DOT,8,7/29/2011 15:38,1.85,15129.0,United Kingdom
563463,22913,RED COAT RACK PARIS FASHION,48,7/29/2011 15:38,4.95,15129.0,United Kingdom
563527,23084,RABBIT NIGHT LIGHT,12,7/29/2011 19:07,2.08,17503.0,United Kingdom
563527,47566,PARTY BUNTING,1,7/29/2011 19:07,4.95,17503.0,United Kingdom
563527,22310,IVORY KNITTED MUG COSY,24,7/29/2011 19:07,1.65,17503.0,United Kingdom
563527,22632,HAND WARMER RED POLKA DOT,8,7/29/2011 19:07,1.85,17503.0,United Kingdom
563527,84029G,KNITTED UNION FLAG HOT WATER BOTTLE,48,7/29/2011 19:07,3.39,17503.0,United Kingdom
563527,20725,LUNCH BAG RED RETROSPOT,3,7/29/2011 19:07,1.65,17503.0,United Kingdom
563570,21754,HOME BUILDING BLOCK WORD,6,7/30/2011 9:23,5.95,13803.0,United Kingdom
563570,22913,RED COAT RACK PARIS FASHION,2,7/30/2011 9:23,4.95,13803.0,United Kingdom
563570,84969,BOX OF 6 ASSORTED COLOUR TEASPOONS,8,7/30/2011 9:23,4.25,13803.0,United Kingdom
563643,21730,GLASS STAR FROSTED T-LIGHT HOLDER,2,7/30/2011 12:35,4.25,14904.0,United Kingdom
563711,47566,PARTY BUNTING,48,7/31/2011 8:37,4.95,13300.0,United Kingdom
563711,22960,JAM MAKING SET WITH JARS,4,7/31/2011 8:37,4.25,13300.0,United Kingdom
563711,21755,LOVE BUILDING BLOCK WORD,3,7/31/2011 8:37,5.95,13300.0,United Kingdom
563711,71053,WHITE METAL LANTERN,6,7/31/2011 8:37,3.39,13300.0,United Kingdom
563711,22913,RED COAT RACK PARIS FASHION,12,7/31/2011 8:37,4.95,13300.0,United Kingdom
563711,22752,SET 7 BABUSHKA NESTING BOXES,4,7/31/2011 8:37,7.65,13300.0,United Kingdom
563711,20725,LUNCH BAG RED RETROSPOT,3,7/31/2011 8:37,1.65,13300.0,United Kingdom
563711,22960,JAM MAKING SET WITH JARS,4,7/31/2011 8:37,4.25,13300.0,United Kingdom
563711,23084,RABBIT NIGHT LIGHT,48,7/31/2011 8:37,2.08,13300.0,United Kingdom
563711,21755,LOVE BUILDING BLOCK WORD,3,7/31/2011 8:37,5.95,13300.0,United Kingdom
563711,22752,SET 7 BABUSHKA NESTING BOXES,1,7/31/2011 8:37,7.65,13300.0,United Kingdom
563711,22752,SET 7 BABUSHKA NESTING BOXES,3,7/31/2011 8:37,7.65,13300.0,United Kingdom
563711,22197,SMALL POPCORN HOLDER,24,7/31/2011 8:37,0.85,13300.0,United Kingdom
563711,84879,ASSORTED COLOUR BIRD ORNAMENT,8,7/31/2011 8:37,1.69,13300.0,United Kingdom
563711,84406B,CREAM CUPID HEARTS COAT HANGER,2,7/31/2011 8:37,2.75,13300.0,United Kingdom
563711,20725,LUNCH BAG RED RETROSPOT,4,7/31/2011 8:37,1.65,13300.0,United Kingdom
563790,22423,REGENCY CAKESTAND 3 TIER,1,7/31/2011 13:43,12.75,17580.0,United Kingdom
563790,21754,HOME BUILDING BLOCK WORD,6,7/31/2011 13:43,5.95,17580.0,United Kingdom
563790,84029E,RED WOOLLY HOTTIE WHITE HEART.,12,7/31/2011 13:43,3.39,17580.0,United Kingdom
563790,22748,POPPY'S PLAYHOUSE KITCHEN,12,7/31/2011 13:43,2.1,17580.0,United Kingdom
563790,22613,PACK OF 20 SPACEBOY NAPKINS,24,7/31/2011 13:43,0.85,17580.0,United Kingdom
563790,22197,SMALL POPCORN HOLDER,6,7/31/2011 13:43,0.85,17580.0,United Kingdom
563790,47566,PARTY BUNTING,12,7/31/2011 13:43,4.95,17580.0,United Kingdom
563790,84879,ASSORTED COLOUR BIRD ORNAMENT,6,7/31/2011 13:43,1.69,17580.0,United Kingdom
563790,48187,DOORMAT NEW ENGLAND,3,7/31/2011 13:43,7.95,17580.0,United Kingdom
563790,84406B,CREAM CUPID HEARTS COAT HANGER,2,7/31/2011 13:43,2.75,17580.0,United Kingdom
563790,21730,GLASS STAR FROSTED T-LIGHT HOLDER,2,7/31/2011 13:43,4.25,17580.0,United Kingdom
563790,21730,GLASS STAR FROSTED T-LIGHT HOLDER,1,7/31/2011 13:43,4.25,17580.0,United Kingdom
563790,22960,JAM MAKING SET WITH JARS,12,7/31/2011 13:43,4.25,17580.0,United Kingdom
563790,22748,POPPY'S PLAYHOUSE KITCHEN,12,7/31/2011 13:43,2.1,17580.0,United Kingdom
563842,48187,DOORMAT NEW ENGLAND,12,8/1/2011 9:50,7.95,13708.0,United Kingdom
563842,84029G,KNITTED UNION FLAG HOT WATER BOTTLE,3,8/1/2011 9:50,3.39,13708.0,United Kingdom
563842,84029E,RED WOOLLY HOTTIE WHITE HEART.,4,8/1/2011 9:50,3.39,13708.0,United Kingdom
563842,22913,RED COAT RACK PARIS FASHION,8,8/1/2011 9:50,4.95,13708.0,United Kingdom
563842,84969,BOX OF 6 ASSORTED COLOUR TEASPOONS,24,8/1/2011 9:50,4.25,13708.0,United Kingdom
563842,84879,ASSORTED COLOUR BIRD ORNAMENT,12,8/1/2011 9:50,1.69,13708.0,United Kingdom
563842,85099B,JUMBO BAG RED RETROSPOT,6,8/1/2011 9:50,1.95,13708.0,United Kingdom
563842,48187,DOORMAT NEW ENGLAND,4,8/1/2011 9:50,7.95,13708.0,United Kingdom
563842,22752,SET 7 BABUSHKA NESTING BOXES,24,8/1/2011 9:50,7.65,13708.0,United Kingdom
563842,21755,LOVE BUILDING BLOCK WORD,2,8/1/2011 9:50,5.95,13708.0,United Kingdom
563842,22613,PACK OF 20 SPACEBOY NAPKINS,2,8/1/2011 9:50,0.85,13708.0,United Kingdom
563842,22960,JAM MAKING SET WITH JARS,6,8/1/2011 9:50,4.25,13708.0,United Kingdom
563842,21777,RECIPE BOX WITH METAL HEART,12,8/1/2011 9:50,7.95,13708.0,United Kingdom
563842,84969,BOX OF 6 ASSORTED COLOUR TEASPOONS,2,8/1/2011 9:50,4.25,13708.0,United Kingdom
563842,21754,HOME BUILDING BLOCK WORD,48,8/1/2011 9:50,5.95,13708.0,United Kingdom
563842,22197,SMALL POPCORN HOLDER,12,8/1/2011 9:50,0.85,13708.0,United Kingdom
563842,22752,SET 7 BABUSHKA NESTING BOXES,4,8/1/2011 9:50,7.65,13708.0,United Kingdom
563842,22748,POPPY'S PLAYHOUSE KITCHEN,24,8/1/2011 9:50,2.1,13708.0,United Kingdom
563842,84879,ASSORTED COLOUR BIRD ORNAMENT,12,8/1/2011 9:50,1.69,13708.0,United Kingdom
563909,23084,RABBIT NIGHT LIGHT,4,8/1/2011 17:55,2.08,15773.0,United Kingdom
563909,21755,LOVE BUILDING BLOCK WORD,3,8/1/2011 17:55,5.95,15773.0,United Kingdom
563909,22913,RED COAT RACK PARIS FASHION,1,8/1/2011 17:55,4.95,15773.0,United Kingdom
563909,22960,JAM MAKING SET WITH JARS,3,8/1/2011 17:55,4.25,15773.0,United Kingdom
563909,71053,WHITE METAL LANTERN,4,8/1/2011 17:55,3.39,15773.0,United Kingdom
563966,21212,PACK OF 72 RETROSPOT CAKE CASES,48,8/2/2011 9:30,0.55,12838.0,United Kingdom
563966,85123A,WHITE HANGING HEART T-LIGHT HOLDER,48,8/2/2011 9:30,2.55,12838.0,United Kingdom
563966,22720,SET OF 3 CAKE TINS PANTRY DESIGN,48,8/2/2011 9:30,4.95,12838.0,United Kingdom
563966,22745,POPPY'S PLAYHOUSE BEDROOM,8,8/2/2011 9:30,2.1,12838.0,United Kingdom
563966,22960,JAM MAKING SET WITH JARS,8,8/2/2011 9:30,4.25,12838.0,United Kingdom
563966,22613,PACK OF 20 SPACEBOY NAPKINS,24,8/2/2011 9:30,0.85,12838.0,United Kingdom
563966,84879,ASSORTED COLOUR BIRD ORNAMENT,4,8/2/2011 9:30,1.69,12838.0,United Kingdom
563966,48187,DOORMAT NEW ENGLAND,24,8/2/2011 9:30,7.95,12838.0,United Kingdom
563966,84406B,CREAM CUPID HEARTS COAT HANGER,24,8/2/2011 9:30,2.75,12838.0,United Kingdom
563966,22748,POPPY'S PLAYHOUSE KITCHEN,4,8/2/2011 9:30,2.1,12838.0,United Kingdom
563966,84879,ASSORTED COLOUR BIRD ORNAMENT,12,8/2/2011 9:30,1.69,12838.0,United Kingdom
563966,21777,RECIPE BOX WITH METAL HEART,1,8/2/2011 9:30,7.95,12838.0,United Kingdom
563966,21754,HOME BUILDING BLOCK WORD,1,8/2/2011 9:30,5.95,12838.0,United Kingdom
564013,22745,POPPY'S PLAYHOUSE BEDROOM,8,8/2/2011 15:38,2.1,16317.0,United Kingdom
564013,22748,POPPY'S PLAYHOUSE KITCHEN,8,8/2/2011 15:38,2.1,16317.0,United Kingdom
564013,85099B,JUMBO BAG RED RETROSPOT,48,8/2/2011 15:38,1.95,16317.0,United Kingdom
564013,22310,IVORY KNITTED MUG COSY,3,8/2/2011 15:38,1.65,16317.0,United Kingdom
564013,47566,PARTY BUNTING,3,8/2/2011 15:38,4.95,16317.0,United Kingdom
564013,22748,POPPY'S PLAYHOUSE KITCHEN,12,8/2/2011 15:38,2.1,16317.0,United Kingdom
564013,85123A,WHITE HANGING HEART T-LIGHT HOLDER,4,8/2/2011 15:38,2.55,16317.0,United Kingdom
564013,22633,HAND WARMER UNION JACK,24,8/2/2011 15:38,1.85,16317.0,United Kingdom
564013,22752,SET 7 BABUSHKA NESTING BOXES,8,8/2/2011 15:38,7.65,16317.0,United Kingdom
564013,21754,HOME BUILDING BLOCK WORD,1,8/2/2011 15:38,5.95,16317.0,United Kingdom
564091,22960,JAM MAKING SET WITH JARS,24,8/3/2011 9:33,4.25,16882.0,United Kingdom
564091,21730,GLASS STAR FROSTED T-LIGHT HOLDER,3,8/3/2011 9:33,4.25,16882.0,United Kingdom
564091,22633,HAND WARMER UNION JACK,12,8/3/2011 9:33,1.85,16882.0,United Kingdom
564091,22752,SET 7 BABUSHKA NESTING BOXES,4,8/3/2011 9:33,7.65,16882.0,United Kingdom
564091,22720,SET OF 3 CAKE TINS PANTRY DESIGN,6,8/3/2011 9:33,4.95,16882.0,United Kingdom
564091,84969,BOX OF 6 ASSORTED COLOUR TEASPOONS,2,8/3/2011 9:33,4.25,16882.0,United Kingdom
564091,48187,DOORMAT NEW ENGLAND,8,8/3/2011 9:33,7.95,16882.0,United Kingdom
564091,22632,HAND WARMER RED POLKA DOT,6,8/3/2011 9:33,1.85,16882.0,United Kingdom
564133,21754,HOME BUILDING BLOCK WORD,1,8/3/2011 15:17,5.95,17856.0,United Kingdom
564133,85123A,WHITE HANGING HEART T-LIGHT HOLDER,12,8/3/2011 15:17,2.55,17856.0,United Kingdom
564133,71053,WHITE METAL LANTERN,6,8/3/2011 15:17,3.39,17856.0,United Kingdom
564133,21777,RECIPE BOX WITH METAL HEART,48,8/3/2011 15:17,7.95,17856.0,United Kingdom
564133,22623,BOX OF VINTAGE JIGSAW BLOCKS,24,8/3/2011 15:17,4.95,17856.0,United Kingdom
564133,22613,PACK OF 20 SPACEBOY NAPKINS,2,8/3/2011 15:17,0.85,17856.0,United Kingdom
564133,21777,RECIPE BOX WITH METAL HEART,6,8/3/2011 15:17,7.95,17856.0,United Kingdom
564133,21754,HOME BUILDING BLOCK WORD,2,8/3/2011 15:17,5.95,17856.0,United Kingdom
564133,22960,JAM MAKING SET WITH JARS,48,8/3/2011 15:17,4.25,17856.0,United Kingdom
564133,22423,REGENCY CAKESTAND 3 TIER,6,8/3/2011 15:17,12.75,17856.0,United Kingdom
564133,85123A,WHITE HANGING HEART T-LIGHT HOLDER,4,8/3/2011 15:17,2.55,17856.0,United Kingdom
564133,84029E,RED WOOLLY HOTTIE WHITE HEART.,6,8/3/2011 15:17,3.39,17856.0,United Kingdom
564133,22960,JAM MAKING SET WITH JARS,48,8/3/2011 15:17,4.25,17856.0,United Kingdom
564133,84406B,CREAM CUPID HEARTS COAT HANGER,12,8/3/2011 15:17,2.75,17856.0,United Kingdom
564209,22623,BOX OF VINTAGE JIGSAW BLOCKS,48,8/4/2011 11:00,4.95,,United Kingdom
564209,22745,,12,8/4/2011 11:00,2.1,,United Kingdom
564209,84029E,RED WOOLLY HOTTIE WHITE HEART.,12,8/4/2011 11:00,3.39,,United Kingdom
564209,85099B,JUMBO BAG RED RETROSPOT,6,8/4/2011 11:00,1.95,,United Kingdom
564209,22720,SET OF 3 CAKE TINS PANTRY DESIGN,4,8/4/2011 11:00,4.95,,United Kingdom
564209,22623,BOX OF VINTAGE JIGSAW BLOCKS,24,8/4/2011 11:00,4.95,,United Kingdom
564209,22423,REGENCY CAKESTAND 3 TIER,48,8/4/2011 11:00,12.75,,United Kingdom
564209,21212,PACK OF 72 RETROSPOT CAKE CASES,48,8/4/2011 11:00,0.55,,United Kingdom
564209,85123A,WHITE HANGING HEART T-LIGHT HOLDER,8,8/4/2011 11:00,2.55,,United Kingdom
564209,22613,PACK OF 20 SPACEBOY NAPKINS,48,8/4/2011 11:00,0.85,,United Kingdom
564209,22745,POPPY'S PLAYHOUSE BEDROOM,1,8/4/2011 11:00,2.1,,United Kingdom
564209,23084,RABBIT NIGHT LIGHT,4,8/4/2011 11:00,2.08,,United Kingdom
564280,23084,RABBIT NIGHT LIGHT,6,8/4/2011 18:42,2.08,16603.0,United Kingdom
564280,22197,SMALL POPCORN HOLDER,1,8/4/2011 18:42,0.85,16603.0,United Kingdom
564280,21755,LOVE BUILDING BLOCK WORD,24,8/4/2011 18:42,5.95,16603.0,United Kingdom
564280,22197,SMALL POPCORN HOLDER,48,8/4/2011 18:42,0.85,16603.0,United Kingdom
564280,22197,SMALL POPCORN HOLDER,2,8/4/2011 18:42,0.85,16603.0,United Kingdom
564280,21755,LOVE BUILDING BLOCK WORD,2,8/4/2011 18:42,5.95,16603.0,United Kingdom
564280,22632,HAND WARMER RED POLKA DOT,12,8/4/2011 18:42,1.85,16603.0,United Kingdom
564280,21754,HOME BUILDING BLOCK WORD,12,8/4/2011 18:42,5.95,16603.0,United Kingdom
564280,85123A,WHITE HANGING HEART T-LIGHT HOLDER,4,8/4/2011 18:42,2.55,16603.0,United Kingdom
564280,22913,RED COAT RACK PARIS FASHION,48,8/4/2011 18:42,4.95,16603.0,United Kingdom
564280,22752,SET 7 BABUSHKA NESTING BOXES,1,8/4/2011 18:42,7.65,16603.0,United Kingdom
564280,84879,ASSORTED COLOUR BIRD ORNAMENT,1,8/4/2011 18:42,1.69,16603.0,United Kingdom
564327,21754,HOME BUILDING BLOCK WORD,12,8/5/2011 11:27,5.95,15328.0,United Kingdom
564327,20725,LUNCH BAG RED RETROSPOT,48,8/5/2011 11:27,1.65,15328.0,United Kingdom
564327,22633,HAND WARMER UNION JACK,48,8/5/2011 11:27,1.85,15328.0,United Kingdom
564327,22748,POPPY'S PLAYHOUSE KITCHEN,2,8/5/2011 11:27,2.1,15328.0,United Kingdom
564327,84879,ASSORTED COLOUR BIRD ORNAMENT,4,8/5/2011 11:27,1.69,15328.0,United Kingdom
564327,22310,IVORY KNITTED MUG COSY,6,8/5/2011 11:27,1.65,15328.0,United Kingdom
564327,22423,REGENCY CAKESTAND 3 TIER,24,8/5/2011 11:27,12.75,15328.0,United Kingdom
564327,21730,GLASS STAR FROSTED T-LIGHT HOLDER,12,8/5/2011 11:27,4.25,15328.0,United Kingdom
564327,21730,GLASS STAR FROSTED T-LIGHT HOLDER,2,8/5/2011 11:27,4.25,15328.0,United Kingdom
564327,47566,PARTY BUNTING,8,8/5/2011 11:27,4.95,15328.0,United Kingdom
564327,22720,SET OF 3 CAKE TINS PANTRY DESIGN,4,8/5/2011 11:27,4.95,15328.0,United Kingdom
564327,22197,SMALL POPCORN HOLDER,4,8/5/2011 11:27,0.85,15328.0,United Kingdom
564327,22913,RED COAT RACK PARIS FASHION,4,8/5/2011 11:27,4.95,15328.0,United Kingdom
564327,84029G,KNITTED UNION FLAG HOT WATER BOTTLE,2,8/5/2011 11:27,3.39,15328.0,United Kingdom
564327,22632,HAND WARMER RED POLKA DOT,1,8/5/2011 11:27,1.85,15328.0,United Kingdom
564327,22423,REGENCY CAKESTAND 3 TIER,2,8/5/2011 11:27,12.75,15328.0,United Kingdom
564327,84406B,CREAM CUPID HEARTS COAT HANGER,3,8/5/2011 11:27,2.75,15328.0,United Kingdom
564327,22632,HAND WARMER RED POLKA DOT,2,8/5/2011 11:27,1.85,15328.0,United Kingdom
564327,85123A,WHITE HANGING HEART T-LIGHT HOLDER,2,8/5/2011 11:27,2.55,15328.0,United Kingdom
564327,22197,SMALL POPCORN HOLDER,8,8/5/2011 11:27,0.85,15328.0,United Kingdom
564327,21754,HOME BUILDING BLOCK WORD,24,8/5/2011 11:27,5.95,15328.0,United Kingdom
564327,22745,POPPY'S PLAYHOUSE BEDROOM,24,8/5/2011 11:27,2.1,15328.0,United Kingdom
564327,22310,IVORY KNITTED MUG COSY,12,8/5/2011 11:27,1.65,15328.0,United Kingdom
564327,22613,PACK OF 20 SPACEBOY NAPKINS,2,8/5/2011 11:27,0.85,15328.0,United Kingdom
564376,22960,JAM MAKING SET WITH JARS,24,8/6/2011 10:12,4.25,,United Kingdom
564376,22745,POPPY'S PLAYHOUSE BEDROOM,3,8/6/2011 10:12,2.1,,United Kingdom
564376,22633,HAND WARMER UNION JACK,48,8/6/2011 10:12,1.85,,United Kingdom
564434,22960,JAM MAKING SET WITH JARS,4,8/6/2011 19:30,4.25,14041.0,United Kingdom
564434,22423,REGENCY CAKESTAND 3 TIER,4,8/6/2011 19:30,12.75,14041.0,United Kingdom
564434,22720,SET OF 3 CAKE TINS PANTRY DESIGN,2,8/6/2011 19:30,4.95,14041.0,United Kingdom
564434,22745,POPPY'S PLAYHOUSE BEDROOM,6,8/6/2011 19:30,2.1,14041.0,United Kingdom
564434,22745,POPPY'S PLAYHOUSE BEDROOM,8,8/6/2011 19:30,2.1,14041.0,United Kingdom
564434,21777,RECIPE BOX WITH METAL HEART,6,8/6/2011 19:30,7.95,14041.0,United Kingdom
564434,21730,GLASS STAR FROSTED T-LIGHT HOLDER,48,8/6/2011 19:30,4.25,14041.0,United Kingdom
564434,84969,BOX OF 6 ASSORTED COLOUR TEASPOONS,24,8/6/2011 19:30,4.25,14041.0,United Kingdom
564484,22310,IVORY KNITTED MUG COSY,6,8/7/2011 10:56,1.65,12468.0,United Kingdom
564484,21212,PACK OF 72 RETROSPOT CAKE CASES,12,8/7/2011 10:56,0.55,12468.0,United Kingdom
564484,85099B,JUMBO BAG RED RETROSPOT,6,8/7/2011 10:56,1.95,12468.0,United Kingdom
564484,84029G,KNITTED UNION FLAG HOT WATER BOTTLE,48,8/7/2011 10:56,3.39,12468.0,United Kingdom
564484,84879,ASSORTED COLOUR BIRD ORNAMENT,12,8/7/2011 10:56,1.69,12468.0,United Kingdom
564484,84879,ASSORTED COLOUR BIRD ORNAMENT,2,8/7/2011 10:56,1.69,12468.0,United Kingdom
564484,48187,DOORMAT NEW ENGLAND,3,8/7/2011 10:56,7.95,12468.0,United Kingdom
564484,22633,HAND WARMER UNION JACK,6,8/7/2011 10:56,1.85,12468.0,United Kingdom
564484,84969,BOX OF 6 ASSORTED COLOUR TEASPOONS,48,8/7/2011 10:56,4.25,12468.0,United Kingdom
564484,21755,LOVE BUILDING BLOCK WORD,2,8/7/2011 10:56,5.95,12468.0,United Kingdom
564558,48187,DOORMAT NEW ENGLAND,6,8/7/2011 18:20,7.95,14640.0,United Kingdom
564558,84406B,CREAM CUPID HEARTS COAT HANGER,1,8/7/2011 18:20,2.75,14640.0,United Kingdom
564626,71053,WHITE METAL LANTERN,8,8/8/2011 10:00,3.39,,United Kingdom
564694,22748,POPPY'S PLAYHOUSE KITCHEN,12,8/8/2011 16:04,2.1,15072.0,United Kingdom
564694,22748,POPPY'S PLAYHOUSE KITCHEN,8,8/8/2011 16:04,2.1,15072.0,United Kingdom
564694,85099B,JUMBO BAG RED RETROSPOT,2,8/8/2011 16:04,1.95,15072.0,United Kingdom
564694,22633,HAND WARMER UNION JACK,8,8/8/2011 16:04,1.85,15072.0,United Kingdom
564694,21754,HOME BUILDING BLOCK WORD,2,8/8/2011 16:04,5.95,15072.0,United Kingdom
564694,85123A,WHITE HANGING HEART T-LIGHT HOLDER,1,8/8/2011 16:04,2.55,15072.0,United Kingdom
564694,22310,IVORY KNITTED MUG COSY,24,8/8/2011 16:04,1.65,15072.0,United Kingdom
564694,22633,HAND WARMER UNION JACK,4,8/8/2011 16:04,1.85,15072.0,United Kingdom
564694,21755,LOVE BUILDING BLOCK WORD,4,8/8/2011 16:04,5.95,15072.0,United Kingdom
564694,71053,WHITE METAL LANTERN,12,8/8/2011 16:04,3.39,15072.0,United Kingdom
564694,22197,SMALL POPCORN HOLDER,24,8/8/2011 16:04,0.85,15072.0,United Kingdom
564694,23084,RABBIT NIGHT LIGHT,2,8/8/2011 16:04,2.08,15072.0,United Kingdom
564694,71053,WHITE METAL LANTERN,24,8/8/2011 16:04,3.39,15072.0,United Kingdom
564694,22633,HAND WARMER UNION JACK,12,8/8/2011 16:04,1.85,15072.0,United Kingdom
564694,84029G,KNITTED UNION FLAG HOT WATER BOTTLE,3,8/8/2011 16:04,3.39,15072.0,United Kingdom
564752,21777,RECIPE BOX WITH METAL HEART,3,8/9/2011 9:08,7.95,,United Kingdom
564752,22913,,48,8/9/2011 9:08,4.95,,United Kingdom
564752,22748,POPPY'S PLAYHOUSE KITCHEN,3,8/9/2011 9:08,2.1,,United Kingdom
564752,85123A,,4,8/9/2011 9:08,2.55,,United Kingdom
564752,71053,WHITE METAL LANTERN,12,8/9/2011 9:08,3.39,,United Kingdom
564752,48187,DOORMAT NEW ENGLAND,2,8/9/2011 9:08,7.95,,United Kingdom
564752,22720,SET OF 3 CAKE TINS PANTRY DESIGN,12,8/9/2011 9:08,4.95,,United Kingdom
564752,22745,POPPY'S PLAYHOUSE BEDROOM,24,8/9/2011 9:08,2.1,,United Kingdom
564752,22748,,4,8/9/2011 9:08,2.1,,United Kingdom
564752,85123A,WHITE HANGING HEART T-LIGHT HOLDER,2,8/9/2011 9:08,2.55,,United Kingdom
564752,85099B,JUMBO BAG RED RETROSPOT,48,8/9/2011 9:08,1.95,,United Kingdom
564752,22913,RED COAT RACK PARIS FASHION,4,8/9/2011 9:08,4.95,,United Kingdom
564752,22613,PACK OF 20 SPACEBOY NAPKINS,6,8/9/2011 9:08,0.85,,United Kingdom
564752,22720,SET OF 3 CAKE TINS PANTRY DESIGN,4,8/9/2011 9:08,4.95,,United Kingdom
564752,22720,SET OF 3 CAKE TINS PANTRY DESIGN,8,8/9/2011 9:08,4.95,,United Kingdom
564807,22633,HAND WARMER UNION JACK,6,8/9/2011 15:33,1.85,14463.0,United Kingdom
564807,23084,RABBIT NIGHT LIGHT,1,8/9/2011 15:33,2.08,14463.0,United Kingdom
564807,21212,PACK OF 72 RETROSPOT CAKE CASES,2,8/9/2011 15:33,0.55,14463.0,United Kingdom
564807,22745,POPPY'S PLAYHOUSE BEDROOM,3,8/9/2011 15:33,2.1,14463.0,United Kingdom
564807,48187,DOORMAT NEW ENGLAND,8,8/9/2011 15:33,7.95,14463.0,United Kingdom
564807,22720,SET OF 3 CAKE TINS PANTRY DESIGN,12,8/9/2011 15:33,4.95,14463.0,United Kingdom
564807,22633,HAND WARMER UNION JACK,24,8/9/2011 15:33,1.85,14463.0,United Kingdom
564807,22720,SET OF 3 CAKE TINS PANTRY DESIGN,6,8/9/2011 15:33,4.95,14463.0,United Kingdom
564807,21754,HOME BUILDING BLOCK WORD,12,8/9/2011 15:33,5.95,14463.0,United Kingdom
564807,20725,LUNCH BAG RED RETROSPOT,48,8/9/2011 15:33,1.65,14463.0,United Kingdom
564807,47566,PARTY BUNTING,6,8/9/2011 15:33,4.95,14463.0,United Kingdom
564807,22197,SMALL POPCORN HOLDER,24,8/9/2011 15:33,0.85,14463.0,United Kingdom
564807,22913,RED COAT RACK PARIS FASHION,3,8/9/2011 15:33,4.95,14463.0,United Kingdom
564807,21755,LOVE BUILDING BLOCK WORD,3,8/9/2011 15:33,5.95,14463.0,United Kingdom
564807,20725,LUNCH BAG RED RETROSPOT,1,8/9/2011 15:33,1.65,14463.0,United Kingdom
564807,47566,PARTY BUNTING,1,8/9/2011 15:33,4.95,14463.0,United Kingdom
564807,85123A,WHITE HANGING HEART T-LIGHT HOLDER,2,8/9/2011 15:33,2.55,14463.0,United Kingdom
564807,22752,SET 7 BABUSHKA NESTING BOXES,4,8/9/2011 15:33,7.65,14463.0,United Kingdom
564807,84879,ASSORTED COLOUR BIRD ORNAMENT,8,8/9/2011 15:33,1.69,14463.0,United Kingdom
564807,22960,JAM MAKING SET WITH JARS,6,8/9/2011 15:33,4.25,14463.0,United Kingdom
564807,22745,POPPY'S PLAYHOUSE BEDROOM,4,8/9/2011 15:33,2.1,14463.0,United Kingdom
564807,21212,PACK OF 72 RETROSPOT CAKE CASES,8,8/9/2011 15:33,0.55,14463.0,United Kingdom
564807,22632,HAND WARMER RED POLKA DOT,2,8/9/2011 15:33,1.85,14463.0,United Kingdom
564856,84406B,CREAM CUPID HEARTS COAT HANGER,6,8/10/2011 9:56,2.75,17958.0,United Kingdom
564856,84029G,KNITTED UNION FLAG HOT WATER BOTTLE,6,8/10/2011 9:56,3.39,17958.0,United Kingdom
564856,22613,PACK OF 20 SPACEBOY NAPKINS,1,8/10/2011 9:56,0.85,17958.0,United Kingdom
564856,47566,PARTY BUNTING,1,8/10/2011 9:56,4.95,17958.0,United Kingdom
564856,22197,SMALL POPCORN HOLDER,24,8/10/2011 9:56,0.85,17958.0,United Kingdom
564856,22633,HAND WARMER UNION JACK,1,8/10/2011 9:56,1.85,17958.0,United Kingdom
564856,47566,PARTY BUNTING,48,8/10/2011 9:56,4.95,17958.0,United Kingdom
564856,84406B,CREAM CUPID HEARTS COAT HANGER,24,8/10/2011 9:56,2.75,17958.0,United Kingdom
564856,21777,RECIPE BOX WITH METAL HEART,4,8/10/2011 9:56,7.95,17958.0,United Kingdom
564856,21730,GLASS STAR FROSTED T-LIGHT HOLDER,6,8/10/2011 9:56,4.25,17958.0,United Kingdom
564856,22613,PACK OF 20 SPACEBOY NAPKINS,24,8/10/2011 9:56,0.85,17958.0,United Kingdom
564856,22423,REGENCY CAKESTAND 3 TIER,8,8/10/2011 9:56,12.75,17958.0,United Kingdom
564856,22197,SMALL POPCORN HOLDER,24,8/10/2011 9:56,0.85,17958.0,United Kingdom
564856,85099B,JUMBO BAG RED RETROSPOT,48,8/10/2011 9:56,1.95,17958.0,United Kingdom
564856,71053,WHITE METAL LANTERN,48,8/10/2011 9:56,3.39,17958.0,United Kingdom
564856,22913,RED COAT RACK PARIS FASHION,6,8/10/2011 9:56,4.95,17958.0,United Kingdom
564856,84029G,KNITTED UNION FLAG HOT WATER BOTTLE,8,8/10/2011 9:56,3.39,17958.0,United Kingdom
564856,21754,HOME BUILDING BLOCK WORD,8,8/10/2011 9:56,5.95,17958.0,United Kingdom
564856,21212,PACK OF 72 RETROSPOT CAKE CASES,1,8/10/2011 9:56,0.55,17958.0,United Kingdom
564856,22632,HAND WARMER RED POLKA DOT,1,8/10/2011 9:56,1.85,17958.0,United Kingdom
564856,47566,PARTY BUNTING,4,8/10/2011 9:56,4.95,17958.0,United Kingdom
564856,21755,LOVE BUILDING BLOCK WORD,1,8/10/2011 9:56,5.95,17958.0,United Kingdom
564924,21755,LOVE BUILDING BLOCK WORD,2,8/10/2011 15:03,5.95,14889.0,United Kingdom
564924,22310,IVORY KNITTED MUG COSY,2,8/10/2011 15:03,1.65,14889.0,United Kingdom
564924,22748,POPPY'S PLAYHOUSE KITCHEN,12,8/10/2011 15:03,2.1,14889.0,United Kingdom
564924,22720,SET OF 3 CAKE TINS PANTRY DESIGN,6,8/10/2011 15:03,4.95,14889.0,United Kingdom
564924,22197,SMALL POPCORN HOLDER,4,8/10/2011 15:03,0.85,14889.0,United Kingdom
564924,84969,BOX OF 6 ASSORTED COLOUR TEASPOONS,2,8/10/2011 15:03,4.25,14889.0,United Kingdom
564924,84029E,RED WOOLLY HOTTIE WHITE HEART.,24,8/10/2011 15:03,3.39,14889.0,United Kingdom
564924,84029G,KNITTED UNION FLAG HOT WATER BOTTLE,12,8/10/2011 15:03,3.39,14889.0,United Kingdom
564924,47566,PARTY BUNTING,1,8/10/2011 15:03,4.95,14889.0,United Kingdom
564924,85099B,JUMBO BAG RED RETROSPOT,4,8/10/2011 15:03,1.95,14889.0,United Kingdom
564924,22310,IVORY KNITTED MUG COSY,1,8/10/2011 15:03,1.65,14889.0,United Kingdom
564924,22632,HAND WARMER RED POLKA DOT,1,8/10/2011 15:03,1.85,14889.0,United Kingdom
564924,22752,SET 7 BABUSHKA NESTING BOXES,3,8/10/2011 15:03,7.65,14889.0,United Kingdom
564924,84969,BOX OF 6 ASSORTED COLOUR TEASPOONS,4,8/10/2011 15:03,4.25,14889.0,United Kingdom
564924,22632,HAND WARMER RED POLKA DOT,24,8/10/2011 15:03,1.85,14889.0,United Kingdom
564924,22633,HAND WARMER UNION JACK,6,8/10/2011 15:03,1.85,14889.0,United Kingdom
564924,21730,GLASS STAR FROSTED T-LIGHT HOLDER,12,8/10/2011 15:03,4.25,14889.0,United Kingdom
564924,22745,POPPY'S PLAYHOUSE BEDROOM,48,8/10/2011 15:03,2.1,14889.0,United Kingdom
564999,21730,GLASS STAR FROSTED T-LIGHT HOLDER,24,8/10/2011 19:05,4.25,18200.0,United Kingdom
564999,71053,WHITE METAL LANTERN,24,8/10/2011 19:05,3.39,18200.0,United Kingdom
564999,84406B,CREAM CUPID HEARTS COAT HANGER,48,8/10/2011 19:05,2.75,18200.0,United Kingdom
564999,22623,BOX OF VINTAGE JIGSAW BLOCKS,2,8/10/2011 19:05,4.95,18200.0,United Kingdom
564999,84969,BOX OF 6 ASSORTED COLOUR TEASPOONS,4,8/10/2011 19:05,4.25,18200.0,United Kingdom
564999,22745,POPPY'S PLAYHOUSE BEDROOM,2,8/10/2011 19:05,2.1,18200.0,United Kingdom
564999,84029E,RED WOOLLY HOTTIE WHITE HEART.,48,8/10/2011 19:05,3.39,18200.0,United Kingdom
564999,84969,BOX OF 6 ASSORTED COLOUR TEASPOONS,12,8/10/2011 19:05,4.25,18200.0,United Kingdom
564999,22310,IVORY KNITTED MUG COSY,48,8/10/2011 19:05,1.65,18200.0,United Kingdom
564999,85123A,WHITE HANGING HEART T-LIGHT HOLDER,48,8/10/2011 19:05,2.55,18200.0,United Kingdom
564999,85123A,WHITE HANGING HEART T-LIGHT HOLDER,24,8/10/2011 19:05,2.55,18200.0,United Kingdom
564999,22197,SMALL POPCORN HOLDER,2,8/10/2011 19:05,0.85,18200.0,United Kingdom
564999,22197,SMALL POPCORN HOLDER,24,8/10/2011 19:05,0.85,18200.0,United Kingdom
564999,22310,IVORY KNITTED MUG COSY,24,8/10/2011 19:05,1.65,18200.0,United Kingdom
564999,21730,GLASS STAR FROSTED T-LIGHT HOLDER,24,8/10/2011 19:05,4.25,18200.0,United Kingdom
564999,21212,PACK OF 72 RETROSPOT CAKE CASES,6,8/10/2011 19:05,0.55,18200.0,United Kingdom
564999,47566,PARTY BUNTING,12,8/10/2011 19:05,4.95,18200.0,United Kingdom
565047,22960,JAM MAKING SET WITH JARS,3,8/11/2011 8:47,4.25,17486.0,United Kingdom
565047,22748,POPPY'S PLAYHOUSE KITCHEN,12,8/11/2011 8:47,2.1,17486.0,United Kingdom
565047,21212,PACK OF 72 RETROSPOT CAKE CASES,3,8/11/2011 8:47,0.55,17486.0,United Kingdom
565047,20725,LUNCH BAG RED RETROSPOT,2,8/11/2011 8:47,1.65,17486.0,United Kingdom
565047,20725,LUNCH BAG RED RETROSPOT,2,8/11/2011 8:47,1.65,17486.0,United Kingdom
565047,22748,POPPY'S PLAYHOUSE KITCHEN,3,8/11/2011 8:47,2.1,17486.0,United Kingdom
565047,22720,SET OF 3 CAKE TINS PANTRY DESIGN,3,8/11/2011 8:47,4.95,17486.0,United Kingdom
565047,47566,PARTY BUNTING,48,8/11/2011 8:47,4.95,17486.0,United Kingdom
565047,22623,BOX OF VINTAGE JIGSAW BLOCKS,12,8/11/2011 8:47,4.95,17486.0,United Kingdom
565047,22633,HAND WARMER UNION JACK,48,8/11/2011 8:47,1.85,17486.0,United Kingdom
565047,21777,RECIPE BOX WITH METAL HEART,8,8/11/2011 8:47,7.95,17486.0,United Kingdom
565047,21777,RECIPE BOX WITH METAL HEART,12,8/11/2011 8:47,7.95,17486.0,United Kingdom
565047,21755,LOVE BUILDING BLOCK WORD,6,8/11/2011 8:47,5.95,17486.0,United Kingdom
565047,22310,IVORY KNITTED MUG COSY,1,8/11/2011 8:47,1.65,17486.0,United Kingdom
565047,84969,BOX OF 6 ASSORTED COLOUR TEASPOONS,2,8/11/2011 8:47,4.25,17486.0,United Kingdom
565047,23084,RABBIT NIGHT LIGHT,4,8/11/2011 8:47,2.08,17486.0,United Kingdom
565047,85123A,WHITE HANGING HEART T-LIGHT HOLDER,8,8/11/2011 8:47,2.55,17486.0,United Kingdom
565047,23084,RABBIT NIGHT LIGHT,24,8/11/2011 8:47,2.08,17486.0,United Kingdom
565047,22623,BOX OF VINTAGE JIGSAW BLOCKS,4,8/11/2011 8:47,4.95,17486.0,United Kingdom
565047,21212,PACK OF 72 RETROSPOT CAKE CASES,8,8/11/2011 8:47,0.55,17486.0,United Kingdom
565047,22748,POPPY'S PLAYHOUSE KITCHEN,1,8/11/2011 8:47,2.1,17486.0,United Kingdom
565047,84879,ASSORTED COLOUR BIRD ORNAMENT,2,8/11/2011 8:47,1.69,17486.0,United Kingdom
565047,22745,POPPY'S PLAYHOUSE BEDROOM,24,8/11/2011 8:47,2.1,17486.0,United Kingdom
565047,71053,WHITE METAL LANTERN,4,8/11/2011 8:47,3.39,17486.0,United Kingdom
565100,23084,RABBIT NIGHT LIGHT,3,8/11/2011 15:29,2.08,18260.0,United Kingdom
565100,22632,HAND WARMER RED POLKA DOT,2,8/11/2011 15:29,1.85,18260.0,United Kingdom
565100,84029G,KNITTED UNION FLAG HOT WATER BOTTLE,4,8/11/2011 15:29,3.39,18260.0,United Kingdom
565100,84879,ASSORTED COLOUR BIRD ORNAMENT,6,8/11/2011 15:29,1.69,18260.0,United Kingdom
565100,21212,PACK OF 72 RETROSPOT CAKE CASES,3,8/11/2011 15:29,0.55,18260.0,United Kingdom
565100,22633,HAND WARMER UNION JACK,12,8/11/2011 15:29,1.85,18260.0,United Kingdom
565100,48187,DOORMAT NEW ENGLAND,1,8/11/2011 15:29,7.95,18260.0,United Kingdom
565100,21754,HOME BUILDING BLOCK WORD,2,8/11/2011 15:29,5.95,18260.0,United Kingdom
565100,84029E,RED WOOLLY HOTTIE WHITE HEART.,24,8/11/2011 15:29,3.39,18260.0,United Kingdom
565100,22613,PACK OF 20 SPACEBOY NAPKINS,2,8/11/2011 15:29,0.85,18260.0,United Kingdom
565100,48187,DOORMAT NEW ENGLAND,3,8/11/2011 15:29,7.95,18260.0,United Kingdom
565100,22960,JAM MAKING SET WITH JARS,24,8/11/2011 15:29,4.25,18260.0,United Kingdom
565100,22913,RED COAT RACK PARIS FASHION,2,8/11/2011 15:29,4.95,18260.0,United Kingdom
565100,71053,WHITE METAL LANTERN,8,8/11/2011 15:29,3.39,18260.0,United Kingdom
565100,22720,SET OF 3 CAKE TINS PANTRY DESIGN,48,8/11/2011 15:29,4.95,18260.0,United Kingdom
565100,21754,HOME BUILDING BLOCK WORD,3,8/11/2011 15:29,5.95,18260.0,United Kingdom
565100,22197,SMALL POPCORN HOLDER,1,8/11/2011 15:29,0.85,18260.0,United Kingdom
565100,22423,REGENCY CAKESTAND 3 TIER,3,8/11/2011 15:29,12.75,18260.0,United Kingdom
565100,22752,SET 7 BABUSHKA NESTING BOXES,12,8/11/2011 15:29,7.65,18260.0,United Kingdom
565100,22913,RED COAT RACK PARIS FASHION,12,8/11/2011 15:29,4.95,18260.0,United Kingdom
565100,84969,BOX OF 6 ASSORTED COLOUR TEASPOONS,4,8/11/2011 15:29,4.25,18260.0,United Kingdom
565100,21755,LOVE BUILDING BLOCK WORD,6,8/11/2011 15:29,5.95,18260.0,United Kingdom
565100,22960,JAM MAKING SET WITH JARS,24,8/11/2011 15:29,4.25,18260.0,United Kingdom
565100,71053,WHITE METAL LANTERN,4,8/11/2011 15:29,3.39,18260.0,United Kingdom
565166,21755,LOVE BUILDING BLOCK WORD,8,8/11/2011 19:29,5.95,17726.0,United Kingdom
565166,22310,IVORY KNITTED MUG COSY,2,8/11/2011 19:29,1.65,17726.0,United Kingdom
565166,22613,PACK OF 20 SPACEBOY NAPKINS,1,8/11/2011 19:29,0.85,17726.0,United Kingdom
565166,84029G,KNITTED UNION FLAG HOT WATER BOTTLE,24,8/11/2011 19:29,3.39,17726.0,United Kingdom
565166,84029E,RED WOOLLY HOTTIE WHITE HEART.,8,8/11/2011 19:29,3.39,17726.0,United Kingdom
565166,22197,SMALL POPCORN HOLDER,8,8/11/2011 19:29,0.85,17726.0,United Kingdom
565166,22752,SET 7 BABUSHKA NESTING BOXES,2,8/11/2011 19:29,7.65,17726.0,United Kingdom
565166,21754,HOME BUILDING BLOCK WORD,2,8/11/2011 19:29,5.95,17726.0,United Kingdom
565166,48187,DOORMAT NEW ENGLAND,24,8/11/2011 19:29,7.95,17726.0,United Kingdom
565166,21754,HOME BUILDING BLOCK WORD,48,8/11/2011 19:29,5.95,17726.0,United Kingdom
565166,47566,PARTY BUNTING,6,8/11/2011 19:29,4.95,17726.0,United Kingdom
565166,84406B,CREAM CUPID HEARTS COAT HANGER,6,8/11/2011 19:29,2.75,17726.0,United Kingdom
565166,22745,POPPY'S PLAYHOUSE BEDROOM,6,8/11/2011 19:29,2.1,17726.0,United Kingdom
565166,48187,DOORMAT NEW ENGLAND,2,8/11/2011 19:29,7.95,17726.0,United Kingdom
565234,85099B,JUMBO BAG RED RETROSPOT,3,8/12/2011 10:37,1.95,16577.0,United Kingdom
565234,22748,POPPY'S PLAYHOUSE KITCHEN,8,8/12/2011 10:37,2.1,16577.0,United Kingdom
565234,22310,IVORY KNITTED MUG COSY,4,8/12/2011 10:37,1.65,16577.0,United Kingdom
565234,84969,BOX OF 6 ASSORTED COLOUR TEASPOONS,2,8/12/2011 10:37,4.25,16577.0,United Kingdom
565234,84879,ASSORTED COLOUR BIRD ORNAMENT,2,8/12/2011 10:37,1.69,16577.0,United Kingdom
565234,22423,REGENCY CAKESTAND 3 TIER,24,8/12/2011 10:37,12.75,16577.0,United Kingdom
565234,22745,POPPY'S PLAYHOUSE BEDROOM,8,8/12/2011 10:37,2.1,16577.0,United Kingdom
565234,22423,REGENCY CAKESTAND 3 TIER,48,8/12/2011 10:37,12.75,16577.0,United Kingdom
565234,85123A,WHITE HANGING HEART T-LIGHT HOLDER,24,8/12/2011 10:37,2.55,16577.0,United Kingdom
565234,85099B,JUMBO BAG RED RETROSPOT,4,8/12/2011 10:37,1.95,16577.0,United Kingdom
565234,21730,GLASS STAR FROSTED T-LIGHT HOLDER,48,8/12/2011 10:37,4.25,16577.0,United Kingdom
565234,84879,ASSORTED COLOUR BIRD ORNAMENT,2,8/12/2011 10:37,1.69,16577.0,United Kingdom
565234,84029E,RED WOOLLY HOTTIE WHITE HEART.,1,8/12/2011 10:37,3.39,16577.0,United Kingdom
565234,85099B,JUMBO BAG RED RETROSPOT,8,8/12/2011 10:37,1.95,16577.0,United Kingdom
565234,21777,RECIPE BOX WITH METAL HEART,3,8/12/2011 10:37,7.95,16577.0,United Kingdom
565234,21777,RECIPE BOX WITH METAL HEART,4,8/12/2011 10:37,7.95,16577.0,United Kingdom
565234,84969,BOX OF 6 ASSORTED COLOUR TEASPOONS,3,8/12/2011 10:37,4.25,16577.0,United Kingdom
565234,85099B,JUMBO BAG RED RETROSPOT,2,8/12/2011 10:37,1.95,16577.0,United Kingdom
565234,22752,SET 7 BABUSHKA NESTING BOXES,24,8/12/2011 10:37,7.65,16577.0,United Kingdom
565234,48187,DOORMAT NEW ENGLAND,8,8/12/2011 10:37,7.95,16577.0,United Kingdom
565234,22960,JAM MAKING SET WITH JARS,12,8/12/2011 10:37,4.25,16577.0,United Kingdom
565285,22613,PACK OF 20 SPACEBOY NAPKINS,12,8/12/2011 15:58,0.85,14907.0,United Kingdom
565285,21730,GLASS STAR FROSTED T-LIGHT HOLDER,8,8/12/2011 15:58,4.25,14907.0,United Kingdom
565285,47566,PARTY BUNTING,1,8/12/2011 15:58,4.95,14907.0,United Kingdom
565285,22913,RED COAT RACK PARIS FASHION,12,8/12/2011 15:58,4.95,14907.0,United Kingdom
565285,85099B,JUMBO BAG RED RETROSPOT,24,8/12/2011 15:58,1.95,14907.0,United Kingdom
565285,22752,SET 7 BABUSHKA NESTING BOXES,4,8/12/2011 15:58,7.65,14907.0,United Kingdom
565285,71053,WHITE METAL LANTERN,24,8/12/2011 15:58,3.39,14907.0,United Kingdom
565285,22748,POPPY'S PLAYHOUSE KITCHEN,4,8/12/2011 15:58,2.1,14907.0,United Kingdom
565347,22310,IVORY KNITTED MUG COSY,2,8/13/2011 11:17,1.65,18189.0,United Kingdom
565347,84879,ASSORTED COLOUR BIRD ORNAMENT,1,8/13/2011 11:17,1.69,18189.0,United Kingdom
565347,21777,RECIPE BOX WITH METAL HEART,2,8/13/2011 11:17,7.95,18189.0,United Kingdom
565347,20725,LUNCH BAG RED RETROSPOT,8,8/13/2011 11:17,1.65,18189.0,United Kingdom
565347,21212,PACK OF 72 RETROSPOT CAKE CASES,4,8/13/2011 11:17,0.55,18189.0,United Kingdom
565347,22960,JAM MAKING SET WITH JARS,1,8/13/2011 11:17,4.25,18189.0,United Kingdom
565347,22623,BOX OF VINTAGE JIGSAW BLOCKS,3,8/13/2011 11:17,4.95,18189.0,United Kingdom
565347,84879,ASSORTED COLOUR BIRD ORNAMENT,24,8/13/2011 11:17,1.69,18189.0,United Kingdom
565423,84029G,KNITTED UNION FLAG HOT WATER BOTTLE,8,8/14/2011 8:12,3.39,16590.0,United Kingdom
565423,21754,HOME BUILDING BLOCK WORD,6,8/14/2011 8:12,5.95,16590.0,United Kingdom
565423,21212,PACK OF 72 RETROSPOT CAKE CASES,48,8/14/2011 8:12,0.55,16590.0,United Kingdom
565423,47566,PARTY BUNTING,3,8/14/2011 8:12,4.95,16590.0,United Kingdom
565423,22913,RED COAT RACK PARIS FASHION,2,8/14/2011 8:12,4.95,16590.0,United Kingdom
565423,22745,POPPY'S PLAYHOUSE BEDROOM,48,8/14/2011 8:12,2.1,16590.0,United Kingdom
565423,22745,POPPY'S PLAYHOUSE BEDROOM,4,8/14/2011 8:12,2.1,16590.0,United Kingdom
565423,84406B,CREAM CUPID HEARTS COAT HANGER,8,8/14/2011 8:12,2.75,16590.0,United Kingdom
565423,84969,BOX OF 6 ASSORTED COLOUR TEASPOONS,4,8/14/2011 8:12,4.25,16590.0,United Kingdom
565423,21730,GLASS STAR FROSTED T-LIGHT HOLDER,1,8/14/2011 8:12,4.25,16590.0,United Kingdom
565423,22197,SMALL POPCORN HOLDER,12,8/14/2011 8:12,0.85,16590.0,United Kingdom
565423,22423,REGENCY CAKESTAND 3 TIER,4,8/14/2011 8:12,12.75,16590.0,United Kingdom
565423,22197,SMALL POPCORN HOLDER,8,8/14/2011 8:12,0.85,16590.0,United Kingdom
565423,21730,GLASS STAR FROSTED T-LIGHT HOLDER,12,8/14/2011 8:12,4.25,16590.0,United Kingdom
565423,85123A,WHITE HANGING HEART T-LIGHT HOLDER,3,8/14/2011 8:12,2.55,16590.0,United Kingdom
565423,21777,RECIPE BOX WITH METAL HEART,3,8/14/2011 8:12,7.95,16590.0,United Kingdom
565423,22197,SMALL POPCORN HOLDER,48,8/14/2011 8:12,0.85,16590.0,United Kingdom
565423,84969,BOX OF 6 ASSORTED COLOUR TEASPOONS,12,8/14/2011 8:12,4.25,16590.0,United Kingdom
565423,22913,RED COAT RACK PARIS FASHION,1,8/14/2011 8:12,4.95,16590.0,United Kingdom
565423,22960,JAM MAKING SET WITH JARS,6,8/14/2011 8:12,4.25,16590.0,United Kingdom
565423,21777,RECIPE BOX WITH METAL HEART,1,8/14/2011 8:12,7.95,16590.0,United Kingdom
565469,21212,PACK OF 72 RETROSPOT CAKE CASES,2,8/14/2011 16:05,0.55,,United Kingdom
565469,47566,PARTY BUNTING,3,8/14/2011 16:05,4.95,,United Kingdom
565469,84969,BOX OF 6 ASSORTED COLOUR TEASPOONS,3,8/14/2011 16:05,4.25,,United Kingdom
565469,22752,SET 7 BABUSHKA NESTING BOXES,24,8/14/2011 16:05,7.65,,United Kingdom
565469,22752,SET 7 BABUSHKA NESTING BOXES,1,8/14/2011 16:05,7.65,,United Kingdom
565469,84029E,RED WOOLLY HOTTIE WHITE HEART.,2,8/14/2011 16:05,3.39,,United Kingdom
565469,47566,PARTY BUNTING,4,8/14/2011 16:05,4.95,,United Kingdom
565469,22752,,2,8/14/2011 16:05,7.65,,United Kingdom
565469,22752,SET 7 BABUSHKA NESTING BOXES,3,8/14/2011 16:05,7.65,,United Kingdom
565469,22613,PACK OF 20 SPACEBOY NAPKINS,3,8/14/2011 16:05,0.85,,United Kingdom
565469,22613,PACK OF 20 SPACEBOY NAPKINS,1,8/14/2011 16:05,0.85,,United Kingdom
565469,84406B,CREAM CUPID HEARTS COAT HANGER,12,8/14/2011 16:05,2.75,,United Kingdom
565469,23084,RABBIT NIGHT LIGHT,24,8/14/2011 16:05,2.08,,United Kingdom
565469,21754,HOME BUILDING BLOCK WORD,24,8/14/2011 16:05,5.95,,United Kingdom
565469,23084,RABBIT NIGHT LIGHT,8,8/14/2011 16:05,2.08,,United Kingdom
565469,20725,LUNCH BAG RED RETROSPOT,3,8/14/2011 16:05,1.65,,United Kingdom
565469,22197,SMALL POPCORN HOLDER,3,8/14/2011 16:05,0.85,,United Kingdom
565469,22633,HAND WARMER UNION JACK,6,8/14/2011 16:05,1.85,,United Kingdom
565469,22633,HAND WARMER UNION JACK,4,8/14/2011 16:05,1.85,,United Kingdom
565469,22423,REGENCY CAKESTAND 3 TIER,2,8/14/2011 16:05,12.75,,United Kingdom
565469,84029G,KNITTED UNION FLAG HOT WATER BOTTLE,6,8/14/2011 16:05,3.39,,United Kingdom
565469,71053,WHITE METAL LANTERN,8,8/14/2011 16:05,3.39,,United Kingdom
565469,21777,RECIPE BOX WITH METAL HEART,2,8/14/2011 16:05,7.95,,United Kingdom
565469,84029G,KNITTED UNION FLAG HOT WATER BOTTLE,6,8/14/2011 16:05,3.39,,United Kingdom
565511,21730,GLASS STAR FROSTED T-LIGHT HOLDER,8,8/14/2011 19:50,4.25,13433.0,United Kingdom
565511,22310,IVORY KNITTED MUG COSY,3,8/14/2011 19:50,1.65,13433.0,United Kingdom
565511,22745,POPPY'S PLAYHOUSE BEDROOM,2,8/14/2011 19:50,2.1,13433.0,United Kingdom
565511,22745,POPPY'S PLAYHOUSE BEDROOM,2,8/14/2011 19:50,2.1,13433.0,United Kingdom
565511,22913,RED COAT RACK PARIS FASHION,8,8/14/2011 19:50,4.95,13433.0,United Kingdom
565511,47566,PARTY BUNTING,48,8/14/2011 19:50,4.95,13433.0,United Kingdom
565511,84029E,RED WOOLLY HOTTIE WHITE HEART.,48,8/14/2011 19:50,3.39,13433.0,United Kingdom
565511,22752,SET 7 BABUSHKA NESTING BOXES,8,8/14/2011 19:50,7.65,13433.0,United Kingdom
565511,84029E,RED WOOLLY HOTTIE WHITE HEART.,4,8/14/2011 19:50,3.39,13433.0,United Kingdom
565511,21754,HOME BUILDING BLOCK WORD,2,8/14/2011 19:50,5.95,13433.0,United Kingdom
565511,85099B,JUMBO BAG RED RETROSPOT,4,8/14/2011 19:50,1.95,13433.0,United Kingdom
565511,84969,BOX OF 6 ASSORTED COLOUR TEASPOONS,2,8/14/2011 19:50,4.25,13433.0,United Kingdom
565511,47566,PARTY BUNTING,6,8/14/2011 19:50,4.95,13433.0,United Kingdom
565511,22613,PACK OF 20 SPACEBOY NAPKINS,8,8/14/2011 19:50,0.85,13433.0,United Kingdom
565511,22632,HAND WARMER RED POLKA DOT,24,8/14/2011 19:50,1.85,13433.0,United Kingdom
565511,22745,POPPY'S PLAYHOUSE BEDROOM,12,8/14/2011 19:50,2.1,13433.0,United Kingdom
565511,22623,BOX OF VINTAGE JIGSAW BLOCKS,2,8/14/2011 19:50,4.95,13433.0,United Kingdom
565511,84879,ASSORTED COLOUR BIRD ORNAMENT,4,8/14/2011 19:50,1.69,13433.0,United Kingdom
565511,48187,DOORMAT NEW ENGLAND,4,8/14/2011 19:50,7.95,13433.0,United Kingdom
565511,22197,SMALL POPCORN HOLDER,3,8/14/2011 19:50,0.85,13433.0,United Kingdom
565511,22423,REGENCY CAKESTAND 3 TIER,2,8/14/2011 19:50,12.75,13433.0,United Kingdom
565511,84879,ASSORTED COLOUR BIRD ORNAMENT,48,8/14/2011 19:50,1.69,13433.0,United Kingdom
565511,84406B,CREAM CUPID HEARTS COAT HANGER,12,8/14/2011 19:50,2.75,13433.0,United Kingdom
565511,22748,POPPY'S PLAYHOUSE KITCHEN,2,8/14/2011 19:50,2.1,13433.0,United Kingdom
565587,22623,BOX OF VINTAGE JIGSAW BLOCKS,12,8/15/2011 9:26,4.95,15163.0,United Kingdom
565663,47566,PARTY BUNTING,8,8/15/2011 18:04,4.95,,Italy
565663,20725,LUNCH BAG RED RETROSPOT,1,8/15/2011 18:04,1.65,,Italy
565663,22310,,48,8/15/2011 18:04,1.65,,Italy
565663,85099B,JUMBO BAG RED RETROSPOT,3,8/15/2011 18:04,1.95,,Italy
565663,84406B,CREAM CUPID HEARTS COAT HANGER,8,8/15/2011 18:04,2.75,,Italy
565663,22720,SET OF 3 CAKE TINS PANTRY DESIGN,8,8/15/2011 18:04,4.95,,Italy
565663,22310,IVORY KNITTED MUG COSY,48,8/15/2011 18:04,1.65,,Italy
565663,21212,PACK OF 72 RETROSPOT CAKE CASES,6,8/15/2011 18:04,0.55,,Italy
565663,22623,BOX OF VINTAGE JIGSAW BLOCKS,3,8/15/2011 18:04,4.95,,Italy
565663,48187,DOORMAT NEW ENGLAND,4,8/15/2011 18:04,7.95,,Italy
565663,22632,HAND WARMER RED POLKA DOT,24,8/15/2011 18:04,1.85,,Italy
565663,47566,PARTY BUNTING,2,8/15/2011 18:04,4.95,,Italy
565663,21777,RECIPE BOX WITH METAL HEART,24,8/15/2011 18:04,7.95,,Italy
565663,84879,ASSORTED COLOUR BIRD ORNAMENT,6,8/15/2011 18:04,1.69,,Italy
565663,47566,PARTY BUNTING,48,8/15/2011 18:04,4.95,,Italy
565663,23084,,8,8/15/2011 18:04,2.08,,Italy
565663,22613,PACK OF 20 SPACEBOY NAPKINS,8,8/15/2011 18:04,0.85,,Italy
565663,84406B,CREAM CUPID HEARTS COAT HANGER,3,8/15/2011 18:04,2.75,,Italy
565708,21777,RECIPE BOX WITH METAL HEART,8,8/16/2011 10:10,7.95,14037.0,United Kingdom
565708,22748,POPPY'S PLAYHOUSE KITCHEN,1,8/16/2011 10:10,2.1,14037.0,United Kingdom
565708,21730,GLASS STAR FROSTED T-LIGHT HOLDER,6,8/16/2011 10:10,4.25,14037.0,United Kingdom
565708,22745,POPPY'S PLAYHOUSE BEDROOM,24,8/16/2011 10:10,2.1,14037.0,United Kingdom
565708,47566,PARTY BUNTING,24,8/16/2011 10:10,4.95,14037.0,United Kingdom
565708,21212,PACK OF 72 RETROSPOT CAKE CASES,2,8/16/2011 10:10,0.55,14037.0,United Kingdom
565708,71053,WHITE METAL LANTERN,1,8/16/2011 10:10,3.39,14037.0,United Kingdom
565708,22632,HAND WARMER RED POLKA DOT,1,8/16/2011 10:10,1.85,14037.0,United Kingdom
565708,22423,REGENCY CAKESTAND 3 TIER,4,8/16/2011 10:10,12.75,14037.0,United Kingdom
565756,84406B,CREAM CUPID HEARTS COAT HANGER,24,8/16/2011 15:19,2.75,,France
565756,21755,LOVE BUILDING BLOCK WORD,24,8/16/2011 15:19,5.95,,France
565756,84406B,CREAM CUPID HEARTS COAT HANGER,24,8/16/2011 15:19,2.75,,France
565756,22623,BOX OF VINTAGE JIGSAW BLOCKS,1,8/16/2011 15:19,4.95,,France
565756,48187,DOORMAT NEW ENGLAND,6,8/16/2011 15:19,7.95,,France
565833,22720,SET OF 3 CAKE TINS PANTRY DESIGN,48,8/17/2011 10:18,4.95,16042.0,United Kingdom
565833,71053,WHITE METAL LANTERN,48,8/17/2011 10:18,3.39,16042.0,United Kingdom
565833,21212,PACK OF 72 RETROSPOT CAKE CASES,8,8/17/2011 10:18,0.55,16042.0,United Kingdom
565833,22632,HAND WARMER RED POLKA DOT,24,8/17/2011 10:18,1.85,16042.0,United Kingdom
565833,84879,ASSORTED COLOUR BIRD ORNAMENT,1,8/17/2011 10:18,1.69,16042.0,United Kingdom
565833,47566,PARTY BUNTING,12,8/17/2011 10:18,4.95,16042.0,United Kingdom
565833,22310,IVORY KNITTED MUG COSY,48,8/17/2011 10:18,1.65,16042.0,United Kingdom
565833,22720,SET OF 3 CAKE TINS PANTRY DESIGN,8,8/17/2011 10:18,4.95,16042.0,United Kingdom
565833,22423,REGENCY CAKESTAND 3 TIER,4,8/17/2011 10:18,12.75,16042.0,United Kingdom
565833,22197,SMALL POPCORN HOLDER,1,8/17/2011 10:18,0.85,16042.0,United Kingdom
565833,22745,POPPY'S PLAYHOUSE BEDROOM,4,8/17/2011 10:18,2.1,16042.0,United Kingdom
565833,22613,PACK OF 20 SPACEBOY NAPKINS,12,8/17/2011 10:18,0.85,16042.0,United Kingdom
565833,47566,PARTY BUNTING,24,8/17/2011 10:18,4.95,16042.0,United Kingdom
565833,22197,SMALL POPCORN HOLDER,48,8/17/2011 10:18,0.85,16042.0,United Kingdom
565833,84969,BOX OF 6 ASSORTED COLOUR TEASPOONS,12,8/17/2011 10:18,4.25,16042.0,United Kingdom
565833,22197,SMALL POPCORN HOLDER,48,8/17/2011 10:18,0.85,16042.0,United Kingdom
565833,22632,HAND WARMER RED POLKA DOT,12,8/17/2011 10:18,1.85,16042.0,United Kingdom
565833,22623,BOX OF VINTAGE JIGSAW BLOCKS,4,8/17/2011 10:18,4.95,16042.0,United Kingdom
565833,21755,LOVE BUILDING BLOCK WORD,48,8/17/2011 10:18,5.95,16042.0,United Kingdom
565833,23084,RABBIT NIGHT LIGHT,24,8/17/2011 10:18,2.08,16042.0,United Kingdom
565833,84969,BOX OF 6 ASSORTED COLOUR TEASPOONS,3,8/17/2011 10:18,4.25,16042.0,United Kingdom
565833,22913,RED COAT RACK PARIS FASHION,6,8/17/2011 10:18,4.95,16042.0,United Kingdom
565908,84029G,KNITTED UNION FLAG HOT WATER BOTTLE,12,8/18/2011 9:28,3.39,17936.0,United Kingdom
565908,85099B,JUMBO BAG RED RETROSPOT,2,8/18/2011 9:28,1.95,17936.0,United Kingdom
565908,22752,SET 7 BABUSHKA NESTING BOXES,3,8/18/2011 9:28,7.65,17936.0,United Kingdom
565908,22913,RED COAT RACK PARIS FASHION,12,8/18/2011 9:28,4.95,17936.0,United Kingdom
565908,22197,SMALL POPCORN HOLDER,6,8/18/2011 9:28,0.85,17936.0,United Kingdom
565908,84029G,KNITTED UNION FLAG HOT WATER BOTTLE,3,8/18/2011 9:28,3.39,17936.0,United Kingdom
565908,22748,POPPY'S PLAYHOUSE KITCHEN,3,8/18/2011 9:28,2.1,17936.0,United Kingdom
565908,22310,IVORY KNITTED MUG COSY,8,8/18/2011 9:28,1.65,17936.0,United Kingdom
565967,22633,HAND WARMER UNION JACK,4,8/18/2011 14:14,1.85,,United Kingdom
565967,84029E,RED WOOLLY HOTTIE WHITE HEART.,8,8/18/2011 14:14,3.39,,United Kingdom
565967,22623,BOX OF VINTAGE JIGSAW BLOCKS,3,8/18/2011 14:14,4.95,,United Kingdom
565967,85123A,WHITE HANGING HEART T-LIGHT HOLDER,4,8/18/2011 14:14,2.55,,United Kingdom
565967,21212,PACK OF 72 RETROSPOT CAKE CASES,3,8/18/2011 14:14,0.55,,United Kingdom
565967,20725,LUNCH BAG RED RETROSPOT,2,8/18/2011 14:14,1.65,,United Kingdom
565967,22720,SET OF 3 CAKE TINS PANTRY DESIGN,3,8/18/2011 14:14,4.95,,United Kingdom
565967,48187,DOORMAT NEW ENGLAND,48,8/18/2011 14:14,7.95,,United Kingdom
565967,22960,JAM MAKING SET WITH JARS,48,8/18/2011 14:14,4.25,,United Kingdom
565967,22633,HAND WARMER UNION JACK,24,8/18/2011 14:14,1.85,,United Kingdom
565967,21730,GLASS STAR FROSTED T-LIGHT HOLDER,3,8/18/2011 14:14,4.25,,United Kingdom
565967,22748,POPPY'S PLAYHOUSE KITCHEN,8,8/18/2011 14:14,2.1,,United Kingdom
566015,48187,DOORMAT NEW ENGLAND,6,8/18/2011 17:18,7.95,17560.0,United Kingdom
566015,22748,POPPY'S PLAYHOUSE KITCHEN,4,8/18/2011 17:18,2.1,17560.0,United Kingdom
566015,84029E,RED WOOLLY HOTTIE WHITE HEART.,1,8/18/2011 17:18,3.39,17560.0,United Kingdom
566076,84029E,RED WOOLLY HOTTIE WHITE HEART.,4,8/19/2011 8:18,3.39,,EIRE
566076,22748,POPPY'S PLAYHOUSE KITCHEN,12,8/19/2011 8:18,2.1,,EIRE
566076,22752,SET 7 BABUSHKA NESTING BOXES,3,8/19/2011 8:18,7.65,,EIRE
566076,84879,ASSORTED COLOUR BIRD ORNAMENT,8,8/19/2011 8:18,1.69,,EIRE
566076,84969,BOX OF 6 ASSORTED COLOUR TEASPOONS,12,8/19/2011 8:18,4.25,,EIRE
566076,22748,POPPY'S PLAYHOUSE KITCHEN,4,8/19/2011 8:18,2.1,,EIRE
566076,21755,LOVE BUILDING BLOCK WORD,3,8/19/2011 8:18,5.95,,EIRE
566076,22310,IVORY KNITTED MUG COSY,8,8/19/2011 8:18,1.65,,EIRE
566076,21777,RECIPE BOX WITH METAL HEART,48,8/19/2011 8:18,7.95,,EIRE
566076,22423,REGENCY CAKESTAND 3 TIER,3,8/19/2011 8:18,12.75,,EIRE
566076,22633,HAND WARMER UNION JACK,8,8/19/2011 8:18,1.85,,EIRE
566076,22632,HAND WARMER RED POLKA DOT,3,8/19/2011 8:18,1.85,,EIRE
566076,84879,ASSORTED COLOUR BIRD ORNAMENT,48,8/19/2011 8:18,1.69,,EIRE
566076,21754,HOME BUILDING BLOCK WORD,1,8/19/2011 8:18,5.95,,EIRE
566076,21755,LOVE BUILDING BLOCK WORD,24,8/19/2011 8:18,5.95,,EIRE
566076,22633,HAND WARMER UNION JACK,8,8/19/2011 8:18,1.85,,EIRE
566076,84969,BOX OF 6 ASSORTED COLOUR TEASPOONS,2,8/19/2011 8:18,4.25,,EIRE
566076,22623,BOX OF VINTAGE JIGSAW BLOCKS,8,8/19/2011 8:18,4.95,,EIRE
566076,22633,HAND WARMER UNION JACK,6,8/19/2011 8:18,1.85,,EIRE
566076,47566,PARTY BUNTING,4,8/19/2011 8:18,4.95,,EIRE
566076,22197,SMALL POPCORN HOLDER,2,8/19/2011 8:18,0.85,,EIRE
566076,21212,PACK OF 72 RETROSPOT CAKE CASES,24,8/19/2011 8:18,0.55,,EIRE
566076,21755,LOVE BUILDING BLOCK WORD,3,8/19/2011 8:18,5.95,,EIRE
566152,22633,HAND WARMER UNION JACK,2,8/19/2011 14:00,1.85,13393.0,United Kingdom
566152,21777,RECIPE BOX WITH METAL HEART,6,8/19/2011 14:00,7.95,13393.0,United Kingdom
566152,22745,POPPY'S PLAYHOUSE BEDROOM,2,8/19/2011 14:00,2.1,13393.0,United Kingdom
566152,22613,PACK OF 20 SPACEBOY NAPKINS,2,8/19/2011 14:00,0.85,13393.0,United Kingdom
566152,71053,WHITE METAL LANTERN,24,8/19/2011 14:00,3.39,13393.0,United Kingdom
566152,23084,RABBIT NIGHT LIGHT,2,8/19/2011 14:00,2.08,13393.0,United Kingdom
566152,23084,RABBIT NIGHT LIGHT,48,8/19/2011 14:00,2.08,13393.0,United Kingdom
566203,22197,SMALL POPCORN HOLDER,1,8/19/2011 18:43,0.85,13760.0,United Kingdom
566203,22633,HAND WARMER UNION JACK,48,8/19/2011 18:43,1.85,13760.0,United Kingdom
566203,22623,BOX OF VINTAGE JIGSAW BLOCKS,24,8/19/2011 18:43,4.95,13760.0,United Kingdom
566203,22913,RED COAT RACK PARIS FASHION,6,8/19/2011 18:43,4.95,13760.0,United Kingdom
566203,22913,RED COAT RACK PARIS FASHION,12,8/19/2011 18:43,4.95,13760.0,United Kingdom
566203,21777,RECIPE BOX WITH METAL HEART,24,8/19/2011 18:43,7.95,13760.0,United Kingdom
566203,71053,WHITE METAL LANTERN,48,8/19/2011 18:43,3.39,13760.0,United Kingdom
566203,48187,DOORMAT NEW ENGLAND,6,8/19/2011 18:43,7.95,13760.0,United Kingdom
566203,22623,BOX OF VINTAGE JIGSAW BLOCKS,48,8/19/2011 18:43,4.95,13760.0,United Kingdom
566276,84969,BOX OF 6 ASSORTED COLOUR TEASPOONS,3,8/20/2011 8:44,4.25,13179.0,United Kingdom
566276,22310,IVORY KNITTED MUG COSY,48,8/20/2011 8:44,1.65,13179.0,United Kingdom
566276,22310,IVORY KNITTED MUG COSY,24,8/20/2011 8:44,1.65,13179.0,United Kingdom
566276,21777,RECIPE BOX WITH METAL HEART,24,8/20/2011 8:44,7.95,13179.0,United Kingdom
566276,84029G,KNITTED UNION FLAG HOT WATER BOTTLE,1,8/20/2011 8:44,3.39,13179.0,United Kingdom
566276,22913,RED COAT RACK PARIS FASHION,48,8/20/2011 8:44,4.95,13179.0,United Kingdom
566276,21754,HOME BUILDING BLOCK WORD,48,8/20/2011 8:44,5.95,13179.0,United Kingdom
566276,22310,IVORY KNITTED MUG COSY,4,8/20/2011 8:44,1.65,13179.0,United Kingdom
566276,71053,WHITE METAL LANTERN,8,8/20/2011 8:44,3.39,13179.0,United Kingdom
566276,22960,JAM MAKING SET WITH JARS,48,8/20/2011 8:44,4.25,13179.0,United Kingdom
566276,22752,SET 7 BABUSHKA NESTING BOXES,1,8/20/2011 8:44,7.65,13179.0,United Kingdom
566276,22745,POPPY'S PLAYHOUSE BEDROOM,12,8/20/2011 8:44,2.1,13179.0,United Kingdom
566276,22745,POPPY'S PLAYHOUSE BEDROOM,2,8/20/2011 8:44,2.1,13179.0,United Kingdom
566276,22745,POPPY'S PLAYHOUSE BEDROOM,1,8/20/2011 8:44,2.1,13179.0,United Kingdom
566276,21730,GLASS STAR FROSTED T-LIGHT HOLDER,48,8/20/2011 8:44,4.25,13179.0,United Kingdom
566276,22960,JAM MAKING SET WITH JARS,12,8/20/2011 8:44,4.25,13179.0,United Kingdom
566276,21754,HOME BUILDING BLOCK WORD,24,8/20/2011 8:44,5.95,13179.0,United Kingdom
566276,21754,HOME BUILDING BLOCK WORD,12,8/20/2011 8:44,5.95,13179.0,United Kingdom
566276,22197,SMALL POPCORN HOLDER,8,8/20/2011 8:44,0.85,13179.0,United Kingdom
566353,22720,SET OF 3 CAKE TINS PANTRY DESIGN,12,8/20/2011 12:33,4.95,14122.0,EIRE
566353,22720,SET OF 3 CAKE TINS PANTRY DESIGN,3,8/20/2011 12:33,4.95,14122.0,EIRE
566353,84969,BOX OF 6 ASSORTED COLOUR TEASPOONS,48,8/20/2011 12:33,4.25,14122.0,EIRE
566353,84879,ASSORTED COLOUR BIRD ORNAMENT,48,8/20/2011 12:33,1.69,14122.0,EIRE
566353,84029G,KNITTED UNION FLAG HOT WATER BOTTLE,2,8/20/2011 12:33,3.39,14122.0,EIRE
566419,47566,PARTY BUNTING,1,8/21/2011 9:49,4.95,,EIRE
566419,22423,REGENCY CAKESTAND 3 TIER,8,8/21/2011 9:49,12.75,,EIRE
566419,22960,JAM MAKING SET WITH JARS,1,8/21/2011 9:49,4.25,,EIRE
566419,20725,LUNCH BAG RED RETROSPOT,4,8/21/2011 9:49,1.65,,EIRE
566419,22633,HAND WARMER UNION JACK,48,8/21/2011 9:49,1.85,,EIRE
566419,71053,WHITE METAL LANTERN,3,8/21/2011 9:49,3.39,,EIRE
566419,85099B,JUMBO BAG RED RETROSPOT,6,8/21/2011 9:49,1.95,,EIRE
566419,84029E,RED WOOLLY HOTTIE WHITE HEART.,8,8/21/2011 9:49,3.39,,EIRE
566419,22720,SET OF 3 CAKE TINS PANTRY DESIGN,48,8/21/2011 9:49,4.95,,EIRE
566419,21777,,2,8/21/2011 9:49,7.95,,EIRE
566419,71053,WHITE METAL LANTERN,4,8/21/2011 9:49,3.39,,EIRE
566419,21754,HOME BUILDING BLOCK WORD,3,8/21/2011 9:49,5.95,,EIRE
566419,84969,BOX OF 6 ASSORTED COLOUR TEASPOONS,4,8/21/2011 9:49,4.25,,EIRE
566419,84406B,CREAM CUPID HEARTS COAT HANGER,6,8/21/2011 9:49,2.75,,EIRE
566419,22613,PACK OF 20 SPACEBOY NAPKINS,4,8/21/2011 9:49,0.85,,EIRE
566419,84879,ASSORTED COLOUR BIRD ORNAMENT,6,8/21/2011 9:49,1.69,,EIRE
566419,47566,PARTY BUNTING,3,8/21/2011 9:49,4.95,,EIRE
566419,22197,SMALL POPCORN HOLDER,12,8/21/2011 9:49,0.85,,EIRE
566419,22745,POPPY'S PLAYHOUSE BEDROOM,3,8/21/2011 9:49,2.1,,EIRE
566419,22752,SET 7 BABUSHKA NESTING BOXES,2,8/21/2011 9:49,7.65,,EIRE
566419,47566,,48,8/21/2011 9:49,4.95,,EIRE
566459,84969,BOX OF 6 ASSORTED COLOUR TEASPOONS,24,8/21/2011 15:12,4.25,17417.0,United Kingdom
566459,22913,RED COAT RACK PARIS FASHION,48,8/21/2011 15:12,4.95,17417.0,United Kingdom
566459,84406B,CREAM CUPID HEARTS COAT HANGER,8,8/21/2011 15:12,2.75,17417.0,United Kingdom
566459,22960,JAM MAKING SET WITH JARS,6,8/21/2011 15:12,4.25,17417.0,United Kingdom
566459,22632,HAND WARMER RED POLKA DOT,6,8/21/2011 15:12,1.85,17417.0,United Kingdom
566459,48187,DOORMAT NEW ENGLAND,3,8/21/2011 15:12,7.95,17417.0,United Kingdom
566459,84406B,CREAM CUPID HEARTS COAT HANGER,6,8/21/2011 15:12,2.75,17417.0,United Kingdom
566459,22310,IVORY KNITTED MUG COSY,3,8/21/2011 15:12,1.65,17417.0,United Kingdom
566459,84029E,RED WOOLLY HOTTIE WHITE HEART.,3,8/21/2011 15:12,3.39,17417.0,United Kingdom
566459,84029G,KNITTED UNION FLAG HOT WATER BOTTLE,3,8/21/2011 15:12,3.39,17417.0,United Kingdom
566459,84029E,RED WOOLLY HOTTIE WHITE HEART.,48,8/21/2011 15:12,3.39,17417.0,United Kingdom
566459,47566,PARTY BUNTING,2,8/21/2011 15:12,4.95,17417.0,United Kingdom
566459,71053,WHITE METAL LANTERN,3,8/21/2011 15:12,3.39,17417.0,United Kingdom
566459,47566,PARTY BUNTING,1,8/21/2011 15:12,4.95,17417.0,United Kingdom
566506,22913,RED COAT RACK PARIS FASHION,6,8/21/2011 18:29,4.95,14036.0,United Kingdom
566506,22752,SET 7 BABUSHKA NESTING BOXES,1,8/21/2011 18:29,7.65,14036.0,United Kingdom
566506,22913,RED COAT RACK PARIS FASHION,8,8/21/2011 18:29,4.95,14036.0,United Kingdom
566506,84029G,KNITTED UNION FLAG HOT WATER BOTTLE,12,8/21/2011 18:29,3.39,14036.0,United Kingdom
566553,22613,PACK OF 20 SPACEBOY NAPKINS,8,8/22/2011 9:53,0.85,16293.0,United Kingdom
566598,22632,HAND WARMER RED POLKA DOT,3,8/23/2011 8:56,1.85,17820.0,Spain
566598,21777,RECIPE BOX WITH METAL HEART,24,8/23/2011 8:56,7.95,17820.0,Spain
566598,22913,RED COAT RACK PARIS FASHION,12,8/23/2011 8:56,4.95,17820.0,Spain
566598,22913,RED COAT RACK PARIS FASHION,48,8/23/2011 8:56,4.95,17820.0,Spain
566598,22745,POPPY'S PLAYHOUSE BEDROOM,6,8/23/2011 8:56,2.1,17820.0,Spain
566598,22623,BOX OF VINTAGE JIGSAW BLOCKS,2,8/23/2011 8:56,4.95,17820.0,Spain
566598,22613,PACK OF 20 SPACEBOY NAPKINS,12,8/23/2011 8:56,0.85,17820.0,Spain
566598,22720,SET OF 3 CAKE TINS PANTRY DESIGN,8,8/23/2011 8:56,4.95,17820.0,Spain
566598,22613,PACK OF 20 SPACEBOY NAPKINS,12,8/23/2011 8:56,0.85,17820.0,Spain
566598,22197,SMALL POPCORN HOLDER,2,8/23/2011 8:56,0.85,17820.0,Spain
566598,20725,LUNCH BAG RED RETROSPOT,8,8/23/2011 8:56,1.65,17820.0,Spain
566667,22960,JAM MAKING SET WITH JARS,2,8/24/2011 10:15,4.25,17956.0,EIRE
566667,22720,SET OF 3 CAKE TINS PANTRY DESIGN,3,8/24/2011 10:15,4.95,17956.0,EIRE
566667,21730,GLASS STAR FROSTED T-LIGHT HOLDER,1,8/24/2011 10:15,4.25,17956.0,EIRE
566667,21212,PACK OF 72 RETROSPOT CAKE CASES,12,8/24/2011 10:15,0.55,17956.0,EIRE
566667,84029E,RED WOOLLY HOTTIE WHITE HEART.,3,8/24/2011 10:15,3.39,17956.0,EIRE
566667,22748,POPPY'S PLAYHOUSE KITCHEN,2,8/24/2011 10:15,2.1,17956.0,EIRE
566667,22310,IVORY KNITTED MUG COSY,6,8/24/2011 10:15,1.65,17956.0,EIRE
566667,22623,BOX OF VINTAGE JIGSAW BLOCKS,1,8/24/2011 10:15,4.95,17956.0,EIRE
566667,21212,PACK OF 72 RETROSPOT CAKE CASES,12,8/24/2011 10:15,0.55,17956.0,EIRE
566667,22632,HAND WARMER RED POLKA DOT,1,8/24/2011 10:15,1.85,17956.0,EIRE
566667,22960,JAM MAKING SET WITH JARS,48,8/24/2011 10:15,4.25,17956.0,EIRE
566667,22310,IVORY KNITTED MUG COSY,3,8/24/2011 10:15,1.65,17956.0,EIRE
566667,22720,SET OF 3 CAKE TINS PANTRY DESIGN,6,8/24/2011 10:15,4.95,17956.0,EIRE
566667,21212,PACK OF 72 RETROSPOT CAKE CASES,6,8/24/2011 10:15,0.55,17956.0,EIRE
566667,22752,SET 7 BABUSHKA NESTING BOXES,2,8/24/2011 10:15,7.65,17956.0,EIRE
566667,23084,RABBIT NIGHT LIGHT,6,8/24/2011 10:15,2.08,17956.0,EIRE
566667,22197,SMALL POPCORN HOLDER,8,8/24/2011 10:15,0.85,17956.0,EIRE
566667,20725,LUNCH BAG RED RETROSPOT,4,8/24/2011 10:15,1.65,17956.0,EIRE
566667,84879,ASSORTED COLOUR BIRD ORNAMENT,8,8/24/2011 10:15,1.69,17956.0,EIRE
566667,22960,JAM MAKING SET WITH JARS,6,8/24/2011 10:15,4.25,17956.0,EIRE
566667,22633,HAND WARMER UNION JACK,6,8/24/2011 10:15,1.85,17956.0,EIRE
566667,20725,LUNCH BAG RED RETROSPOT,2,8/24/2011 10:15,1.65,17956.0,EIRE
566667,22310,IVORY KNITTED MUG COSY,2,8/24/2011 10:15,1.65,17956.0,EIRE
566711,22913,RED COAT RACK PARIS FASHION,2,8/24/2011 19:57,4.95,15837.0,United Kingdom
566711,48187,DOORMAT NEW ENGLAND,24,8/24/2011 19:57,7.95,15837.0,United Kingdom
566711,48187,DOORMAT NEW ENGLAND,1,8/24/2011 19:57,7.95,15837.0,United Kingdom
566711,22745,POPPY'S PLAYHOUSE BEDROOM,6,8/24/2011 19:57,2.1,15837.0,United Kingdom
566711,22752,SET 7 BABUSHKA NESTING BOXES,8,8/24/2011 19:57,7.65,15837.0,United Kingdom
566711,22745,POPPY'S PLAYHOUSE BEDROOM,48,8/24/2011 19:57,2.1,15837.0,United Kingdom
566711,22633,HAND WARMER UNION JACK,1,8/24/2011 19:57,1.85,15837.0,United Kingdom
566711,47566,PARTY BUNTING,1,8/24/2011 19:57,4.95,15837.0,United Kingdom
566711,22633,HAND WARMER UNION JACK,12,8/24/2011 19:57,1.85,15837.0,United Kingdom
566711,22310,IVORY KNITTED MUG COSY,24,8/24/2011 19:57,1.65,15837.0,United Kingdom
566711,84406B,CREAM CUPID HEARTS COAT HANGER,6,8/24/2011 19:57,2.75,15837.0,United Kingdom
566711,85099B,JUMBO BAG RED RETROSPOT,2,8/24/2011 19:57,1.95,15837.0,United Kingdom
566711,22613,PACK OF 20 SPACEBOY NAPKINS,12,8/24/2011 19:57,0.85,15837.0,United Kingdom
566711,22310,IVORY KNITTED MUG COSY,1,8/24/2011 19:57,1.65,15837.0,United Kingdom
566711,84879,ASSORTED COLOUR BIRD ORNAMENT,6,8/24/2011 19:57,1.69,15837.0,United Kingdom
566711,48187,DOORMAT NEW ENGLAND,1,8/24/2011 19:57,7.95,15837.0,United Kingdom
566711,22745,POPPY'S PLAYHOUSE BEDROOM,2,8/24/2011 19:57,2.1,15837.0,United Kingdom
566711,84969,BOX OF 6 ASSORTED COLOUR TEASPOONS,2,8/24/2011 19:57,4.25,15837.0,United Kingdom
566711,22423,REGENCY CAKESTAND 3 TIER,24,8/24/2011 19:57,12.75,15837.0,United Kingdom
566711,23084,RABBIT NIGHT LIGHT,4,8/24/2011 19:57,2.08,15837.0,United Kingdom
566711,22632,HAND WARMER RED POLKA DOT,12,8/24/2011 19:57,1.85,15837.0,United Kingdom
566711,21777,RECIPE BOX WITH METAL HEART,8,8/24/2011 19:57,7.95,15837.0,United Kingdom
566711,22960,JAM MAKING SET WITH JARS,2,8/24/2011 19:57,4.25,15837.0,United Kingdom
566711,21754,HOME BUILDING BLOCK WORD,1,8/24/2011 19:57,5.95,15837.0,United Kingdom
566783,22423,REGENCY CAKESTAND 3 TIER,12,8/25/2011 11:45,12.75,,United Kingdom
566783,84029E,RED WOOLLY HOTTIE WHITE HEART.,24,8/25/2011 11:45,3.39,,United Kingdom
566783,20725,LUNCH BAG RED RETROSPOT,4,8/25/2011 11:45,1.65,,United Kingdom
566783,22613,PACK OF 20 SPACEBOY NAPKINS,4,8/25/2011 11:45,0.85,,United Kingdom
566783,22633,HAND WARMER UNION JACK,8,8/25/2011 11:45,1.85,,United Kingdom
566783,22633,HAND WARMER UNION JACK,12,8/25/2011 11:45,1.85,,United Kingdom
566783,85123A,WHITE HANGING HEART T-LIGHT HOLDER,3,8/25/2011 11:45,2.55,,United Kingdom
566783,22623,BOX OF VINTAGE JIGSAW BLOCKS,8,8/25/2011 11:45,4.95,,United Kingdom
566861,85123A,WHITE HANGING HEART T-LIGHT HOLDER,48,8/25/2011 15:13,2.55,15266.0,United Kingdom
566861,84029E,RED WOOLLY HOTTIE WHITE HEART.,24,8/25/2011 15:13,3.39,15266.0,United Kingdom
566861,21212,PACK OF 72 RETROSPOT CAKE CASES,6,8/25/2011 15:13,0.55,15266.0,United Kingdom
566861,22960,JAM MAKING SET WITH JARS,3,8/25/2011 15:13,4.25,15266.0,United Kingdom
566861,85099B,JUMBO BAG RED RETROSPOT,3,8/25/2011 15:13,1.95,15266.0,United Kingdom
566861,84029E,RED WOOLLY HOTTIE WHITE HEART.,8,8/25/2011 15:13,3.39,15266.0,United Kingdom
566861,22745,POPPY'S PLAYHOUSE BEDROOM,6,8/25/2011 15:13,2.1,15266.0,United Kingdom
566861,22623,BOX OF VINTAGE JIGSAW BLOCKS,48,8/25/2011 15:13,4.95,15266.0,United Kingdom
566861,21755,LOVE BUILDING BLOCK WORD,2,8/25/2011 15:13,5.95,15266.0,United Kingdom
566861,22633,HAND WARMER UNION JACK,3,8/25/2011 15:13,1.85,15266.0,United Kingdom
566861,84029E,RED WOOLLY HOTTIE WHITE HEART.,24,8/25/2011 15:13,3.39,15266.0,United Kingdom
566861,47566,PARTY BUNTING,1,8/25/2011 15:13,4.95,15266.0,United Kingdom
566861,21754,HOME BUILDING BLOCK WORD,6,8/25/2011 15:13,5.95,15266.0,United Kingdom
566924,22745,POPPY'S PLAYHOUSE BEDROOM,8,8/26/2011 9:47,2.1,12566.0,United Kingdom
566924,22197,SMALL POPCORN HOLDER,4,8/26/2011 9:47,0.85,12566.0,United Kingdom
566924,84406B,CREAM CUPID HEARTS COAT HANGER,6,8/26/2011 9:47,2.75,12566.0,United Kingdom
566924,21754,HOME BUILDING BLOCK WORD,12,8/26/2011 9:47,5.95,12566.0,United Kingdom
566924,22623,BOX OF VINTAGE JIGSAW BLOCKS,1,8/26/2011 9:47,4.95,12566.0,United Kingdom
566924,21755,LOVE BUILDING BLOCK WORD,48,8/26/2011 9:47,5.95,12566.0,United Kingdom
566924,85123A,WHITE HANGING HEART T-LIGHT HOLDER,6,8/26/2011 9:47,2.55,12566.0,United Kingdom
566924,84969,BOX OF 6 ASSORTED COLOUR TEASPOONS,48,8/26/2011 9:47,4.25,12566.0,United Kingdom
566924,22633,HAND WARMER UNION JACK,3,8/26/2011 9:47,1.85,12566.0,United Kingdom
566924,22423,REGENCY CAKESTAND 3 TIER,6,8/26/2011 9:47,12.75,12566.0,United Kingdom
566924,22623,BOX OF VINTAGE JIGSAW BLOCKS,24,8/26/2011 9:47,4.95,12566.0,United Kingdom
566924,84029G,KNITTED UNION FLAG HOT WATER BOTTLE,4,8/26/2011 9:47,3.39,12566.0,United Kingdom
566924,22913,RED COAT RACK PARIS FASHION,48,8/26/2011 9:47,4.95,12566.0,United Kingdom
566924,22197,SMALL POPCORN HOLDER,2,8/26/2011 9:47,0.85,12566.0,United Kingdom
566924,84879,ASSORTED COLOUR BIRD ORNAMENT,48,8/26/2011 9:47,1.69,12566.0,United Kingdom
566924,84969,BOX OF 6 ASSORTED COLOUR TEASPOONS,1,8/26/2011 9:47,4.25,12566.0,United Kingdom
567003,47566,PARTY BUNTING,2,8/26/2011 13:08,4.95,14048.0,United Kingdom
567003,84029E,RED WOOLLY HOTTIE WHITE HEART.,3,8/26/2011 13:08,3.39,14048.0,United Kingdom
567003,22720,SET OF 3 CAKE TINS PANTRY DESIGN,8,8/26/2011 13:08,4.95,14048.0,United Kingdom
567003,23084,RABBIT NIGHT LIGHT,2,8/26/2011 13:08,2.08,14048.0,United Kingdom
567003,84029E,RED WOOLLY HOTTIE WHITE HEART.,6,8/26/2011 13:08,3.39,14048.0,United Kingdom
567003,22197,SMALL POPCORN HOLDER,48,8/26/2011 13:08,0.85,14048.0,United Kingdom
567003,71053,WHITE METAL LANTERN,12,8/26/2011 13:08,3.39,14048.0,United Kingdom
567003,84969,BOX OF 6 ASSORTED COLOUR TEASPOONS,48,8/26/2011 13:08,4.25,14048.0,United Kingdom
567003,71053,WHITE METAL LANTERN,12,8/26/2011 13:08,3.39,14048.0,United Kingdom
567003,48187,DOORMAT NEW ENGLAND,6,8/26/2011 13:08,7.95,14048.0,United Kingdom
567003,22748,POPPY'S PLAYHOUSE KITCHEN,3,8/26/2011 13:08,2.1,14048.0,United Kingdom
567003,84029G,KNITTED UNION FLAG HOT WATER BOTTLE,8,8/26/2011 13:08,3.39,14048.0,United Kingdom
567003,21755,LOVE BUILDING BLOCK WORD,2,8/26/2011 13:08,5.95,14048.0,United Kingdom
567003,21212,PACK OF 72 RETROSPOT CAKE CASES,4,8/26/2011 13:08,0.55,14048.0,United Kingdom
567003,85099B,JUMBO BAG RED RETROSPOT,4,8/26/2011 13:08,1.95,14048.0,United Kingdom
567003,22745,POPPY'S PLAYHOUSE BEDROOM,8,8/26/2011 13:08,2.1,14048.0,United Kingdom
567069,22720,SET OF 3 CAKE TINS PANTRY DESIGN,8,8/27/2011 8:03,4.95,14137.0,United Kingdom
567069,47566,PARTY BUNTING,4,8/27/2011 8:03,4.95,14137.0,United Kingdom
567069,84029G,KNITTED UNION FLAG HOT WATER BOTTLE,2,8/27/2011 8:03,3.39,14137.0,United Kingdom
567069,21754,HOME BUILDING BLOCK WORD,48,8/27/2011 8:03,5.95,14137.0,United Kingdom
567069,48187,DOORMAT NEW ENGLAND,12,8/27/2011 8:03,7.95,14137.0,United Kingdom
567069,22960,JAM MAKING SET WITH JARS,8,8/27/2011 8:03,4.25,14137.0,United Kingdom
567069,22623,BOX OF VINTAGE JIGSAW BLOCKS,48,8/27/2011 8:03,4.95,14137.0,United Kingdom
567146,22423,REGENCY CAKESTAND 3 TIER,24,8/27/2011 18:28,12.75,,United Kingdom
567146,22197,SMALL POPCORN HOLDER,3,8/27/2011 18:28,0.85,,United Kingdom
567146,21755,LOVE BUILDING BLOCK WORD,4,8/27/2011 18:28,5.95,,United Kingdom
567146,71053,,4,8/27/2011 18:28,3.39,,United Kingdom
567146,47566,PARTY BUNTING,12,8/27/2011 18:28,4.95,,United Kingdom
567146,22913,RED COAT RACK PARIS FASHION,4,8/27/2011 18:28,4.95,,United Kingdom
567146,84406B,CREAM CUPID HEARTS COAT HANGER,12,8/27/2011 18:28,2.75,,United Kingdom
567146,22633,HAND WARMER UNION JACK,6,8/27/2011 18:28,1.85,,United Kingdom
567146,20725,LUNCH BAG RED RETROSPOT,48,8/27/2011 18:28,1.65,,United Kingdom
567146,22423,REGENCY CAKESTAND 3 TIER,8,8/27/2011 18:28,12.75,,United Kingdom
567146,22745,POPPY'S PLAYHOUSE BEDROOM,8,8/27/2011 18:28,2.1,,United Kingdom
567220,22748,POPPY'S PLAYHOUSE KITCHEN,2,8/28/2011 10:39,2.1,17109.0,United Kingdom
567220,22913,RED COAT RACK PARIS FASHION,24,8/28/2011 10:39,4.95,17109.0,United Kingdom
567220,71053,WHITE METAL LANTERN,6,8/28/2011 10:39,3.39,17109.0,United Kingdom
567220,22752,SET 7 BABUSHKA NESTING BOXES,3,8/28/2011 10:39,7.65,17109.0,United Kingdom
567220,22960,JAM MAKING SET WITH JARS,6,8/28/2011 10:39,4.25,17109.0,United Kingdom
567220,22632,HAND WARMER RED POLKA DOT,48,8/28/2011 10:39,1.85,17109.0,United Kingdom
567220,71053,WHITE METAL LANTERN,48,8/28/2011 10:39,3.39,17109.0,United Kingdom
567220,84029E,RED WOOLLY HOTTIE WHITE HEART.,4,8/28/2011 10:39,3.39,17109.0,United Kingdom
567292,22423,REGENCY CAKESTAND 3 TIER,4,8/28/2011 15:20,12.75,17269.0,United Kingdom
567292,22752,SET 7 BABUSHKA NESTING BOXES,2,8/28/2011 15:20,7.65,17269.0,United Kingdom
567292,23084,RABBIT NIGHT LIGHT,6,8/28/2011 15:20,2.08,17269.0,United Kingdom
567292,21777,RECIPE BOX WITH METAL HEART,24,8/28/2011 15:20,7.95,17269.0,United Kingdom
567292,21754,HOME BUILDING BLOCK WORD,4,8/28/2011 15:20,5.95,17269.0,United Kingdom
567292,22748,POPPY'S PLAYHOUSE KITCHEN,2,8/28/2011 15:20,2.1,17269.0,United Kingdom
567292,22423,REGENCY CAKESTAND 3 TIER,6,8/28/2011 15:20,12.75,17269.0,United Kingdom
567292,20725,LUNCH BAG RED RETROSPOT,48,8/28/2011 15:20,1.65,17269.0,United Kingdom
567292,22720,SET OF 3 CAKE TINS PANTRY DESIGN,6,8/28/2011 15:20,4.95,17269.0,United Kingdom
567292,84879,ASSORTED COLOUR BIRD ORNAMENT,48,8/28/2011 15:20,1.69,17269.0,United Kingdom
567292,22720,SET OF 3 CAKE TINS PANTRY DESIGN,6,8/28/2011 15:20,4.95,17269.0,United Kingdom
567292,22960,JAM MAKING SET WITH JARS,4,8/28/2011 15:20,4.25,17269.0,United Kingdom
567292,84879,ASSORTED COLOUR BIRD ORNAMENT,12,8/28/2011 15:20,1.69,17269.0,United Kingdom
567362,22632,HAND WARMER RED POLKA DOT,12,8/29/2011 10:14,1.85,13843.0,France
567412,71053,WHITE METAL LANTERN,1,8/29/2011 14:52,3.39,,United Kingdom
567412,21755,LOVE BUILDING BLOCK WORD,1,8/29/2011 14:52,5.95,,United Kingdom
567412,21755,LOVE BUILDING BLOCK WORD,2,8/29/2011 14:52,5.95,,United Kingdom
567412,22748,POPPY'S PLAYHOUSE KITCHEN,48,8/29/2011 14:52,2.1,,United Kingdom
567412,22720,SET OF 3 CAKE TINS PANTRY DESIGN,1,8/29/2011 14:52,4.95,,United Kingdom
567412,23084,RABBIT NIGHT LIGHT,2,8/29/2011 14:52,2.08,,United Kingdom
567412,21754,HOME BUILDING BLOCK WORD,2,8/29/2011 14:52,5.95,,United Kingdom
567412,23084,RABBIT NIGHT LIGHT,24,8/29/2011 14:52,2.08,,United Kingdom
567412,22633,HAND WARMER UNION JACK,12,8/29/2011 14:52,1.85,,United Kingdom
567412,84406B,CREAM CUPID HEARTS COAT HANGER,2,8/29/2011 14:52,2.75,,United Kingdom
567412,22197,SMALL POPCORN HOLDER,12,8/29/2011 14:52,0.85,,United Kingdom
567412,21755,LOVE BUILDING BLOCK WORD,4,8/29/2011 14:52,5.95,,United Kingdom
567412,84969,BOX OF 6 ASSORTED COLOUR TEASPOONS,3,8/29/2011 14:52,4.25,,United Kingdom
567412,47566,PARTY BUNTING,8,8/29/2011 14:52,4.95,,United Kingdom
567412,84029E,RED WOOLLY HOTTIE WHITE HEART.,2,8/29/2011 14:52,3.39,,United Kingdom
567412,84969,BOX OF 6 ASSORTED COLOUR TEASPOONS,2,8/29/2011 14:52,4.25,,United Kingdom
567412,84969,BOX OF 6 ASSORTED COLOUR TEASPOONS,48,8/29/2011 14:52,4.25,,United Kingdom
567412,84029G,KNITTED UNION FLAG HOT WATER BOTTLE,1,8/29/2011 14:52,3.39,,United Kingdom
567412,22960,JAM MAKING SET WITH JARS,48,8/29/2011 14:52,4.25,,United Kingdom
567476,22720,SET OF 3 CAKE TINS PANTRY DESIGN,2,8/30/2011 11:44,4.95,18239.0,United Kingdom
567476,48187,DOORMAT NEW ENGLAND,3,8/30/2011 11:44,7.95,18239.0,United Kingdom
567550,21777,RECIPE BOX WITH METAL HEART,6,8/30/2011 15:00,7.95,17015.0,United Kingdom
567550,22960,JAM MAKING SET WITH JARS,1,8/30/2011 15:00,4.25,17015.0,United Kingdom
567550,84029E,RED WOOLLY HOTTIE WHITE HEART.,1,8/30/2011 15:00,3.39,17015.0,United Kingdom
567550,22197,SMALL POPCORN HOLDER,4,8/30/2011 15:00,0.85,17015.0,United Kingdom
567550,84879,ASSORTED COLOUR BIRD ORNAMENT,48,8/30/2011 15:00,1.69,17015.0,United Kingdom
567550,84029G,KNITTED UNION FLAG HOT WATER BOTTLE,12,8/30/2011 15:00,3.39,17015.0,United Kingdom
567550,23084,RABBIT NIGHT LIGHT,8,8/30/2011 15:00,2.08,17015.0,United Kingdom
567550,85123A,WHITE HANGING HEART T-LIGHT HOLDER,24,8/30/2011 15:00,2.55,17015.0,United Kingdom
567550,84879,ASSORTED COLOUR BIRD ORNAMENT,6,8/30/2011 15:00,1.69,17015.0,United Kingdom
567550,20725,LUNCH BAG RED RETROSPOT,12,8/30/2011 15:00,1.65,17015.0,United Kingdom
567550,85123A,WHITE HANGING HEART T-LIGHT HOLDER,4,8/30/2011 15:00,2.55,17015.0,United Kingdom
567550,47566,PARTY BUNTING,4,8/30/2011 15:00,4.95,17015.0,United Kingdom
567550,21754,HOME BUILDING BLOCK WORD,4,8/30/2011 15:00,5.95,17015.0,United Kingdom
567550,21212,PACK OF 72 RETROSPOT CAKE CASES,8,8/30/2011 15:00,0.55,17015.0,United Kingdom
567550,85099B,JUMBO BAG RED RETROSPOT,12,8/30/2011 15:00,1.95,17015.0,United Kingdom
567550,21777,RECIPE BOX WITH METAL HEART,6,8/30/2011 15:00,7.95,17015.0,United Kingdom
567550,22960,JAM MAKING SET WITH JARS,12,8/30/2011 15:00,4.25,17015.0,United Kingdom
567550,84029E,RED WOOLLY HOTTIE WHITE HEART.,1,8/30/2011 15:00,3.39,17015.0,United Kingdom
567550,48187,DOORMAT NEW ENGLAND,3,8/30/2011 15:00,7.95,17015.0,United Kingdom
567550,22748,POPPY'S PLAYHOUSE KITCHEN,48,8/30/2011 15:00,2.1,17015.0,United Kingdom
567625,84029G,KNITTED UNION FLAG HOT WATER BOTTLE,6,8/31/2011 10:16,3.39,13386.0,United Kingdom
567625,84029E,RED WOOLLY HOTTIE WHITE HEART.,6,8/31/2011 10:16,3.39,13386.0,United Kingdom
567625,22423,REGENCY CAKESTAND 3 TIER,4,8/31/2011 10:16,12.75,13386.0,United Kingdom
567625,48187,DOORMAT NEW ENGLAND,3,8/31/2011 10:16,7.95,13386.0,United Kingdom
567625,47566,PARTY BUNTING,8,8/31/2011 10:16,4.95,13386.0,United Kingdom
567625,22752,SET 7 BABUSHKA NESTING BOXES,48,8/31/2011 10:16,7.65,13386.0,United Kingdom
567625,48187,DOORMAT NEW ENGLAND,1,8/31/2011 10:16,7.95,13386.0,United Kingdom
567625,22632,HAND WARMER RED POLKA DOT,2,8/31/2011 10:16,1.85,13386.0,United Kingdom
567625,22745,POPPY'S PLAYHOUSE BEDROOM,48,8/31/2011 10:16,2.1,13386.0,United Kingdom
567625,22197,SMALL POPCORN HOLDER,4,8/31/2011 10:16,0.85,13386.0,United Kingdom
567625,22960,JAM MAKING SET WITH JARS,48,8/31/2011 10:16,4.25,13386.0,United Kingdom
567625,21212,PACK OF 72 RETROSPOT CAKE CASES,1,8/31/2011 10:16,0.55,13386.0,United Kingdom
567625,20725,LUNCH BAG RED RETROSPOT,4,8/31/2011 10:16,1.65,13386.0,United Kingdom
567625,22613,PACK OF 20 SPACEBOY NAPKINS,24,8/31/2011 10:16,0.85,13386.0,United Kingdom
567625,21212,PACK OF 72 RETROSPOT CAKE CASES,1,8/31/2011 10:16,0.55,13386.0,United Kingdom
567625,22913,RED COAT RACK PARIS FASHION,12,8/31/2011 10:16,4.95,13386.0,United Kingdom
567625,22633,HAND WARMER UNION JACK,1,8/31/2011 10:16,1.85,13386.0,United Kingdom
567696,21212,PACK OF 72 RETROSPOT CAKE CASES,6,8/31/2011 17:15,0.55,,United Kingdom
567696,22623,BOX OF VINTAGE JIGSAW BLOCKS,6,8/31/2011 17:15,4.95,,United Kingdom
567696,22745,,8,8/31/2011 17:15,2.1,,United Kingdom
567696,22197,SMALL POPCORN HOLDER,12,8/31/2011 17:15,0.85,,United Kingdom
567696,71053,WHITE METAL LANTERN,8,8/31/2011 17:15,3.39,,United Kingdom
567696,21730,GLASS STAR FROSTED T-LIGHT HOLDER,24,8/31/2011 17:15,4.25,,United Kingdom
567696,21212,PACK OF 72 RETROSPOT CAKE CASES,8,8/31/2011 17:15,0.55,,United Kingdom
567761,21777,RECIPE BOX WITH METAL HEART,6,9/1/2011 8:10,7.95,,United Kingdom
567761,22197,SMALL POPCORN HOLDER,48,9/1/2011 8:10,0.85,,United Kingdom
567761,23084,RABBIT NIGHT LIGHT,12,9/1/2011 8:10,2.08,,United Kingdom
567761,22613,PACK OF 20 SPACEBOY NAPKINS,4,9/1/2011 8:10,0.85,,United Kingdom
567834,22310,IVORY KNITTED MUG COSY,1,9/1/2011 12:20,1.65,14105.0,Germany
567834,84029E,RED WOOLLY HOTTIE WHITE HEART.,48,9/1/2011 12:20,3.39,14105.0,Germany
567834,84029G,KNITTED UNION FLAG HOT WATER BOTTLE,6,9/1/2011 12:20,3.39,14105.0,Germany
567834,22613,PACK OF 20 SPACEBOY NAPKINS,3,9/1/2011 12:20,0.85,14105.0,Germany
567834,20725,LUNCH BAG RED RETROSPOT,4,9/1/2011 12:20,1.65,14105.0,Germany
567834,21754,HOME BUILDING BLOCK WORD,1,9/1/2011 12:20,5.95,14105.0,Germany
567834,84879,ASSORTED COLOUR BIRD ORNAMENT,48,9/1/2011 12:20,1.69,14105.0,Germany
567834,21754,HOME BUILDING BLOCK WORD,2,9/1/2011 12:20,5.95,14105.0,Germany
567834,48187,DOORMAT NEW ENGLAND,6,9/1/2011 12:20,7.95,14105.0,Germany
567834,20725,LUNCH BAG RED RETROSPOT,8,9/1/2011 12:20,1.65,14105.0,Germany
567834,23084,RABBIT NIGHT LIGHT,1,9/1/2011 12:20,2.08,14105.0,Germany
567834,21777,RECIPE BOX WITH METAL HEART,8,9/1/2011 12:20,7.95,14105.0,Germany
C567907,21754,HOME BUILDING BLOCK WORD,-3,9/2/2011 10:06,5.95,13411.0,United Kingdom
C567907,22423,REGENCY CAKESTAND 3 TIER,-2,9/2/2011 10:06,12.75,13411.0,United Kingdom
C567907,22623,BOX OF VINTAGE JIGSAW BLOCKS,-6,9/2/2011 10:06,4.95,13411.0,United Kingdom
C567907,22613,PACK OF 20 SPACEBOY NAPKINS,-2,9/2/2011 10:06,0.85,13411.0,United Kingdom
C567907,21730,GLASS STAR FROSTED T-LIGHT HOLDER,-12,9/2/2011 10:06,4.25,13411.0,United Kingdom
C567907,48187,DOORMAT NEW ENGLAND,-3,9/2/2011 10:06,7.95,13411.0,United Kingdom
C567907,84969,BOX OF 6 ASSORTED COLOUR TEASPOONS,-12,9/2/2011 10:06,4.25,13411.0,United Kingdom
C567907,71053,WHITE METAL LANTERN,-6,9/2/2011 10:06,3.39,13411.0,United Kingdom
C567907,22310,IVORY KNITTED MUG COSY,-4,9/2/2011 10:06,1.65,13411.0,United Kingdom
C567907,85123A,WHITE HANGING HEART T-LIGHT HOLDER,-2,9/2/2011 10:06,2.55,13411.0,United Kingdom
C567907,22310,IVORY KNITTED MUG COSY,-6,9/2/2011 10:06,1.65,13411.0,United Kingdom
C567907,23084,RABBIT NIGHT LIGHT,-3,9/2/2011 10:06,2.08,13411.0,United Kingdom
C567907,47566,PARTY BUNTING,-3,9/2/2011 10:06,4.95,13411.0,United Kingdom
C567907,84969,BOX OF 6 ASSORTED COLOUR TEASPOONS,-4,9/2/2011 10:06,4.25,13411.0,United Kingdom
C567907,22720,SET OF 3 CAKE TINS PANTRY DESIGN,-3,9/2/2011 10:06,4.95,13411.0,United Kingdom
C567907,22310,IVORY KNITTED MUG COSY,-24,9/2/2011 10:06,1.65,13411.0,United Kingdom
C567907,23084,RABBIT NIGHT LIGHT,-3,9/2/2011 10:06,2.08,13411.0,United Kingdom
C567907,21730,GLASS STAR FROSTED T-LIGHT HOLDER,-24,9/2/2011 10:06,4.25,13411.0,United Kingdom
C567907,22632,HAND WARMER RED POLKA DOT,-3,9/2/2011 10:06,1.85,13411.0,United Kingdom
C567907,22633,HAND WARMER UNION JACK,-1,9/2/2011 10:06,1.85,13411.0,United Kingdom
C567907,22960,JAM MAKING SET WITH JARS,-48,9/2/2011 10:06,4.25,13411.0,United Kingdom
567969,84879,ASSORTED COLOUR BIRD ORNAMENT,3,9/2/2011 16:25,1.69,,United Kingdom
567969,22748,POPPY'S PLAYHOUSE KITCHEN,3,9/2/2011 16:25,2.1,,United Kingdom
567969,84879,ASSORTED COLOUR BIRD ORNAMENT,2,9/2/2011 16:25,1.69,,United Kingdom
567969,21754,HOME BUILDING BLOCK WORD,6,9/2/2011 16:25,5.95,,United Kingdom
567969,84406B,CREAM CUPID HEARTS COAT HANGER,48,9/2/2011 16:25,2.75,,United Kingdom
567969,84969,BOX OF 6 ASSORTED COLOUR TEASPOONS,6,9/2/2011 16:25,4.25,,United Kingdom
567969,22752,SET 7 BABUSHKA NESTING BOXES,2,9/2/2011 16:25,7.65,,United Kingdom
567969,21730,GLASS STAR FROSTED T-LIGHT HOLDER,1,9/2/2011 16:25,4.25,,United Kingdom
567969,22423,REGENCY CAKESTAND 3 TIER,2,9/2/2011 16:25,12.75,,United Kingdom
567969,21777,RECIPE BOX WITH METAL HEART,6,9/2/2011 16:25,7.95,,United Kingdom
567969,84879,ASSORTED COLOUR BIRD ORNAMENT,48,9/2/2011 16:25,1.69,,United Kingdom
567969,22310,IVORY KNITTED MUG COSY,3,9/2/2011 16:25,1.65,,United Kingdom
567969,22632,HAND WARMER RED POLKA DOT,3,9/2/2011 16:25,1.85,,United Kingdom
567969,21730,GLASS STAR FROSTED T-LIGHT HOLDER,3,9/2/2011 16:25,4.25,,United Kingdom
567969,71053,WHITE METAL LANTERN,48,9/2/2011 16:25,3.39,,United Kingdom
567969,22748,POPPY'S PLAYHOUSE KITCHEN,1,9/2/2011 16:25,2.1,,United Kingdom
567969,85123A,WHITE HANGING HEART T-LIGHT HOLDER,2,9/2/2011 16:25,2.55,,United Kingdom
567969,22752,SET 7 BABUSHKA NESTING BOXES,12,9/2/2011 16:25,7.65,,United Kingdom
567969,20725,LUNCH BAG RED RETROSPOT,48,9/2/2011 16:25,1.65,,United Kingdom
567969,22633,HAND WARMER UNION JACK,6,9/2/2011 16:25,1.85,,United Kingdom
567969,21755,LOVE BUILDING BLOCK WORD,2,9/2/2011 16:25,5.95,,United Kingdom
568047,22913,RED COAT RACK PARIS FASHION,1,9/3/2011 10:41,4.95,12547.0,United Kingdom
568047,48187,DOORMAT NEW ENGLAND,48,9/3/2011 10:41,7.95,12547.0,United Kingdom
568047,21212,PACK OF 72 RETROSPOT CAKE CASES,6,9/3/2011 10:41,0.55,12547.0,United Kingdom
568047,22748,POPPY'S PLAYHOUSE KITCHEN,48,9/3/2011 10:41,2.1,12547.0,United Kingdom
568047,84406B,CREAM CUPID HEARTS COAT HANGER,24,9/3/2011 10:41,2.75,12547.0,United Kingdom
568047,84029E,RED WOOLLY HOTTIE WHITE HEART.,3,9/3/2011 10:41,3.39,12547.0,United Kingdom
568047,21754,HOME BUILDING BLOCK WORD,8,9/3/2011 10:41,5.95,12547.0,United Kingdom
568047,22623,BOX OF VINTAGE JIGSAW BLOCKS,1,9/3/2011 10:41,4.95,12547.0,United Kingdom
568047,71053,WHITE METAL LANTERN,4,9/3/2011 10:41,3.39,12547.0,United Kingdom
568047,22913,RED COAT RACK PARIS FASHION,4,9/3/2011 10:41,4.95,12547.0,United Kingdom
568047,21730,GLASS STAR FROSTED T-LIGHT HOLDER,1,9/3/2011 10:41,4.25,12547.0,United Kingdom
C568102,84029G,KNITTED UNION FLAG HOT WATER BOTTLE,-48,9/4/2011 8:46,3.39,17888.0,United Kingdom
C568102,84406B,CREAM CUPID HEARTS COAT HANGER,-12,9/4/2011 8:46,2.75,17888.0,United Kingdom
C568102,21730,GLASS STAR FROSTED T-LIGHT HOLDER,-24,9/4/2011 8:46,4.25,17888.0,United Kingdom
C568102,22632,HAND WARMER RED POLKA DOT,-1,9/4/2011 8:46,1.85,17888.0,United Kingdom
C568102,84879,ASSORTED COLOUR BIRD ORNAMENT,-3,9/4/2011 8:46,1.69,17888.0,United Kingdom
C568102,20725,LUNCH BAG RED RETROSPOT,-2,9/4/2011 8:46,1.65,17888.0,United Kingdom
C568102,85099B,JUMBO BAG RED RETROSPOT,-24,9/4/2011 8:46,1.95,17888.0,United Kingdom
C568102,84029E,RED WOOLLY HOTTIE WHITE HEART.,-48,9/4/2011 8:46,3.39,17888.0,United Kingdom
C568102,47566,PARTY BUNTING,-24,9/4/2011 8:46,4.95,17888.0,United Kingdom
C568102,22197,SMALL POPCORN HOLDER,-1,9/4/2011 8:46,0.85,17888.0,United Kingdom
C568102,84406B,CREAM CUPID HEARTS COAT HANGER,-24,9/4/2011 8:46,2.75,17888.0,United Kingdom
C568102,21777,RECIPE BOX WITH METAL HEART,-12,9/4/2011 8:46,7.95,17888.0,United Kingdom
C568102,84969,BOX OF 6 ASSORTED COLOUR TEASPOONS,-12,9/4/2011 8:46,4.25,17888.0,United Kingdom
C568102,20725,LUNCH BAG RED RETROSPOT,-4,9/4/2011 8:46,1.65,17888.0,United Kingdom
C568102,22752,SET 7 BABUSHKA NESTING BOXES,-4,9/4/2011 8:46,7.65,17888.0,United Kingdom
568156,22423,REGENCY CAKESTAND 3 TIER,6,9/4/2011 15:47,12.75,16285.0,United Kingdom
568156,47566,PARTY BUNTING,24,9/4/2011 15:47,4.95,16285.0,United Kingdom
568156,21777,RECIPE BOX WITH METAL HEART,4,9/4/2011 15:47,7.95,16285.0,United Kingdom
568156,21212,PACK OF 72 RETROSPOT CAKE CASES,8,9/4/2011 15:47,0.55,16285.0,United Kingdom
568156,84969,BOX OF 6 ASSORTED COLOUR TEASPOONS,48,9/4/2011 15:47,4.25,16285.0,United Kingdom
568156,84879,ASSORTED COLOUR BIRD ORNAMENT,24,9/4/2011 15:47,1.69,16285.0,United Kingdom
568156,21777,RECIPE BOX WITH METAL HEART,2,9/4/2011 15:47,7.95,16285.0,United Kingdom
568156,71053,WHITE METAL LANTERN,12,9/4/2011 15:47,3.39,16285.0,United Kingdom
568156,22720,SET OF 3 CAKE TINS PANTRY DESIGN,8,9/4/2011 15:47,4.95,16285.0,United Kingdom
568156,22623,BOX OF VINTAGE JIGSAW BLOCKS,1,9/4/2011 15:47,4.95,16285.0,United Kingdom
568203,84029G,KNITTED UNION FLAG HOT WATER BOTTLE,4,9/5/2011 10:13,3.39,,United Kingdom
568203,84879,ASSORTED COLOUR BIRD ORNAMENT,1,9/5/2011 10:13,1.69,,United Kingdom
568203,85099B,JUMBO BAG RED RETROSPOT,12,9/5/2011 10:13,1.95,,United Kingdom
568203,84029G,KNITTED UNION FLAG HOT WATER BOTTLE,8,9/5/2011 10:13,3.39,,United Kingdom
568203,22613,PACK OF 20 SPACEBOY NAPKINS,2,9/5/2011 10:13,0.85,,United Kingdom
568279,22720,SET OF 3 CAKE TINS PANTRY DESIGN,12,9/5/2011 14:05,4.95,13634.0,United Kingdom
568279,21212,PACK OF 72 RETROSPOT CAKE CASES,48,9/5/2011 14:05,0.55,13634.0,United Kingdom
568279,22752,SET 7 BABUSHKA NESTING BOXES,8,9/5/2011 14:05,7.65,13634.0,United Kingdom
568279,84879,ASSORTED COLOUR BIRD ORNAMENT,48,9/5/2011 14:05,1.69,13634.0,United Kingdom
568279,84969,BOX OF 6 ASSORTED COLOUR TEASPOONS,3,9/5/2011 14:05,4.25,13634.0,United Kingdom
568279,84029G,KNITTED UNION FLAG HOT WATER BOTTLE,6,9/5/2011 14:05,3.39,13634.0,United Kingdom
568279,48187,DOORMAT NEW ENGLAND,3,9/5/2011 14:05,7.95,13634.0,United Kingdom
568279,48187,DOORMAT NEW ENGLAND,8,9/5/2011 14:05,7.95,13634.0,United Kingdom
568279,48187,DOORMAT NEW ENGLAND,4,9/5/2011 14:05,7.95,13634.0,United Kingdom
568279,84969,BOX OF 6 ASSORTED COLOUR TEASPOONS,4,9/5/2011 14:05,4.25,13634.0,United Kingdom
568279,22633,HAND WARMER UNION JACK,24,9/5/2011 14:05,1.85,13634.0,United Kingdom
568279,22633,HAND WARMER UNION JACK,12,9/5/2011 14:05,1.85,13634.0,United Kingdom
568279,22197,SMALL POPCORN HOLDER,1,9/5/2011 14:05,0.85,13634.0,United Kingdom
568279,22310,IVORY KNITTED MUG COSY,48,9/5/2011 14:05,1.65,13634.0,United Kingdom
568279,47566,PARTY BUNTING,4,9/5/2011 14:05,4.95,13634.0,United Kingdom
568279,84969,BOX OF 6 ASSORTED COLOUR TEASPOONS,6,9/5/2011 14:05,4.25,13634.0,United Kingdom
568279,47566,PARTY BUNTING,4,9/5/2011 14:05,4.95,13634.0,United Kingdom
568279,20725,LUNCH BAG RED RETROSPOT,4,9/5/2011 14:05,1.65,13634.0,United Kingdom
568321,22633,HAND WARMER UNION JACK,24,9/6/2011 8:07,1.85,13774.0,United Kingdom
568321,85099B,JUMBO BAG RED RETROSPOT,8,9/6/2011 8:07,1.95,13774.0,United Kingdom
568321,84029E,RED WOOLLY HOTTIE WHITE HEART.,4,9/6/2011 8:07,3.39,13774.0,United Kingdom
568321,20725,LUNCH BAG RED RETROSPOT,24,9/6/2011 8:07,1.65,13774.0,United Kingdom
568321,22633,HAND WARMER UNION JACK,6,9/6/2011 8:07,1.85,13774.0,United Kingdom
568321,22748,POPPY'S PLAYHOUSE KITCHEN,12,9/6/2011 8:07,2.1,13774.0,United Kingdom
568321,85123A,WHITE HANGING HEART T-LIGHT HOLDER,2,9/6/2011 8:07,2.55,13774.0,United Kingdom
568321,84029E,RED WOOLLY HOTTIE WHITE HEART.,8,9/6/2011 8:07,3.39,13774.0,United Kingdom
568321,22960,JAM MAKING SET WITH JARS,48,9/6/2011 8:07,4.25,13774.0,United Kingdom
568321,22197,SMALL POPCORN HOLDER,1,9/6/2011 8:07,0.85,13774.0,United Kingdom
568321,84029E,RED WOOLLY HOTTIE WHITE HEART.,8,9/6/2011 8:07,3.39,13774.0,United Kingdom
568321,85099B,JUMBO BAG RED RETROSPOT,4,9/6/2011 8:07,1.95,13774.0,United Kingdom
568321,22423,REGENCY CAKESTAND 3 TIER,24,9/6/2011 8:07,12.75,13774.0,United Kingdom
568321,84969,BOX OF 6 ASSORTED COLOUR TEASPOONS,3,9/6/2011 8:07,4.25,13774.0,United Kingdom
568321,84029E,RED WOOLLY HOTTIE WHITE HEART.,6,9/6/2011 8:07,3.39,13774.0,United Kingdom
568321,22748,POPPY'S PLAYHOUSE KITCHEN,6,9/6/2011 8:07,2.1,13774.0,United Kingdom
568321,84029G,KNITTED UNION FLAG HOT WATER BOTTLE,12,9/6/2011 8:07,3.39,13774.0,United Kingdom
568380,22623,BOX OF VINTAGE JIGSAW BLOCKS,3,9/6/2011 14:40,4.95,14382.0,United Kingdom
568380,22423,REGENCY CAKESTAND 3 TIER,2,9/6/2011 14:40,12.75,14382.0,United Kingdom
568380,47566,PARTY BUNTING,6,9/6/2011 14:40,4.95,14382.0,United Kingdom
568380,22752,SET 7 BABUSHKA NESTING BOXES,12,9/6/2011 14:40,7.65,14382.0,United Kingdom
568380,22632,HAND WARMER RED POLKA DOT,3,9/6/2011 14:40,1.85,14382.0,United Kingdom
568380,21730,GLASS STAR FROSTED T-LIGHT HOLDER,48,9/6/2011 14:40,4.25,14382.0,United Kingdom
568380,21730,GLASS STAR FROSTED T-LIGHT HOLDER,24,9/6/2011 14:40,4.25,14382.0,United Kingdom
568380,20725,LUNCH BAG RED RETROSPOT,48,9/6/2011 14:40,1.65,14382.0,United Kingdom
568380,22960,JAM MAKING SET WITH JARS,4,9/6/2011 14:40,4.25,14382.0,United Kingdom
568380,84029G,KNITTED UNION FLAG HOT WATER BOTTLE,4,9/6/2011 14:40,3.39,14382.0,United Kingdom
568380,22623,BOX OF VINTAGE JIGSAW BLOCKS,12,9/6/2011 14:40,4.95,14382.0,United Kingdom
568380,22632,HAND WARMER RED POLKA DOT,12,9/6/2011 14:40,1.85,14382.0,United Kingdom
568380,22913,RED COAT RACK PARIS FASHION,4,9/6/2011 14:40,4.95,14382.0,United Kingdom
568380,22720,SET OF 3 CAKE TINS PANTRY DESIGN,4,9/6/2011 14:40,4.95,14382.0,United Kingdom
568380,84879,ASSORTED COLOUR BIRD ORNAMENT,24,9/6/2011 14:40,1.69,14382.0,United Kingdom
568380,22960,JAM MAKING SET WITH JARS,12,9/6/2011 14:40,4.25,14382.0,United Kingdom
568380,47566,PARTY BUNTING,48,9/6/2011 14:40,4.95,14382.0,United Kingdom
568380,21755,LOVE BUILDING BLOCK WORD,24,9/6/2011 14:40,5.95,14382.0,United Kingdom
568380,20725,LUNCH BAG RED RETROSPOT,4,9/6/2011 14:40,1.65,14382.0,United Kingdom
568380,84406B,CREAM CUPID HEARTS COAT HANGER,8,9/6/2011 14:40,2.75,14382.0,United Kingdom
568380,21777,RECIPE BOX WITH METAL HEART,4,9/6/2011 14:40,7.95,14382.0,United Kingdom
568380,84969,BOX OF 6 ASSORTED COLOUR TEASPOONS,3,9/6/2011 14:40,4.25,14382.0,United Kingdom
568451,84406B,CREAM CUPID HEARTS COAT HANGER,12,9/6/2011 17:30,2.75,18115.0,United Kingdom
568451,22748,POPPY'S PLAYHOUSE KITCHEN,12,9/6/2011 17:30,2.1,18115.0,United Kingdom
568451,23084,RABBIT NIGHT LIGHT,6,9/6/2011 17:30,2.08,18115.0,United Kingdom
568451,22623,BOX OF VINTAGE JIGSAW BLOCKS,4,9/6/2011 17:30,4.95,18115.0,United Kingdom
568451,21212,PACK OF 72 RETROSPOT CAKE CASES,24,9/6/2011 17:30,0.55,18115.0,United Kingdom
568451,84879,ASSORTED COLOUR BIRD ORNAMENT,2,9/6/2011 17:30,1.69,18115.0,United Kingdom
568451,22197,SMALL POPCORN HOLDER,24,9/6/2011 17:30,0.85,18115.0,United Kingdom
568451,21754,HOME BUILDING BLOCK WORD,8,9/6/2011 17:30,5.95,18115.0,United Kingdom
568451,21730,GLASS STAR FROSTED T-LIGHT HOLDER,48,9/6/2011 17:30,4.25,18115.0,United Kingdom
568451,21754,HOME BUILDING BLOCK WORD,8,9/6/2011 17:30,5.95,18115.0,United Kingdom
568529,47566,PARTY BUNTING,1,9/7/2011 9:18,4.95,12391.0,United Kingdom
568529,84029G,KNITTED UNION FLAG HOT WATER BOTTLE,4,9/7/2011 9:18,3.39,12391.0,United Kingdom
568529,22633,HAND WARMER UNION JACK,4,9/7/2011 9:18,1.85,12391.0,United Kingdom
568529,84029E,RED WOOLLY HOTTIE WHITE HEART.,2,9/7/2011 9:18,3.39,12391.0,United Kingdom
568529,84029E,RED WOOLLY HOTTIE WHITE HEART.,6,9/7/2011 9:18,3.39,12391.0,United Kingdom
568529,21212,PACK OF 72 RETROSPOT CAKE CASES,12,9/7/2011 9:18,0.55,12391.0,United Kingdom
568529,22197,SMALL POPCORN HOLDER,2,9/7/2011 9:18,0.85,12391.0,United Kingdom
568529,22720,SET OF 3 CAKE TINS PANTRY DESIGN,2,9/7/2011 9:18,4.95,12391.0,United Kingdom
568529,22745,POPPY'S PLAYHOUSE BEDROOM,6,9/7/2011 9:18,2.1,12391.0,United Kingdom
568529,22623,BOX OF VINTAGE JIGSAW BLOCKS,24,9/7/2011 9:18,4.95,12391.0,United Kingdom
568529,84879,ASSORTED COLOUR BIRD ORNAMENT,8,9/7/2011 9:18,1.69,12391.0,United Kingdom
568529,22633,HAND WARMER UNION JACK,24,9/7/2011 9:18,1.85,12391.0,United Kingdom
568529,20725,LUNCH BAG RED RETROSPOT,48,9/7/2011 9:18,1.65,12391.0,United Kingdom
568529,84406B,CREAM CUPID HEARTS COAT HANGER,3,9/7/2011 9:18,2.75,12391.0,United Kingdom
568601,47566,PARTY BUNTING,12,9/8/2011 9:02,4.95,13559.0,United Kingdom
568601,84406B,CREAM CUPID HEARTS COAT HANGER,1,9/8/2011 9:02,2.75,13559.0,United Kingdom
568601,23084,RABBIT NIGHT LIGHT,2,9/8/2011 9:02,2.08,13559.0,United Kingdom
568601,21730,GLASS STAR FROSTED T-LIGHT HOLDER,24,9/8/2011 9:02,4.25,13559.0,United Kingdom
568601,22633,HAND WARMER UNION JACK,6,9/8/2011 9:02,1.85,13559.0,United Kingdom
568601,21755,LOVE BUILDING BLOCK WORD,24,9/8/2011 9:02,5.95,13559.0,United Kingdom
568601,84879,ASSORTED COLOUR BIRD ORNAMENT,24,9/8/2011 9:02,1.69,13559.0,United Kingdom
568601,84406B,CREAM CUPID HEARTS COAT HANGER,3,9/8/2011 9:02,2.75,13559.0,United Kingdom
568601,71053,WHITE METAL LANTERN,12,9/8/2011 9:02,3.39,13559.0,United Kingdom
568601,85123A,WHITE HANGING HEART T-LIGHT HOLDER,8,9/8/2011 9:02,2.55,13559.0,United Kingdom
568601,22632,HAND WARMER RED POLKA DOT,2,9/8/2011 9:02,1.85,13559.0,United Kingdom
568601,21212,PACK OF 72 RETROSPOT CAKE CASES,48,9/8/2011 9:02,0.55,13559.0,United Kingdom
568601,23084,RABBIT NIGHT LIGHT,12,9/8/2011 9:02,2.08,13559.0,United Kingdom
568601,22720,SET OF 3 CAKE TINS PANTRY DESIGN,3,9/8/2011 9:02,4.95,13559.0,United Kingdom
568601,84969,BOX OF 6 ASSORTED COLOUR TEASPOONS,24,9/8/2011 9:02,4.25,13559.0,United Kingdom
568601,22745,POPPY'S PLAYHOUSE BEDROOM,1,9/8/2011 9:02,2.1,13559.0,United Kingdom
568601,22632,HAND WARMER RED POLKA DOT,2,9/8/2011 9:02,1.85,13559.0,United Kingdom
568601,85099B,JUMBO BAG RED RETROSPOT,2,9/8/2011 9:02,1.95,13559.0,United Kingdom
568601,22720,SET OF 3 CAKE TINS PANTRY DESIGN,1,9/8/2011 9:02,4.95,13559.0,United Kingdom
568601,23084,RABBIT NIGHT LIGHT,2,9/8/2011 9:02,2.08,13559.0,United Kingdom
568601,84029G,KNITTED UNION FLAG HOT WATER BOTTLE,24,9/8/2011 9:02,3.39,13559.0,United Kingdom
568676,22613,PACK OF 20 SPACEBOY NAPKINS,12,9/8/2011 15:21,0.85,,United Kingdom
568676,21755,LOVE BUILDING BLOCK WORD,3,9/8/2011 15:21,5.95,,United Kingdom
568676,71053,WHITE METAL LANTERN,6,9/8/2011 15:21,3.39,,United Kingdom
568676,20725,LUNCH BAG RED RETROSPOT,2,9/8/2011 15:21,1.65,,United Kingdom
568676,84029G,KNITTED UNION FLAG HOT WATER BOTTLE,1,9/8/2011 15:21,3.39,,United Kingdom
568676,22752,SET 7 BABUSHKA NESTING BOXES,48,9/8/2011 15:21,7.65,,United Kingdom
568676,22423,REGENCY CAKESTAND 3 TIER,6,9/8/2011 15:21,12.75,,United Kingdom
568676,71053,WHITE METAL LANTERN,4,9/8/2011 15:21,3.39,,United Kingdom
568676,22913,RED COAT RACK PARIS FASHION,12,9/8/2011 15:21,4.95,,United Kingdom
568676,21730,GLASS STAR FROSTED T-LIGHT HOLDER,24,9/8/2011 15:21,4.25,,United Kingdom
568676,22752,SET 7 BABUSHKA NESTING BOXES,1,9/8/2011 15:21,7.65,,United Kingdom
568676,22623,,3,9/8/2011 15:21,4.95,,United Kingdom
568676,48187,DOORMAT NEW ENGLAND,6,9/8/2011 15:21,7.95,,United Kingdom
568737,22423,REGENCY CAKESTAND 3 TIER,8,9/9/2011 10:01,12.75,13858.0,United Kingdom
568737,22197,SMALL POPCORN HOLDER,1,9/9/2011 10:01,0.85,13858.0,United Kingdom
568737,47566,PARTY BUNTING,8,9/9/2011 10:01,4.95,13858.0,United Kingdom
568737,85099B,JUMBO BAG RED RETROSPOT,4,9/9/2011 10:01,1.95,13858.0,United Kingdom
568737,84879,ASSORTED COLOUR BIRD ORNAMENT,48,9/9/2011 10:01,1.69,13858.0,United Kingdom
568737,22748,POPPY'S PLAYHOUSE KITCHEN,12,9/9/2011 10:01,2.1,13858.0,United Kingdom
568737,84029G,KNITTED UNION FLAG HOT WATER BOTTLE,24,9/9/2011 10:01,3.39,13858.0,United Kingdom
568737,22745,POPPY'S PLAYHOUSE BEDROOM,6,9/9/2011 10:01,2.1,13858.0,United Kingdom
568737,48187,DOORMAT NEW ENGLAND,3,9/9/2011 10:01,7.95,13858.0,United Kingdom
568737,22623,BOX OF VINTAGE JIGSAW BLOCKS,4,9/9/2011 10:01,4.95,13858.0,United Kingdom
568737,22623,BOX OF VINTAGE JIGSAW BLOCKS,4,9/9/2011 10:01,4.95,13858.0,United Kingdom
568737,84879,ASSORTED COLOUR BIRD ORNAMENT,48,9/9/2011 10:01,1.69,13858.0,United Kingdom
568737,84029E,RED WOOLLY HOTTIE WHITE HEART.,8,9/9/2011 10:01,3.39,13858.0,United Kingdom
568737,84406B,CREAM CUPID HEARTS COAT HANGER,3,9/9/2011 10:01,2.75,13858.0,United Kingdom
568737,22720,SET OF 3 CAKE TINS PANTRY DESIGN,12,9/9/2011 10:01,4.95,13858.0,United Kingdom
568737,22720,SET OF 3 CAKE TINS PANTRY DESIGN,4,9/9/2011 10:01,4.95,13858.0,United Kingdom
568737,22632,HAND WARMER RED POLKA DOT,1,9/9/2011 10:01,1.85,13858.0,United Kingdom
568737,84879,ASSORTED COLOUR BIRD ORNAMENT,3,9/9/2011 10:01,1.69,13858.0,United Kingdom
568737,47566,PARTY BUNTING,48,9/9/2011 10:01,4.95,13858.0,United Kingdom
568737,22752,SET 7 BABUSHKA NESTING BOXES,12,9/9/2011 10:01,7.65,13858.0,United Kingdom
568737,84029E,RED WOOLLY HOTTIE WHITE HEART.,3,9/9/2011 10:01,3.39,13858.0,United Kingdom
568737,22623,BOX OF VINTAGE JIGSAW BLOCKS,12,9/9/2011 10:01,4.95,13858.0,United Kingdom
568737,84969,BOX OF 6 ASSORTED COLOUR TEASPOONS,4,9/9/2011 10:01,4.25,13858.0,United Kingdom
568737,23084,RABBIT NIGHT LIGHT,2,9/9/2011 10:01,2.08,13858.0,United Kingdom
568800,71053,WHITE METAL LANTERN,3,9/10/2011 9:24,3.39,13739.0,United Kingdom
568800,84969,BOX OF 6 ASSORTED COLOUR TEASPOONS,1,9/10/2011 9:24,4.25,13739.0,United Kingdom
568800,48187,DOORMAT NEW ENGLAND,4,9/10/2011 9:24,7.95,13739.0,United Kingdom
568800,47566,PARTY BUNTING,3,9/10/2011 9:24,4.95,13739.0,United Kingdom
568857,84029E,RED WOOLLY HOTTIE WHITE HEART.,4,9/10/2011 19:23,3.39,14131.0,Germany
568918,21730,GLASS STAR FROSTED T-LIGHT HOLDER,12,9/11/2011 11:14,4.25,,United Kingdom
568973,84969,BOX OF 6 ASSORTED COLOUR TEASPOONS,3,9/11/2011 15:47,4.25,15862.0,United Kingdom
568973,21212,PACK OF 72 RETROSPOT CAKE CASES,8,9/11/2011 15:47,0.55,15862.0,United Kingdom
568973,22197,SMALL POPCORN HOLDER,8,9/11/2011 15:47,0.85,15862.0,United Kingdom
568973,84879,ASSORTED COLOUR BIRD ORNAMENT,1,9/11/2011 15:47,1.69,15862.0,United Kingdom
568973,22623,BOX OF VINTAGE JIGSAW BLOCKS,4,9/11/2011 15:47,4.95,15862.0,United Kingdom
568973,22633,HAND WARMER UNION JACK,48,9/11/2011 15:47,1.85,15862.0,United Kingdom
568973,84406B,CREAM CUPID HEARTS COAT HANGER,1,9/11/2011 15:47,2.75,15862.0,United Kingdom
568973,84029E,RED WOOLLY HOTTIE WHITE HEART.,24,9/11/2011 15:47,3.39,15862.0,United Kingdom
568973,23084,RABBIT NIGHT LIGHT,8,9/11/2011 15:47,2.08,15862.0,United Kingdom
568973,84029E,RED WOOLLY HOTTIE WHITE HEART.,6,9/11/2011 15:47,3.39,15862.0,United Kingdom
568973,71053,WHITE METAL LANTERN,6,9/11/2011 15:47,3.39,15862.0,United Kingdom
568973,21777,RECIPE BOX WITH METAL HEART,24,9/11/2011 15:47,7.95,15862.0,United Kingdom
568973,21777,RECIPE BOX WITH METAL HEART,48,9/11/2011 15:47,7.95,15862.0,United Kingdom
568973,21730,GLASS STAR FROSTED T-LIGHT HOLDER,8,9/11/2011 15:47,4.25,15862.0,United Kingdom
568973,22748,POPPY'S PLAYHOUSE KITCHEN,24,9/11/2011 15:47,2.1,15862.0,United Kingdom
568973,22913,RED COAT RACK PARIS FASHION,8,9/11/2011 15:47,4.95,15862.0,United Kingdom
568973,22748,POPPY'S PLAYHOUSE KITCHEN,4,9/11/2011 15:47,2.1,15862.0,United Kingdom
568973,22310,IVORY KNITTED MUG COSY,3,9/11/2011 15:47,1.65,15862.0,United Kingdom
568973,84406B,CREAM CUPID HEARTS COAT HANGER,48,9/11/2011 15:47,2.75,15862.0,United Kingdom
568973,22423,REGENCY CAKESTAND 3 TIER,3,9/11/2011 15:47,12.75,15862.0,United Kingdom
568973,20725,LUNCH BAG RED RETROSPOT,8,9/11/2011 15:47,1.65,15862.0,United Kingdom
568973,85099B,JUMBO BAG RED RETROSPOT,24,9/11/2011 15:47,1.95,15862.0,United Kingdom
568973,23084,RABBIT NIGHT LIGHT,48,9/11/2011 15:47,2.08,15862.0,United Kingdom
568973,48187,DOORMAT NEW ENGLAND,3,9/11/2011 15:47,7.95,15862.0,United Kingdom
569051,22960,JAM MAKING SET WITH JARS,6,9/12/2011 11:48,4.25,13358.0,United Kingdom
569051,22745,POPPY'S PLAYHOUSE BEDROOM,48,9/12/2011 11:48,2.1,13358.0,United Kingdom
569051,21754,HOME BUILDING BLOCK WORD,6,9/12/2011 11:48,5.95,13358.0,United Kingdom
569051,84406B,CREAM CUPID HEARTS COAT HANGER,12,9/12/2011 11:48,2.75,13358.0,United Kingdom
569051,21755,LOVE BUILDING BLOCK WORD,3,9/12/2011 11:48,5.95,13358.0,United Kingdom
569123,84879,ASSORTED COLOUR BIRD ORNAMENT,4,9/13/2011 11:10,1.69,17008.0,United Kingdom
569123,22310,IVORY KNITTED MUG COSY,12,9/13/2011 11:10,1.65,17008.0,United Kingdom
569123,22423,REGENCY CAKESTAND 3 TIER,2,9/13/2011 11:10,12.75,17008.0,United Kingdom
569123,84879,ASSORTED COLOUR BIRD ORNAMENT,8,9/13/2011 11:10,1.69,17008.0,United Kingdom
569123,22748,POPPY'S PLAYHOUSE KITCHEN,4,9/13/2011 11:10,2.1,17008.0,United Kingdom
569123,84029E,RED WOOLLY HOTTIE WHITE HEART.,4,9/13/2011 11:10,3.39,17008.0,United Kingdom
569123,22197,SMALL POPCORN HOLDER,3,9/13/2011 11:10,0.85,17008.0,United Kingdom
569123,22913,RED COAT RACK PARIS FASHION,8,9/13/2011 11:10,4.95,17008.0,United Kingdom
569123,48187,DOORMAT NEW ENGLAND,12,9/13/2011 11:10,7.95,17008.0,United Kingdom
569123,22632,HAND WARMER RED POLKA DOT,4,9/13/2011 11:10,1.85,17008.0,United Kingdom
569123,47566,PARTY BUNTING,48,9/13/2011 11:10,4.95,17008.0,United Kingdom
569123,21730,GLASS STAR FROSTED T-LIGHT HOLDER,3,9/13/2011 11:10,4.25,17008.0,United Kingdom
569123,21212,PACK OF 72 RETROSPOT CAKE CASES,48,9/13/2011 11:10,0.55,17008.0,United Kingdom
569123,22613,PACK OF 20 SPACEBOY NAPKINS,12,9/13/2011 11:10,0.85,17008.0,United Kingdom
569165,84969,BOX OF 6 ASSORTED COLOUR TEASPOONS,4,9/13/2011 18:59,4.25,14076.0,United Kingdom
569165,48187,DOORMAT NEW ENGLAND,48,9/13/2011 18:59,7.95,14076.0,United Kingdom
569165,84879,ASSORTED COLOUR BIRD ORNAMENT,24,9/13/2011 18:59,1.69,14076.0,United Kingdom
569165,22752,SET 7 BABUSHKA NESTING BOXES,3,9/13/2011 18:59,7.65,14076.0,United Kingdom
569165,84029E,RED WOOLLY HOTTIE WHITE HEART.,4,9/13/2011 18:59,3.39,14076.0,United Kingdom
569165,23084,RABBIT NIGHT LIGHT,3,9/13/2011 18:59,2.08,14076.0,United Kingdom
569165,22197,SMALL POPCORN HOLDER,48,9/13/2011 18:59,0.85,14076.0,United Kingdom
569165,21212,PACK OF 72 RETROSPOT CAKE CASES,12,9/13/2011 18:59,0.55,14076.0,United Kingdom
569165,22720,SET OF 3 CAKE TINS PANTRY DESIGN,48,9/13/2011 18:59,4.95,14076.0,United Kingdom
569165,21755,LOVE BUILDING BLOCK WORD,3,9/13/2011 18:59,5.95,14076.0,United Kingdom
569165,22720,SET OF 3 CAKE TINS PANTRY DESIGN,8,9/13/2011 18:59,4.95,14076.0,United Kingdom
569165,20725,LUNCH BAG RED RETROSPOT,48,9/13/2011 18:59,1.65,14076.0,United Kingdom
569206,22633,HAND WARMER UNION JACK,2,9/14/2011 8:18,1.85,16611.0,United Kingdom
569206,22752,SET 7 BABUSHKA NESTING BOXES,3,9/14/2011 8:18,7.65,16611.0,United Kingdom
569206,84879,ASSORTED COLOUR BIRD ORNAMENT,6,9/14/2011 8:18,1.69,16611.0,United Kingdom
569206,22748,POPPY'S PLAYHOUSE KITCHEN,6,9/14/2011 8:18,2.1,16611.0,United Kingdom
569206,84029G,KNITTED UNION FLAG HOT WATER BOTTLE,24,9/14/2011 8:18,3.39,16611.0,United Kingdom
569206,21755,LOVE BUILDING BLOCK WORD,1,9/14/2011 8:18,5.95,16611.0,United Kingdom
569206,22745,POPPY'S PLAYHOUSE BEDROOM,4,9/14/2011 8:18,2.1,16611.0,United Kingdom
569206,85099B,JUMBO BAG RED RETROSPOT,4,9/14/2011 8:18,1.95,16611.0,United Kingdom
569206,22423,REGENCY CAKESTAND 3 TIER,24,9/14/2011 8:18,12.75,16611.0,United Kingdom
569206,23084,RABBIT NIGHT LIGHT,6,9/14/2011 8:18,2.08,16611.0,United Kingdom
569206,48187,DOORMAT NEW ENGLAND,6,9/14/2011 8:18,7.95,16611.0,United Kingdom
569206,22633,HAND WARMER UNION JACK,48,9/14/2011 8:18,1.85,16611.0,United Kingdom
569206,21755,LOVE BUILDING BLOCK WORD,48,9/14/2011 8:18,5.95,16611.0,United Kingdom
569206,22720,SET OF 3 CAKE TINS PANTRY DESIGN,3,9/14/2011 8:18,4.95,16611.0,United Kingdom
569206,71053,WHITE METAL LANTERN,8,9/14/2011 8:18,3.39,16611.0,United Kingdom
569206,21754,HOME BUILDING BLOCK WORD,1,9/14/2011 8:18,5.95,16611.0,United Kingdom
569206,21754,HOME BUILDING BLOCK WORD,12,9/14/2011 8:18,5.95,16611.0,United Kingdom
569206,23084,RABBIT NIGHT LIGHT,6,9/14/2011 8:18,2.08,16611.0,United Kingdom
569206,21755,LOVE BUILDING BLOCK WORD,2,9/14/2011 8:18,5.95,16611.0,United Kingdom
569206,22613,PACK OF 20 SPACEBOY NAPKINS,12,9/14/2011 8:18,0.85,16611.0,United Kingdom
569206,22423,REGENCY CAKESTAND 3 TIER,8,9/14/2011 8:18,12.75,16611.0,United Kingdom
569206,22623,BOX OF VINTAGE JIGSAW BLOCKS,12,9/14/2011 8:18,4.95,16611.0,United Kingdom
569206,22632,HAND WARMER RED POLKA DOT,12,9/14/2011 8:18,1.85,16611.0,United Kingdom
569206,21730,GLASS STAR FROSTED T-LIGHT HOLDER,2,9/14/2011 8:18,4.25,16611.0,United Kingdom
569278,22960,JAM MAKING SET WITH JARS,48,9/14/2011 15:20,4.25,16890.0,United Kingdom
569278,22720,SET OF 3 CAKE TINS PANTRY DESIGN,3,9/14/2011 15:20,4.95,16890.0,United Kingdom
569278,22960,JAM MAKING SET WITH JARS,48,9/14/2011 15:20,4.25,16890.0,United Kingdom
569278,22310,IVORY KNITTED MUG COSY,2,9/14/2011 15:20,1.65,16890.0,United Kingdom
569278,85099B,JUMBO BAG RED RETROSPOT,24,9/14/2011 15:20,1.95,16890.0,United Kingdom
569278,84029E,RED WOOLLY HOTTIE WHITE HEART.,2,9/14/2011 15:20,3.39,16890.0,United Kingdom
569278,21754,HOME BUILDING BLOCK WORD,12,9/14/2011 15:20,5.95,16890.0,United Kingdom
569278,22633,HAND WARMER UNION JACK,24,9/14/2011 15:20,1.85,16890.0,United Kingdom
569278,20725,LUNCH BAG RED RETROSPOT,3,9/14/2011 15:20,1.65,16890.0,United Kingdom
569278,22632,HAND WARMER RED POLKA DOT,24,9/14/2011 15:20,1.85,16890.0,United Kingdom
569278,22633,HAND WARMER UNION JACK,48,9/14/2011 15:20,1.85,16890.0,United Kingdom
569278,84029G,KNITTED UNION FLAG HOT WATER BOTTLE,6,9/14/2011 15:20,3.39,16890.0,United Kingdom
569278,22745,POPPY'S PLAYHOUSE BEDROOM,1,9/14/2011 15:20,2.1,16890.0,United Kingdom
569278,22913,RED COAT RACK PARIS FASHION,12,9/14/2011 15:20,4.95,16890.0,United Kingdom
569278,84029G,KNITTED UNION FLAG HOT WATER BOTTLE,24,9/14/2011 15:20,3.39,16890.0,United Kingdom
569278,22748,POPPY'S PLAYHOUSE KITCHEN,6,9/14/2011 15:20,2.1,16890.0,United Kingdom
569278,84029E,RED WOOLLY HOTTIE WHITE HEART.,6,9/14/2011 15:20,3.39,16890.0,United Kingdom
569278,22752,SET 7 BABUSHKA NESTING BOXES,48,9/14/2011 15:20,7.65,16890.0,United Kingdom
569278,21730,GLASS STAR FROSTED T-LIGHT HOLDER,3,9/14/2011 15:20,4.25,16890.0,United Kingdom
569278,22748,POPPY'S PLAYHOUSE KITCHEN,8,9/14/2011 15:20,2.1,16890.0,United Kingdom
569278,84969,BOX OF 6 ASSORTED COLOUR TEASPOONS,24,9/14/2011 15:20,4.25,16890.0,United Kingdom
569278,21730,GLASS STAR FROSTED T-LIGHT HOLDER,8,9/14/2011 15:20,4.25,16890.0,United Kingdom
569339,84406B,CREAM CUPID HEARTS COAT HANGER,4,9/15/2011 10:54,2.75,,United Kingdom
569339,84029E,RED WOOLLY HOTTIE WHITE HEART.,6,9/15/2011 10:54,3.39,,United Kingdom
569339,22720,SET OF 3 CAKE TINS PANTRY DESIGN,48,9/15/2011 10:54,4.95,,United Kingdom
569339,22423,REGENCY CAKESTAND 3 TIER,2,9/15/2011 10:54,12.75,,United Kingdom
569339,22197,SMALL POPCORN HOLDER,12,9/15/2011 10:54,0.85,,United Kingdom
569339,84029E,RED WOOLLY HOTTIE WHITE HEART.,24,9/15/2011 10:54,3.39,,United Kingdom
569339,23084,RABBIT NIGHT LIGHT,1,9/15/2011 10:54,2.08,,United Kingdom
569339,47566,PARTY BUNTING,24,9/15/2011 10:54,4.95,,United Kingdom
569339,21730,GLASS STAR FROSTED T-LIGHT HOLDER,48,9/15/2011 10:54,4.25,,United Kingdom
569339,22613,PACK OF 20 SPACEBOY NAPKINS,2,9/15/2011 10:54,0.85,,United Kingdom
569339,84969,BOX OF 6 ASSORTED COLOUR TEASPOONS,1,9/15/2011 10:54,4.25,,United Kingdom
569339,22613,PACK OF 20 SPACEBOY NAPKINS,48,9/15/2011 10:54,0.85,,United Kingdom
569339,21212,PACK OF 72 RETROSPOT CAKE CASES,24,9/15/2011 10:54,0.55,,United Kingdom
569339,84029G,KNITTED UNION FLAG HOT WATER BOTTLE,4,9/15/2011 10:54,3.39,,United Kingdom
569339,20725,LUNCH BAG RED RETROSPOT,24,9/15/2011 10:54,1.65,,United Kingdom
569339,22310,IVORY KNITTED MUG COSY,3,9/15/2011 10:54,1.65,,United Kingdom
569339,84879,ASSORTED COLOUR BIRD ORNAMENT,6,9/15/2011 10:54,1.69,,United Kingdom
569382,21212,PACK OF 72 RETROSPOT CAKE CASES,8,9/15/2011 14:19,0.55,,United Kingdom
569382,84029G,KNITTED UNION FLAG HOT WATER BOTTLE,48,9/15/2011 14:19,3.39,,United Kingdom
569382,22633,HAND WARMER UNION JACK,12,9/15/2011 14:19,1.85,,United Kingdom
569382,84029E,RED WOOLLY HOTTIE WHITE HEART.,48,9/15/2011 14:19,3.39,,United Kingdom
569382,22960,JAM MAKING SET WITH JARS,4,9/15/2011 14:19,4.25,,United Kingdom
569382,84029G,KNITTED UNION FLAG HOT WATER BOTTLE,3,9/15/2011 14:19,3.39,,United Kingdom
569382,21755,LOVE BUILDING BLOCK WORD,2,9/15/2011 14:19,5.95,,United Kingdom
569447,22748,POPPY'S PLAYHOUSE KITCHEN,4,9/15/2011 18:36,2.1,13652.0,United Kingdom
569447,22310,IVORY KNITTED MUG COSY,24,9/15/2011 18:36,1.65,13652.0,United Kingdom
569447,22960,JAM MAKING SET WITH JARS,48,9/15/2011 18:36,4.25,13652.0,United Kingdom
569447,23084,RABBIT NIGHT LIGHT,24,9/15/2011 18:36,2.08,13652.0,United Kingdom
569447,48187,DOORMAT NEW ENGLAND,6,9/15/2011 18:36,7.95,13652.0,United Kingdom
569447,71053,WHITE METAL LANTERN,3,9/15/2011 18:36,3.39,13652.0,United Kingdom
569447,85099B,JUMBO BAG RED RETROSPOT,12,9/15/2011 18:36,1.95,13652.0,United Kingdom
569447,21730,GLASS STAR FROSTED T-LIGHT HOLDER,2,9/15/2011 18:36,4.25,13652.0,United Kingdom
569447,22197,SMALL POPCORN HOLDER,4,9/15/2011 18:36,0.85,13652.0,United Kingdom
569447,22423,REGENCY CAKESTAND 3 TIER,12,9/15/2011 18:36,12.75,13652.0,United Kingdom
569447,21777,RECIPE BOX WITH METAL HEART,8,9/15/2011 18:36,7.95,13652.0,United Kingdom
569447,22748,POPPY'S PLAYHOUSE KITCHEN,8,9/15/2011 18:36,2.1,13652.0,United Kingdom
569447,71053,WHITE METAL LANTERN,48,9/15/2011 18:36,3.39,13652.0,United Kingdom
569447,22310,IVORY KNITTED MUG COSY,6,9/15/2011 18:36,1.65,13652.0,United Kingdom
569447,84029E,RED WOOLLY HOTTIE WHITE HEART.,3,9/15/2011 18:36,3.39,13652.0,United Kingdom
569447,84969,BOX OF 6 ASSORTED COLOUR TEASPOONS,8,9/15/2011 18:36,4.25,13652.0,United Kingdom
569447,85123A,WHITE HANGING HEART T-LIGHT HOLDER,1,9/15/2011 18:36,2.55,13652.0,United Kingdom
569447,23084,RABBIT NIGHT LIGHT,24,9/15/2011 18:36,2.08,13652.0,United Kingdom
569447,22913,RED COAT RACK PARIS FASHION,4,9/15/2011 18:36,4.95,13652.0,United Kingdom
569447,22913,RED COAT RACK PARIS FASHION,6,9/15/2011 18:36,4.95,13652.0,United Kingdom
569447,84879,ASSORTED COLOUR BIRD ORNAMENT,1,9/15/2011 18:36,1.69,13652.0,United Kingdom
569447,22623,BOX OF VINTAGE JIGSAW BLOCKS,8,9/15/2011 18:36,4.95,13652.0,United Kingdom
569447,21212,PACK OF 72 RETROSPOT CAKE CASES,6,9/15/2011 18:36,0.55,13652.0,United Kingdom
569447,20725,LUNCH BAG RED RETROSPOT,1,9/15/2011 18:36,1.65,13652.0,United Kingdom
569516,20725,LUNCH BAG RED RETROSPOT,24,9/16/2011 8:57,1.65,13798.0,United Kingdom
569516,22613,PACK OF 20 SPACEBOY NAPKINS,2,9/16/2011 8:57,0.85,13798.0,United Kingdom
569516,22632,HAND WARMER RED POLKA DOT,24,9/16/2011 8:57,1.85,13798.0,United Kingdom
569516,85099B,JUMBO BAG RED RETROSPOT,6,9/16/2011 8:57,1.95,13798.0,United Kingdom
569583,84029E,RED WOOLLY HOTTIE WHITE HEART.,2,9/16/2011 19:36,3.39,17812.0,United Kingdom
569583,21755,LOVE BUILDING BLOCK WORD,3,9/16/2011 19:36,5.95,17812.0,United Kingdom
569583,23084,RABBIT NIGHT LIGHT,6,9/16/2011 19:36,2.08,17812.0,United Kingdom
569583,84406B,CREAM CUPID HEARTS COAT HANGER,4,9/16/2011 19:36,2.75,17812.0,United Kingdom
569583,71053,WHITE METAL LANTERN,2,9/16/2011 19:36,3.39,17812.0,United Kingdom
569583,47566,PARTY BUNTING,4,9/16/2011 19:36,4.95,17812.0,United Kingdom
569583,47566,PARTY BUNTING,1,9/16/2011 19:36,4.95,17812.0,United Kingdom
569583,22310,IVORY KNITTED MUG COSY,2,9/16/2011 19:36,1.65,17812.0,United Kingdom
569583,21755,LOVE BUILDING BLOCK WORD,3,9/16/2011 19:36,5.95,17812.0,United Kingdom
569583,84406B,CREAM CUPID HEARTS COAT HANGER,6,9/16/2011 19:36,2.75,17812.0,United Kingdom
569583,22197,SMALL POPCORN HOLDER,8,9/16/2011 19:36,0.85,17812.0,United Kingdom
569583,23084,RABBIT NIGHT LIGHT,12,9/16/2011 19:36,2.08,17812.0,United Kingdom
569583,84029G,KNITTED UNION FLAG HOT WATER BOTTLE,8,9/16/2011 19:36,3.39,17812.0,United Kingdom
569583,21755,LOVE BUILDING BLOCK WORD,2,9/16/2011 19:36,5.95,17812.0,United Kingdom
569583,21212,PACK OF 72 RETROSPOT CAKE CASES,8,9/16/2011 19:36,0.55,17812.0,United Kingdom
569583,22745,POPPY'S PLAYHOUSE BEDROOM,24,9/16/2011 19:36,2.1,17812.0,United Kingdom
569583,48187,DOORMAT NEW ENGLAND,2,9/16/2011 19:36,7.95,17812.0,United Kingdom
569633,23084,RABBIT NIGHT LIGHT,4,9/17/2011 10:43,2.08,14863.0,United Kingdom
569633,22748,POPPY'S PLAYHOUSE KITCHEN,2,9/17/2011 10:43,2.1,14863.0,United Kingdom
569633,20725,LUNCH BAG RED RETROSPOT,4,9/17/2011 10:43,1.65,14863.0,United Kingdom
569633,22720,SET OF 3 CAKE TINS PANTRY DESIGN,48,9/17/2011 10:43,4.95,14863.0,United Kingdom
569633,84029E,RED WOOLLY HOTTIE WHITE HEART.,2,9/17/2011 10:43,3.39,14863.0,United Kingdom
569633,22745,POPPY'S PLAYHOUSE BEDROOM,2,9/17/2011 10:43,2.1,14863.0,United Kingdom
569633,21777,RECIPE BOX WITH METAL HEART,4,9/17/2011 10:43,7.95,14863.0,United Kingdom
569633,22720,SET OF 3 CAKE TINS PANTRY DESIGN,1,9/17/2011 10:43,4.95,14863.0,United Kingdom
569633,23084,RABBIT NIGHT LIGHT,1,9/17/2011 10:43,2.08,14863.0,United Kingdom
569633,22632,HAND WARMER RED POLKA DOT,3,9/17/2011 10:43,1.85,14863.0,United Kingdom
569633,20725,LUNCH BAG RED RETROSPOT,2,9/17/2011 10:43,1.65,14863.0,United Kingdom
569633,22913,RED COAT RACK PARIS FASHION,12,9/17/2011 10:43,4.95,14863.0,United Kingdom
569633,22720,SET OF 3 CAKE TINS PANTRY DESIGN,24,9/17/2011 10:43,4.95,14863.0,United Kingdom
569633,22748,POPPY'S PLAYHOUSE KITCHEN,48,9/17/2011 10:43,2.1,14863.0,United Kingdom
569633,85123A,WHITE HANGING HEART T-LIGHT HOLDER,3,9/17/2011 10:43,2.55,14863.0,United Kingdom
569633,21777,RECIPE BOX WITH METAL HEART,6,9/17/2011 10:43,7.95,14863.0,United Kingdom
569633,84879,ASSORTED COLOUR BIRD ORNAMENT,12,9/17/2011 10:43,1.69,14863.0,United Kingdom
569633,21754,HOME BUILDING BLOCK WORD,6,9/17/2011 10:43,5.95,14863.0,United Kingdom
569633,84406B,CREAM CUPID HEARTS COAT HANGER,1,9/17/2011 10:43,2.75,14863.0,United Kingdom
569633,22623,BOX OF VINTAGE JIGSAW BLOCKS,4,9/17/2011 10:43,4.95,14863.0,United Kingdom
569633,21777,RECIPE BOX WITH METAL HEART,48,9/17/2011 10:43,7.95,14863.0,United Kingdom
569633,22913,RED COAT RACK PARIS FASHION,2,9/17/2011 10:43,4.95,14863.0,United Kingdom
569633,84029E,RED WOOLLY HOTTIE WHITE HEART.,1,9/17/2011 10:43,3.39,14863.0,United Kingdom
569685,22197,SMALL POPCORN HOLDER,12,9/17/2011 17:05,0.85,13407.0,United Kingdom
569685,84969,BOX OF 6 ASSORTED COLOUR TEASPOONS,12,9/17/2011 17:05,4.25,13407.0,United Kingdom
569685,21212,PACK OF 72 RETROSPOT CAKE CASES,48,9/17/2011 17:05,0.55,13407.0,United Kingdom
569685,84879,ASSORTED COLOUR BIRD ORNAMENT,3,9/17/2011 17:05,1.69,13407.0,United Kingdom
569685,85099B,JUMBO BAG RED RETROSPOT,1,9/17/2011 17:05,1.95,13407.0,United Kingdom
569685,20725,LUNCH BAG RED RETROSPOT,48,9/17/2011 17:05,1.65,13407.0,United Kingdom
569685,48187,DOORMAT NEW ENGLAND,6,9/17/2011 17:05,7.95,13407.0,United Kingdom
569685,84029E,RED WOOLLY HOTTIE WHITE HEART.,2,9/17/2011 17:05,3.39,13407.0,United Kingdom
569685,47566,PARTY BUNTING,3,9/17/2011 17:05,4.95,13407.0,United Kingdom
569685,84879,ASSORTED COLOUR BIRD ORNAMENT,48,9/17/2011 17:05,1.69,13407.0,United Kingdom
569685,22310,IVORY KNITTED MUG COSY,48,9/17/2011 17:05,1.65,13407.0,United Kingdom
569685,22752,SET 7 BABUSHKA NESTING BOXES,2,9/17/2011 17:05,7.65,13407.0,United Kingdom
569685,22748,POPPY'S PLAYHOUSE KITCHEN,4,9/17/2011 17:05,2.1,13407.0,United Kingdom
569685,85099B,JUMBO BAG RED RETROSPOT,6,9/17/2011 17:05,1.95,13407.0,United Kingdom
569685,22748,POPPY'S PLAYHOUSE KITCHEN,3,9/17/2011 17:05,2.1,13407.0,United Kingdom
569685,21730,GLASS STAR FROSTED T-LIGHT HOLDER,1,9/17/2011 17:05,4.25,13407.0,United Kingdom
569685,22310,IVORY KNITTED MUG COSY,12,9/17/2011 17:05,1.65,13407.0,United Kingdom
569685,21754,HOME BUILDING BLOCK WORD,4,9/17/2011 17:05,5.95,13407.0,United Kingdom
569685,23084,RABBIT NIGHT LIGHT,48,9/17/2011 17:05,2.08,13407.0,United Kingdom
569685,85099B,JUMBO BAG RED RETROSPOT,48,9/17/2011 17:05,1.95,13407.0,United Kingdom
569685,48187,DOORMAT NEW ENGLAND,8,9/17/2011 17:05,7.95,13407.0,United Kingdom
569685,85099B,JUMBO BAG RED RETROSPOT,1,9/17/2011 17:05,1.95,13407.0,United Kingdom
569685,22197,SMALL POPCORN HOLDER,48,9/17/2011 17:05,0.85,13407.0,United Kingdom
569755,84879,ASSORTED COLOUR BIRD ORNAMENT,8,9/18/2011 11:56,1.69,14242.0,United Kingdom
569755,21730,GLASS STAR FROSTED T-LIGHT HOLDER,12,9/18/2011 11:56,4.25,14242.0,United Kingdom
569755,47566,PARTY BUNTING,4,9/18/2011 11:56,4.95,14242.0,United Kingdom
569801,71053,WHITE METAL LANTERN,12,9/18/2011 18:28,3.39,,United Kingdom
569801,22748,POPPY'S PLAYHOUSE KITCHEN,48,9/18/2011 18:28,2.1,,United Kingdom
569801,21730,GLASS STAR FROSTED T-LIGHT HOLDER,1,9/18/2011 18:28,4.25,,United Kingdom
569801,22748,POPPY'S PLAYHOUSE KITCHEN,8,9/18/2011 18:28,2.1,,United Kingdom
569801,84029G,KNITTED UNION FLAG HOT WATER BOTTLE,48,9/18/2011 18:28,3.39,,United Kingdom
569801,71053,WHITE METAL LANTERN,8,9/18/2011 18:28,3.39,,United Kingdom
569801,21754,HOME BUILDING BLOCK WORD,12,9/18/2011 18:28,5.95,,United Kingdom
569801,47566,,24,9/18/2011 18:28,4.95,,United Kingdom
569848,84029G,KNITTED UNION FLAG HOT WATER BOTTLE,3,9/19/2011 8:36,3.39,,United Kingdom
569848,22720,SET OF 3 CAKE TINS PANTRY DESIGN,3,9/19/2011 8:36,4.95,,United Kingdom
569848,84029G,KNITTED UNION FLAG HOT WATER BOTTLE,24,9/19/2011 8:36,3.39,,United Kingdom
569848,84406B,CREAM CUPID HEARTS COAT HANGER,2,9/19/2011 8:36,2.75,,United Kingdom
569848,21212,PACK OF 72 RETROSPOT CAKE CASES,12,9/19/2011 8:36,0.55,,United Kingdom
569907,22633,HAND WARMER UNION JACK,2,9/20/2011 8:25,1.85,16998.0,United Kingdom
569907,84969,BOX OF 6 ASSORTED COLOUR TEASPOONS,2,9/20/2011 8:25,4.25,16998.0,United Kingdom
569907,21730,GLASS STAR FROSTED T-LIGHT HOLDER,24,9/20/2011 8:25,4.25,16998.0,United Kingdom
569907,22423,REGENCY CAKESTAND 3 TIER,2,9/20/2011 8:25,12.75,16998.0,United Kingdom
569907,21730,GLASS STAR FROSTED T-LIGHT HOLDER,1,9/20/2011 8:25,4.25,16998.0,United Kingdom
569907,71053,WHITE METAL LANTERN,2,9/20/2011 8:25,3.39,16998.0,United Kingdom
569907,71053,WHITE METAL LANTERN,24,9/20/2011 8:25,3.39,16998.0,United Kingdom
569907,21754,HOME BUILDING BLOCK WORD,3,9/20/2011 8:25,5.95,16998.0,United Kingdom
569907,22752,SET 7 BABUSHKA NESTING BOXES,4,9/20/2011 8:25,7.65,16998.0,United Kingdom
569907,84879,ASSORTED COLOUR BIRD ORNAMENT,24,9/20/2011 8:25,1.69,16998.0,United Kingdom
569907,22423,REGENCY CAKESTAND 3 TIER,48,9/20/2011 8:25,12.75,16998.0,United Kingdom
569907,84879,ASSORTED COLOUR BIRD ORNAMENT,3,9/20/2011 8:25,1.69,16998.0,United Kingdom
569907,22960,JAM MAKING SET WITH JARS,1,9/20/2011 8:25,4.25,16998.0,United Kingdom
569907,84029G,KNITTED UNION FLAG HOT WATER BOTTLE,2,9/20/2011 8:25,3.39,16998.0,United Kingdom
569949,22633,HAND WARMER UNION JACK,8,9/20/2011 16:13,1.85,18190.0,United Kingdom
569949,21755,LOVE BUILDING BLOCK WORD,24,9/20/2011 16:13,5.95,18190.0,United Kingdom
569949,22633,HAND WARMER UNION JACK,1,9/20/2011 16:13,1.85,18190.0,United Kingdom
569949,84879,ASSORTED COLOUR BIRD ORNAMENT,12,9/20/2011 16:13,1.69,18190.0,United Kingdom
569949,22613,PACK OF 20 SPACEBOY NAPKINS,8,9/20/2011 16:13,0.85,18190.0,United Kingdom
569949,47566,PARTY BUNTING,6,9/20/2011 16:13,4.95,18190.0,United Kingdom
569949,47566,PARTY BUNTING,12,9/20/2011 16:13,4.95,18190.0,United Kingdom
569949,22632,HAND WARMER RED POLKA DOT,4,9/20/2011 16:13,1.85,18190.0,United Kingdom
569949,21754,HOME BUILDING BLOCK WORD,3,9/20/2011 16:13,5.95,18190.0,United Kingdom
569949,84969,BOX OF 6 ASSORTED COLOUR TEASPOONS,4,9/20/2011 16:13,4.25,18190.0,United Kingdom
569949,21777,RECIPE BOX WITH METAL HEART,24,9/20/2011 16:13,7.95,18190.0,United Kingdom
570006,84969,BOX OF 6 ASSORTED COLOUR TEASPOONS,6,9/21/2011 11:13,4.25,14911.0,United Kingdom
570006,22720,SET OF 3 CAKE TINS PANTRY DESIGN,4,9/21/2011 11:13,4.95,14911.0,United Kingdom
570006,22745,POPPY'S PLAYHOUSE BEDROOM,8,9/21/2011 11:13,2.1,14911.0,United Kingdom
570006,22423,REGENCY CAKESTAND 3 TIER,2,9/21/2011 11:13,12.75,14911.0,United Kingdom
570006,71053,WHITE METAL LANTERN,1,9/21/2011 11:13,3.39,14911.0,United Kingdom
570006,22633,HAND WARMER UNION JACK,8,9/21/2011 11:13,1.85,14911.0,United Kingdom
570006,22197,SMALL POPCORN HOLDER,4,9/21/2011 11:13,0.85,14911.0,United Kingdom
570006,22197,SMALL POPCORN HOLDER,1,9/21/2011 11:13,0.85,14911.0,United Kingdom
570006,22197,SMALL POPCORN HOLDER,24,9/21/2011 11:13,0.85,14911.0,United Kingdom
570006,22745,POPPY'S PLAYHOUSE BEDROOM,12,9/21/2011 11:13,2.1,14911.0,United Kingdom
570006,48187,DOORMAT NEW ENGLAND,24,9/21/2011 11:13,7.95,14911.0,United Kingdom
570006,84029G,KNITTED UNION FLAG HOT WATER BOTTLE,3,9/21/2011 11:13,3.39,14911.0,United Kingdom
570068,21755,LOVE BUILDING BLOCK WORD,24,9/21/2011 18:35,5.95,14996.0,France
570068,84029G,KNITTED UNION FLAG HOT WATER BOTTLE,6,9/21/2011 18:35,3.39,14996.0,France
570068,22633,HAND WARMER UNION JACK,48,9/21/2011 18:35,1.85,14996.0,France
570068,48187,DOORMAT NEW ENGLAND,24,9/21/2011 18:35,7.95,14996.0,France
570068,84406B,CREAM CUPID HEARTS COAT HANGER,3,9/21/2011 18:35,2.75,14996.0,France
570068,21212,PACK OF 72 RETROSPOT CAKE CASES,48,9/21/2011 18:35,0.55,14996.0,France
570068,22745,POPPY'S PLAYHOUSE BEDROOM,2,9/21/2011 18:35,2.1,14996.0,France
570109,84406B,CREAM CUPID HEARTS COAT HANGER,1,9/22/2011 11:25,2.75,12556.0,United Kingdom
570109,22748,POPPY'S PLAYHOUSE KITCHEN,24,9/22/2011 11:25,2.1,12556.0,United Kingdom
570109,23084,RABBIT NIGHT LIGHT,8,9/22/2011 11:25,2.08,12556.0,United Kingdom
570109,23084,RABBIT NIGHT LIGHT,8,9/22/2011 11:25,2.08,12556.0,United Kingdom
570109,22720,SET OF 3 CAKE TINS PANTRY DESIGN,3,9/22/2011 11:25,4.95,12556.0,United Kingdom
570109,23084,RABBIT NIGHT LIGHT,6,9/22/2011 11:25,2.08,12556.0,United Kingdom
570109,22720,SET OF 3 CAKE TINS PANTRY DESIGN,6,9/22/2011 11:25,4.95,12556.0,United Kingdom
570109,22745,POPPY'S PLAYHOUSE BEDROOM,8,9/22/2011 11:25,2.1,12556.0,United Kingdom
570160,71053,WHITE METAL LANTERN,1,9/22/2011 14:45,3.39,17740.0,United Kingdom
570160,84406B,CREAM CUPID HEARTS COAT HANGER,48,9/22/2011 14:45,2.75,17740.0,United Kingdom
570160,84029G,KNITTED UNION FLAG HOT WATER BOTTLE,2,9/22/2011 14:45,3.39,17740.0,United Kingdom
570160,21755,LOVE BUILDING BLOCK WORD,48,9/22/2011 14:45,5.95,17740.0,United Kingdom
570160,22632,HAND WARMER RED POLKA DOT,2,9/22/2011 14:45,1.85,17740.0,United Kingdom
570160,21755,LOVE BUILDING BLOCK WORD,24,9/22/2011 14:45,5.95,17740.0,United Kingdom
570160,22913,RED COAT RACK PARIS FASHION,48,9/22/2011 14:45,4.95,17740.0,United Kingdom
570201,22745,POPPY'S PLAYHOUSE BEDROOM,8,9/22/2011 18:13,2.1,,United Kingdom
570201,22310,IVORY KNITTED MUG COSY,8,9/22/2011 18:13,1.65,,United Kingdom
570201,21212,,12,9/22/2011 18:13,0.55,,United Kingdom
570201,47566,PARTY BUNTING,1,9/22/2011 18:13,4.95,,United Kingdom
570201,84879,ASSORTED COLOUR BIRD ORNAMENT,2,9/22/2011 18:13,1.69,,United Kingdom
570201,22423,REGENCY CAKESTAND 3 TIER,8,9/22/2011 18:13,12.75,,United Kingdom
570201,23084,RABBIT NIGHT LIGHT,48,9/22/2011 18:13,2.08,,United Kingdom
570201,84029G,KNITTED UNION FLAG HOT WATER BOTTLE,12,9/22/2011 18:13,3.39,,United Kingdom
570201,21212,PACK OF 72 RETROSPOT CAKE CASES,48,9/22/2011 18:13,0.55,,United Kingdom
570201,71053,WHITE METAL LANTERN,8,9/22/2011 18:13,3.39,,United Kingdom
570201,22748,,1,9/22/2011 18:13,2.1,,United Kingdom
570260,84029E,RED WOOLLY HOTTIE WHITE HEART.,24,9/23/2011 8:21,3.39,16308.0,United Kingdom
570260,22310,IVORY KNITTED MUG COSY,1,9/23/2011 8:21,1.65,16308.0,United Kingdom
570260,22310,IVORY KNITTED MUG COSY,8,9/23/2011 8:21,1.65,16308.0,United Kingdom
570260,48187,DOORMAT NEW ENGLAND,48,9/23/2011 8:21,7.95,16308.0,United Kingdom
570260,20725,LUNCH BAG RED RETROSPOT,1,9/23/2011 8:21,1.65,16308.0,United Kingdom
570260,22752,SET 7 BABUSHKA NESTING BOXES,12,9/23/2011 8:21,7.65,16308.0,United Kingdom
570260,21755,LOVE BUILDING BLOCK WORD,3,9/23/2011 8:21,5.95,16308.0,United Kingdom
570260,84029E,RED WOOLLY HOTTIE WHITE HEART.,4,9/23/2011 8:21,3.39,16308.0,United Kingdom
570260,23084,RABBIT NIGHT LIGHT,1,9/23/2011 8:21,2.08,16308.0,United Kingdom
570260,84879,ASSORTED COLOUR BIRD ORNAMENT,3,9/23/2011 8:21,1.69,16308.0,United Kingdom
570260,85099B,JUMBO BAG RED RETROSPOT,48,9/23/2011 8:21,1.95,16308.0,United Kingdom
570260,23084,RABBIT NIGHT LIGHT,8,9/23/2011 8:21,2.08,16308.0,United Kingdom
570260,23084,RABBIT NIGHT LIGHT,2,9/23/2011 8:21,2.08,16308.0,United Kingdom
570260,22752,SET 7 BABUSHKA NESTING BOXES,6,9/23/2011 8:21,7.65,16308.0,United Kingdom
570260,84406B,CREAM CUPID HEARTS COAT HANGER,4,9/23/2011 8:21,2.75,16308.0,United Kingdom
570260,84406B,CREAM CUPID HEARTS COAT HANGER,6,9/23/2011 8:21,2.75,16308.0,United Kingdom
570260,84406B,CREAM CUPID HEARTS COAT HANGER,48,9/23/2011 8:21,2.75,16308.0,United Kingdom
570260,47566,PARTY BUNTING,48,9/23/2011 8:21,4.95,16308.0,United Kingdom
570260,22310,IVORY KNITTED MUG COSY,4,9/23/2011 8:21,1.65,16308.0,United Kingdom
570260,22745,POPPY'S PLAYHOUSE BEDROOM,4,9/23/2011 8:21,2.1,16308.0,United Kingdom
570260,23084,RABBIT NIGHT LIGHT,2,9/23/2011 8:21,2.08,16308.0,United Kingdom
570260,22613,PACK OF 20 SPACEBOY NAPKINS,6,9/23/2011 8:21,0.85,16308.0,United Kingdom
570260,21755,LOVE BUILDING BLOCK WORD,6,9/23/2011 8:21,5.95,16308.0,United Kingdom
570302,84406B,CREAM CUPID HEARTS COAT HANGER,48,9/23/2011 18:24,2.75,14105.0,Germany
570302,22423,REGENCY CAKESTAND 3 TIER,1,9/23/2011 18:24,12.75,14105.0,Germany
570302,22633,HAND WARMER UNION JACK,1,9/23/2011 18:24,1.85,14105.0,Germany
570302,47566,PARTY BUNTING,12,9/23/2011 18:24,4.95,14105.0,Germany
570302,20725,LUNCH BAG RED RETROSPOT,24,9/23/2011 18:24,1.65,14105.0,Germany
570302,22720,SET OF 3 CAKE TINS PANTRY DESIGN,2,9/23/2011 18:24,4.95,14105.0,Germany
570302,21754,HOME BUILDING BLOCK WORD,1,9/23/2011 18:24,5.95,14105.0,Germany
570302,22720,SET OF 3 CAKE TINS PANTRY DESIGN,12,9/23/2011 18:24,4.95,14105.0,Germany
570302,22960,JAM MAKING SET WITH JARS,1,9/23/2011 18:24,4.25,14105.0,Germany
570302,21212,PACK OF 72 RETROSPOT CAKE CASES,3,9/23/2011 18:24,0.55,14105.0,Germany
570302,22613,PACK OF 20 SPACEBOY NAPKINS,3,9/23/2011 18:24,0.85,14105.0,Germany
570302,71053,WHITE METAL LANTERN,6,9/23/2011 18:24,3.39,14105.0,Germany
570302,84969,BOX OF 6 ASSORTED COLOUR TEASPOONS,12,9/23/2011 18:24,4.25,14105.0,Germany
570343,84029E,RED WOOLLY HOTTIE WHITE HEART.,12,9/24/2011 10:18,3.39,,United Kingdom
570343,22752,SET 7 BABUSHKA NESTING BOXES,6,9/24/2011 10:18,7.65,,United Kingdom
570343,22613,PACK OF 20 SPACEBOY NAPKINS,1,9/24/2011 10:18,0.85,,United Kingdom
570343,22633,HAND WARMER UNION JACK,4,9/24/2011 10:18,1.85,,United Kingdom
570343,21755,LOVE BUILDING BLOCK WORD,8,9/24/2011 10:18,5.95,,United Kingdom
570343,20725,LUNCH BAG RED RETROSPOT,8,9/24/2011 10:18,1.65,,United Kingdom
570343,22752,SET 7 BABUSHKA NESTING BOXES,12,9/24/2011 10:18,7.65,,United Kingdom
570343,22197,SMALL POPCORN HOLDER,48,9/24/2011 10:18,0.85,,United Kingdom
570396,22613,PACK OF 20 SPACEBOY NAPKINS,2,9/24/2011 16:13,0.85,,EIRE
570396,21730,GLASS STAR FROSTED T-LIGHT HOLDER,48,9/24/2011 16:13,4.25,,EIRE
570396,84029G,KNITTED UNION FLAG HOT WATER BOTTLE,2,9/24/2011 16:13,3.39,,EIRE
570396,21755,LOVE BUILDING BLOCK WORD,4,9/24/2011 16:13,5.95,,EIRE
570396,71053,,8,9/24/2011 16:13,3.39,,EIRE
570396,48187,DOORMAT NEW ENGLAND,3,9/24/2011 16:13,7.95,,EIRE
570396,22752,SET 7 BABUSHKA NESTING BOXES,4,9/24/2011 16:13,7.65,,EIRE
570396,84406B,CREAM CUPID HEARTS COAT HANGER,24,9/24/2011 16:13,2.75,,EIRE
570396,48187,DOORMAT NEW ENGLAND,4,9/24/2011 16:13,7.95,,EIRE
570396,22913,RED COAT RACK PARIS FASHION,8,9/24/2011 16:13,4.95,,EIRE
570396,84969,BOX OF 6 ASSORTED COLOUR TEASPOONS,12,9/24/2011 16:13,4.25,,EIRE
570396,21212,PACK OF 72 RETROSPOT CAKE CASES,12,9/24/2011 16:13,0.55,,EIRE
570396,22632,HAND WARMER RED POLKA DOT,12,9/24/2011 16:13,1.85,,EIRE
570396,22633,HAND WARMER UNION JACK,48,9/24/2011 16:13,1.85,,EIRE
570464,84879,ASSORTED COLOUR BIRD ORNAMENT,3,9/25/2011 10:10,1.69,,EIRE
570464,21755,LOVE BUILDING BLOCK WORD,4,9/25/2011 10:10,5.95,,EIRE
570464,21777,RECIPE BOX WITH METAL HEART,2,9/25/2011 10:10,7.95,,EIRE
570464,22960,JAM MAKING SET WITH JARS,3,9/25/2011 10:10,4.25,,EIRE
570464,23084,RABBIT NIGHT LIGHT,2,9/25/2011 10:10,2.08,,EIRE
570464,21754,HOME BUILDING BLOCK WORD,1,9/25/2011 10:10,5.95,,EIRE
570464,21730,GLASS STAR FROSTED T-LIGHT HOLDER,1,9/25/2011 10:10,4.25,,EIRE
570464,84969,BOX OF 6 ASSORTED COLOUR TEASPOONS,4,9/25/2011 10:10,4.25,,EIRE
570464,23084,RABBIT NIGHT LIGHT,4,9/25/2011 10:10,2.08,,EIRE
570464,85123A,WHITE HANGING HEART T-LIGHT HOLDER,2,9/25/2011 10:10,2.55,,EIRE
570464,20725,LUNCH BAG RED RETROSPOT,48,9/25/2011 10:10,1.65,,EIRE
570464,85099B,JUMBO BAG RED RETROSPOT,24,9/25/2011 10:10,1.95,,EIRE
570464,21212,PACK OF 72 RETROSPOT CAKE CASES,1,9/25/2011 10:10,0.55,,EIRE
570464,85123A,WHITE HANGING HEART T-LIGHT HOLDER,1,9/25/2011 10:10,2.55,,EIRE
570464,21755,LOVE BUILDING BLOCK WORD,2,9/25/2011 10:10,5.95,,EIRE
570464,22310,IVORY KNITTED MUG COSY,6,9/25/2011 10:10,1.65,,EIRE
570464,71053,WHITE METAL LANTERN,1,9/25/2011 10:10,3.39,,EIRE
570464,85099B,JUMBO BAG RED RETROSPOT,24,9/25/2011 10:10,1.95,,EIRE
570464,85123A,WHITE HANGING HEART T-LIGHT HOLDER,6,9/25/2011 10:10,2.55,,EIRE
570464,22197,SMALL POPCORN HOLDER,1,9/25/2011 10:10,0.85,,EIRE
570527,85123A,WHITE HANGING HEART T-LIGHT HOLDER,48,9/25/2011 18:56,2.55,17514.0,United Kingdom
570527,84969,BOX OF 6 ASSORTED COLOUR TEASPOONS,8,9/25/2011 18:56,4.25,17514.0,United Kingdom
570527,20725,LUNCH BAG RED RETROSPOT,12,9/25/2011 18:56,1.65,17514.0,United Kingdom
570527,22423,REGENCY CAKESTAND 3 TIER,24,9/25/2011 18:56,12.75,17514.0,United Kingdom
570527,22960,JAM MAKING SET WITH JARS,6,9/25/2011 18:56,4.25,17514.0,United Kingdom
570527,84879,ASSORTED COLOUR BIRD ORNAMENT,3,9/25/2011 18:56,1.69,17514.0,United Kingdom
570527,84029E,RED WOOLLY HOTTIE WHITE HEART.,3,9/25/2011 18:56,3.39,17514.0,United Kingdom
570527,22623,BOX OF VINTAGE JIGSAW BLOCKS,4,9/25/2011 18:56,4.95,17514.0,United Kingdom
570527,84029E,RED WOOLLY HOTTIE WHITE HEART.,1,9/25/2011 18:56,3.39,17514.0,United Kingdom
570527,21754,HOME BUILDING BLOCK WORD,3,9/25/2011 18:56,5.95,17514.0,United Kingdom
570527,22613,PACK OF 20 SPACEBOY NAPKINS,1,9/25/2011 18:56,0.85,17514.0,United Kingdom
570527,84969,BOX OF 6 ASSORTED COLOUR TEASPOONS,24,9/25/2011 18:56,4.25,17514.0,United Kingdom
570527,22752,SET 7 BABUSHKA NESTING BOXES,8,9/25/2011 18:56,7.65,17514.0,United Kingdom
570527,21212,PACK OF 72 RETROSPOT CAKE CASES,48,9/25/2011 18:56,0.55,17514.0,United Kingdom
570527,84969,BOX OF 6 ASSORTED COLOUR TEASPOONS,6,9/25/2011 18:56,4.25,17514.0,United Kingdom
570527,22960,JAM MAKING SET WITH JARS,4,9/25/2011 18:56,4.25,17514.0,United Kingdom
570527,22623,BOX OF VINTAGE JIGSAW BLOCKS,1,9/25/2011 18:56,4.95,17514.0,United Kingdom
570527,22310,IVORY KNITTED MUG COSY,12,9/25/2011 18:56,1.65,17514.0,United Kingdom
570527,22423,REGENCY CAKESTAND 3 TIER,4,9/25/2011 18:56,12.75,17514.0,United Kingdom
570527,22720,SET OF 3 CAKE TINS PANTRY DESIGN,2,9/25/2011 18:56,4.95,17514.0,United Kingdom
570588,84969,BOX OF 6 ASSORTED COLOUR TEASPOONS,2,9/26/2011 10:30,4.25,15921.0,Germany
570588,22613,PACK OF 20 SPACEBOY NAPKINS,1,9/26/2011 10:30,0.85,15921.0,Germany
570588,21755,LOVE BUILDING BLOCK WORD,6,9/26/2011 10:30,5.95,15921.0,Germany
570588,21777,RECIPE BOX WITH METAL HEART,2,9/26/2011 10:30,7.95,15921.0,Germany
570588,22745,POPPY'S PLAYHOUSE BEDROOM,48,9/26/2011 10:30,2.1,15921.0,Germany
570588,84029E,RED WOOLLY HOTTIE WHITE HEART.,48,9/26/2011 10:30,3.39,15921.0,Germany
570588,21754,HOME BUILDING BLOCK WORD,6,9/26/2011 10:30,5.95,15921.0,Germany
570588,22613,PACK OF 20 SPACEBOY NAPKINS,1,9/26/2011 10:30,0.85,15921.0,Germany
570588,22632,HAND WARMER RED POLKA DOT,4,9/26/2011 10:30,1.85,15921.0,Germany
570588,21777,RECIPE BOX WITH METAL HEART,12,9/26/2011 10:30,7.95,15921.0,Germany
570588,85099B,JUMBO BAG RED RETROSPOT,1,9/26/2011 10:30,1.95,15921.0,Germany
570645,22613,PACK OF 20 SPACEBOY NAPKINS,1,9/26/2011 19:03,0.85,,United Kingdom
570645,22960,JAM MAKING SET WITH JARS,1,9/26/2011 19:03,4.25,,United Kingdom
570645,22752,SET 7 BABUSHKA NESTING BOXES,12,9/26/2011 19:03,7.65,,United Kingdom
570688,71053,WHITE METAL LANTERN,48,9/27/2011 10:49,3.39,15441.0,United Kingdom
570688,21755,LOVE BUILDING BLOCK WORD,48,9/27/2011 10:49,5.95,15441.0,United Kingdom
570688,84029E,RED WOOLLY HOTTIE WHITE HEART.,12,9/27/2011 10:49,3.39,15441.0,United Kingdom
570688,23084,RABBIT NIGHT LIGHT,6,9/27/2011 10:49,2.08,15441.0,United Kingdom
570688,85123A,WHITE HANGING HEART T-LIGHT HOLDER,2,9/27/2011 10:49,2.55,15441.0,United Kingdom
570688,21212,PACK OF 72 RETROSPOT CAKE CASES,2,9/27/2011 10:49,0.55,15441.0,United Kingdom
570688,22720,SET OF 3 CAKE TINS PANTRY DESIGN,3,9/27/2011 10:49,4.95,15441.0,United Kingdom
570688,84879,ASSORTED COLOUR BIRD ORNAMENT,8,9/27/2011 10:49,1.69,15441.0,United Kingdom
570688,47566,PARTY BUNTING,24,9/27/2011 10:49,4.95,15441.0,United Kingdom
570688,22310,IVORY KNITTED MUG COSY,4,9/27/2011 10:49,1.65,15441.0,United Kingdom
570688,85123A,WHITE HANGING HEART T-LIGHT HOLDER,8,9/27/2011 10:49,2.55,15441.0,United Kingdom
570688,22632,HAND WARMER RED POLKA DOT,1,9/27/2011 10:49,1.85,15441.0,United Kingdom
570688,22748,POPPY'S PLAYHOUSE KITCHEN,4,9/27/2011 10:49,2.1,15441.0,United Kingdom
570688,22748,POPPY'S PLAYHOUSE KITCHEN,8,9/27/2011 10:49,2.1,15441.0,United Kingdom
570688,22752,SET 7 BABUSHKA NESTING BOXES,48,9/27/2011 10:49,7.65,15441.0,United Kingdom
570688,21777,RECIPE BOX WITH METAL HEART,8,9/27/2011 10:49,7.95,15441.0,United Kingdom
570732,21730,GLASS STAR FROSTED T-LIGHT HOLDER,12,9/27/2011 17:45,4.25,16985.0,United Kingdom
570732,84406B,CREAM CUPID HEARTS COAT HANGER,6,9/27/2011 17:45,2.75,16985.0,United Kingdom
570732,22960,JAM MAKING SET WITH JARS,8,9/27/2011 17:45,4.25,16985.0,United Kingdom
570732,22423,REGENCY CAKESTAND 3 TIER,12,9/27/2011 17:45,12.75,16985.0,United Kingdom
570732,21755,LOVE BUILDING BLOCK WORD,8,9/27/2011 17:45,5.95,16985.0,United Kingdom
570732,71053,WHITE METAL LANTERN,48,9/27/2011 17:45,3.39,16985.0,United Kingdom
570732,22752,SET 7 BABUSHKA NESTING BOXES,48,9/27/2011 17:45,7.65,16985.0,United Kingdom
570732,48187,DOORMAT NEW ENGLAND,1,9/27/2011 17:45,7.95,16985.0,United Kingdom
570732,22423,REGENCY CAKESTAND 3 TIER,4,9/27/2011 17:45,12.75,16985.0,United Kingdom
570732,22613,PACK OF 20 SPACEBOY NAPKINS,12,9/27/2011 17:45,0.85,16985.0,United Kingdom
570732,85099B,JUMBO BAG RED RETROSPOT,6,9/27/2011 17:45,1.95,16985.0,United Kingdom
570732,22632,HAND WARMER RED POLKA DOT,2,9/27/2011 17:45,1.85,16985.0,United Kingdom
570732,85099B,JUMBO BAG RED RETROSPOT,3,9/27/2011 17:45,1.95,16985.0,United Kingdom
570732,21777,RECIPE BOX WITH METAL HEART,1,9/27/2011 17:45,7.95,16985.0,United Kingdom
570807,22913,RED COAT RACK PARIS FASHION,3,9/28/2011 8:20,4.95,12634.0,United Kingdom
570807,22748,POPPY'S PLAYHOUSE KITCHEN,12,9/28/2011 8:20,2.1,12634.0,United Kingdom
570807,22752,SET 7 BABUSHKA NESTING BOXES,12,9/28/2011 8:20,7.65,12634.0,United Kingdom
570807,21755,LOVE BUILDING BLOCK WORD,48,9/28/2011 8:20,5.95,12634.0,United Kingdom
570807,22623,BOX OF VINTAGE JIGSAW BLOCKS,1,9/28/2011 8:20,4.95,12634.0,United Kingdom
570807,22913,RED COAT RACK PARIS FASHION,8,9/28/2011 8:20,4.95,12634.0,United Kingdom
570807,20725,LUNCH BAG RED RETROSPOT,48,9/28/2011 8:20,1.65,12634.0,United Kingdom
570885,22423,REGENCY CAKESTAND 3 TIER,3,9/28/2011 11:43,12.75,,United Kingdom
570885,22748,POPPY'S PLAYHOUSE KITCHEN,8,9/28/2011 11:43,2.1,,United Kingdom
570885,22623,,4,9/28/2011 11:43,4.95,,United Kingdom
570885,20725,LUNCH BAG RED RETROSPOT,6,9/28/2011 11:43,1.65,,United Kingdom
570885,21777,RECIPE BOX WITH METAL HEART,2,9/28/2011 11:43,7.95,,United Kingdom
570885,85099B,JUMBO BAG RED RETROSPOT,24,9/28/2011 11:43,1.95,,United Kingdom
570885,22745,POPPY'S PLAYHOUSE BEDROOM,12,9/28/2011 11:43,2.1,,United Kingdom
570885,22310,IVORY KNITTED MUG COSY,1,9/28/2011 11:43,1.65,,United Kingdom
570885,84969,BOX OF 6 ASSORTED COLOUR TEASPOONS,24,9/28/2011 11:43,4.25,,United Kingdom
570885,20725,LUNCH BAG RED RETROSPOT,4,9/28/2011 11:43,1.65,,United Kingdom
570885,22197,SMALL POPCORN HOLDER,24,9/28/2011 11:43,0.85,,United Kingdom
570885,84029G,KNITTED UNION FLAG HOT WATER BOTTLE,4,9/28/2011 11:43,3.39,,United Kingdom
570885,22423,REGENCY CAKESTAND 3 TIER,6,9/28/2011 11:43,12.75,,United Kingdom
570885,22752,SET 7 BABUSHKA NESTING BOXES,2,9/28/2011 11:43,7.65,,United Kingdom
570958,47566,PARTY BUNTING,24,9/28/2011 17:30,4.95,,United Kingdom
570958,22623,BOX OF VINTAGE JIGSAW BLOCKS,2,9/28/2011 17:30,4.95,,United Kingdom
570958,84406B,CREAM CUPID HEARTS COAT HANGER,24,9/28/2011 17:30,2.75,,United Kingdom
570958,84969,BOX OF 6 ASSORTED COLOUR TEASPOONS,24,9/28/2011 17:30,4.25,,United Kingdom
570958,47566,PARTY BUNTING,12,9/28/2011 17:30,4.95,,United Kingdom
570958,22745,POPPY'S PLAYHOUSE BEDROOM,8,9/28/2011 17:30,2.1,,United Kingdom
570958,22745,POPPY'S PLAYHOUSE BEDROOM,4,9/28/2011 17:30,2.1,,United Kingdom
570958,22423,REGENCY CAKESTAND 3 TIER,4,9/28/2011 17:30,12.75,,United Kingdom
570958,21730,GLASS STAR FROSTED T-LIGHT HOLDER,1,9/28/2011 17:30,4.25,,United Kingdom
570958,22613,PACK OF 20 SPACEBOY NAPKINS,12,9/28/2011 17:30,0.85,,United Kingdom
570958,22752,SET 7 BABUSHKA NESTING BOXES,1,9/28/2011 17:30,7.65,,United Kingdom
570958,22633,HAND WARMER UNION JACK,4,9/28/2011 17:30,1.85,,United Kingdom
571002,84406B,CREAM CUPID HEARTS COAT HANGER,8,9/29/2011 11:12,2.75,15816.0,United Kingdom
571002,85123A,WHITE HANGING HEART T-LIGHT HOLDER,24,9/29/2011 11:12,2.55,15816.0,United Kingdom
571002,21777,RECIPE BOX WITH METAL HEART,48,9/29/2011 11:12,7.95,15816.0,United Kingdom
571002,84029G,KNITTED UNION FLAG HOT WATER BOTTLE,48,9/29/2011 11:12,3.39,15816.0,United Kingdom
571002,22423,REGENCY CAKESTAND 3 TIER,2,9/29/2011 11:12,12.75,15816.0,United Kingdom
571002,84879,ASSORTED COLOUR BIRD ORNAMENT,6,9/29/2011 11:12,1.69,15816.0,United Kingdom
571002,85099B,JUMBO BAG RED RETROSPOT,1,9/29/2011 11:12,1.95,15816.0,United Kingdom
571062,48187,DOORMAT NEW ENGLAND,24,9/30/2011 9:42,7.95,,United Kingdom
571062,22632,HAND WARMER RED POLKA DOT,3,9/30/2011 9:42,1.85,,United Kingdom
571062,85123A,WHITE HANGING HEART T-LIGHT HOLDER,1,9/30/2011 9:42,2.55,,United Kingdom
571062,22748,POPPY'S PLAYHOUSE KITCHEN,24,9/30/2011 9:42,2.1,,United Kingdom
571062,21777,RECIPE BOX WITH METAL HEART,3,9/30/2011 9:42,7.95,,United Kingdom
571062,85123A,WHITE HANGING HEART T-LIGHT HOLDER,24,9/30/2011 9:42,2.55,,United Kingdom
571062,22197,SMALL POPCORN HOLDER,12,9/30/2011 9:42,0.85,,United Kingdom
571062,71053,WHITE METAL LANTERN,48,9/30/2011 9:42,3.39,,United Kingdom
571062,48187,DOORMAT NEW ENGLAND,6,9/30/2011 9:42,7.95,,United Kingdom
571062,22720,SET OF 3 CAKE TINS PANTRY DESIGN,1,9/30/2011 9:42,4.95,,United Kingdom
571062,22310,IVORY KNITTED MUG COSY,1,9/30/2011 9:42,1.65,,United Kingdom
571062,84406B,CREAM CUPID HEARTS COAT HANGER,3,9/30/2011 9:42,2.75,,United Kingdom
571062,20725,LUNCH BAG RED RETROSPOT,2,9/30/2011 9:42,1.65,,United Kingdom
571062,22613,,48,9/30/2011 9:42,0.85,,United Kingdom
571062,22752,SET 7 BABUSHKA NESTING BOXES,12,9/30/2011 9:42,7.65,,United Kingdom
571062,23084,RABBIT NIGHT LIGHT,3,9/30/2011 9:42,2.08,,United Kingdom
571062,84406B,CREAM CUPID HEARTS COAT HANGER,6,9/30/2011 9:42,2.75,,United Kingdom
571062,21730,GLASS STAR FROSTED T-LIGHT HOLDER,1,9/30/2011 9:42,4.25,,United Kingdom
571062,21755,LOVE BUILDING BLOCK WORD,8,9/30/2011 9:42,5.95,,United Kingdom
571062,22748,POPPY'S PLAYHOUSE KITCHEN,12,9/30/2011 9:42,2.1,,United Kingdom
571062,84029G,KNITTED UNION FLAG HOT WATER BOTTLE,8,9/30/2011 9:42,3.39,,United Kingdom
571115,23084,RABBIT NIGHT LIGHT,12,10/1/2011 9:28,2.08,15622.0,United Kingdom
571115,21777,RECIPE BOX WITH METAL HEART,12,10/1/2011 9:28,7.95,15622.0,United Kingdom
571115,22752,SET 7 BABUSHKA NESTING BOXES,8,10/1/2011 9:28,7.65,15622.0,United Kingdom
571115,22913,RED COAT RACK PARIS FASHION,3,10/1/2011 9:28,4.95,15622.0,United Kingdom
571115,84969,BOX OF 6 ASSORTED COLOUR TEASPOONS,8,10/1/2011 9:28,4.25,15622.0,United Kingdom
571115,22745,POPPY'S PLAYHOUSE BEDROOM,8,10/1/2011 9:28,2.1,15622.0,United Kingdom
571115,20725,LUNCH BAG RED RETROSPOT,6,10/1/2011 9:28,1.65,15622.0,United Kingdom
571115,47566,PARTY BUNTING,6,10/1/2011 9:28,4.95,15622.0,United Kingdom
571115,84969,BOX OF 6 ASSORTED COLOUR TEASPOONS,48,10/1/2011 9:28,4.25,15622.0,United Kingdom
571115,21777,RECIPE BOX WITH METAL HEART,12,10/1/2011 9:28,7.95,15622.0,United Kingdom
571115,22752,SET 7 BABUSHKA NESTING BOXES,2,10/1/2011 9:28,7.65,15622.0,United Kingdom
571115,23084,RABBIT NIGHT LIGHT,6,10/1/2011 9:28,2.08,15622.0,United Kingdom
571115,22752,SET 7 BABUSHKA NESTING BOXES,1,10/1/2011 9:28,7.65,15622.0,United Kingdom
571115,22960,JAM MAKING SET WITH JARS,3,10/1/2011 9:28,4.25,15622.0,United Kingdom
571115,22752,SET 7 BABUSHKA NESTING BOXES,2,10/1/2011 9:28,7.65,15622.0,United Kingdom
571115,22613,PACK OF 20 SPACEBOY NAPKINS,12,10/1/2011 9:28,0.85,15622.0,United Kingdom
571115,22632,HAND WARMER RED POLKA DOT,24,10/1/2011 9:28,1.85,15622.0,United Kingdom
571188,20725,LUNCH BAG RED RETROSPOT,48,10/1/2011 15:47,1.65,16173.0,United Kingdom
571188,22632,HAND WARMER RED POLKA DOT,6,10/1/2011 15:47,1.85,16173.0,United Kingdom
571188,71053,WHITE METAL LANTERN,4,10/1/2011 15:47,3.39,16173.0,United Kingdom
571188,22720,SET OF 3 CAKE TINS PANTRY DESIGN,12,10/1/2011 15:47,4.95,16173.0,United Kingdom
571188,47566,PARTY BUNTING,12,10/1/2011 15:47,4.95,16173.0,United Kingdom
571246,21754,HOME BUILDING BLOCK WORD,2,10/1/2011 19:43,5.95,15626.0,United Kingdom
571246,22720,SET OF 3 CAKE TINS PANTRY DESIGN,1,10/1/2011 19:43,4.95,15626.0,United Kingdom
571246,22613,PACK OF 20 SPACEBOY NAPKINS,48,10/1/2011 19:43,0.85,15626.0,United Kingdom
571246,22752,SET 7 BABUSHKA NESTING BOXES,12,10/1/2011 19:43,7.65,15626.0,United Kingdom
571246,22752,SET 7 BABUSHKA NESTING BOXES,8,10/1/2011 19:43,7.65,15626.0,United Kingdom
571246,22633,HAND WARMER UNION JACK,3,10/1/2011 19:43,1.85,15626.0,United Kingdom
571246,22423,REGENCY CAKESTAND 3 TIER,8,10/1/2011 19:43,12.75,15626.0,United Kingdom
571246,21754,HOME BUILDING BLOCK WORD,4,10/1/2011 19:43,5.95,15626.0,United Kingdom
571246,21777,RECIPE BOX WITH METAL HEART,1,10/1/2011 19:43,7.95,15626.0,United Kingdom
571246,85123A,WHITE HANGING HEART T-LIGHT HOLDER,8,10/1/2011 19:43,2.55,15626.0,United Kingdom
571246,22632,HAND WARMER RED POLKA DOT,12,10/1/2011 19:43,1.85,15626.0,United Kingdom
571246,84969,BOX OF 6 ASSORTED COLOUR TEASPOONS,1,10/1/2011 19:43,4.25,15626.0,United Kingdom
571246,22623,BOX OF VINTAGE JIGSAW BLOCKS,3,10/1/2011 19:43,4.95,15626.0,United Kingdom
571246,47566,PARTY BUNTING,3,10/1/2011 19:43,4.95,15626.0,United Kingdom
571246,22632,HAND WARMER RED POLKA DOT,48,10/1/2011 19:43,1.85,15626.0,United Kingdom
571246,23084,RABBIT NIGHT LIGHT,8,10/1/2011 19:43,2.08,15626.0,United Kingdom
571246,21730,GLASS STAR FROSTED T-LIGHT HOLDER,1,10/1/2011 19:43,4.25,15626.0,United Kingdom
571294,22913,RED COAT RACK PARIS FASHION,12,10/2/2011 10:49,4.95,15294.0,United Kingdom
571294,21754,HOME BUILDING BLOCK WORD,12,10/2/2011 10:49,5.95,15294.0,United Kingdom
571294,20725,LUNCH BAG RED RETROSPOT,3,10/2/2011 10:49,1.65,15294.0,United Kingdom
571294,47566,PARTY BUNTING,6,10/2/2011 10:49,4.95,15294.0,United Kingdom
571294,22623,BOX OF VINTAGE JIGSAW BLOCKS,6,10/2/2011 10:49,4.95,15294.0,United Kingdom
571294,84879,ASSORTED COLOUR BIRD ORNAMENT,48,10/2/2011 10:49,1.69,15294.0,United Kingdom
571294,22632,HAND WARMER RED POLKA DOT,8,10/2/2011 10:49,1.85,15294.0,United Kingdom
571294,85099B,JUMBO BAG RED RETROSPOT,8,10/2/2011 10:49,1.95,15294.0,United Kingdom
571352,22613,PACK OF 20 SPACEBOY NAPKINS,2,10/3/2011 8:02,0.85,16892.0,United Kingdom
571352,22613,PACK OF 20 SPACEBOY NAPKINS,12,10/3/2011 8:02,0.85,16892.0,United Kingdom
571352,22423,REGENCY CAKESTAND 3 TIER,3,10/3/2011 8:02,12.75,16892.0,United Kingdom
571352,22310,IVORY KNITTED MUG COSY,12,10/3/2011 8:02,1.65,16892.0,United Kingdom
571352,22913,RED COAT RACK PARIS FASHION,6,10/3/2011 8:02,4.95,16892.0,United Kingdom
571352,47566,PARTY BUNTING,12,10/3/2011 8:02,4.95,16892.0,United Kingdom
571352,22748,POPPY'S PLAYHOUSE KITCHEN,48,10/3/2011 8:02,2.1,16892.0,United Kingdom
571352,22310,IVORY KNITTED MUG COSY,8,10/3/2011 8:02,1.65,16892.0,United Kingdom
571352,84029G,KNITTED UNION FLAG HOT WATER BOTTLE,1,10/3/2011 8:02,3.39,16892.0,United Kingdom
571352,84879,ASSORTED COLOUR BIRD ORNAMENT,6,10/3/2011 8:02,1.69,16892.0,United Kingdom
571394,21755,LOVE BUILDING BLOCK WORD,12,10/3/2011 11:35,5.95,16198.0,United Kingdom
571394,85123A,WHITE HANGING HEART T-LIGHT HOLDER,4,10/3/2011 11:35,2.55,16198.0,United Kingdom
571394,71053,WHITE METAL LANTERN,12,10/3/2011 11:35,3.39,16198.0,United Kingdom
571394,22720,SET OF 3 CAKE TINS PANTRY DESIGN,4,10/3/2011 11:35,4.95,16198.0,United Kingdom
571394,84029E,RED WOOLLY HOTTIE WHITE HEART.,6,10/3/2011 11:35,3.39,16198.0,United Kingdom
571394,21212,PACK OF 72 RETROSPOT CAKE CASES,1,10/3/2011 11:35,0.55,16198.0,United Kingdom
571394,71053,WHITE METAL LANTERN,12,10/3/2011 11:35,3.39,16198.0,United Kingdom
571394,22632,HAND WARMER RED POLKA DOT,24,10/3/2011 11:35,1.85,16198.0,United Kingdom
571394,47566,PARTY BUNTING,8,10/3/2011 11:35,4.95,16198.0,United Kingdom
571394,22913,RED COAT RACK PARIS FASHION,24,10/3/2011 11:35,4.95,16198.0,United Kingdom
571394,22748,POPPY'S PLAYHOUSE KITCHEN,3,10/3/2011 11:35,2.1,16198.0,United Kingdom
571394,84879,ASSORTED COLOUR BIRD ORNAMENT,48,10/3/2011 11:35,1.69,16198.0,United Kingdom
571394,21755,LOVE BUILDING BLOCK WORD,48,10/3/2011 11:35,5.95,16198.0,United Kingdom
571394,22623,BOX OF VINTAGE JIGSAW BLOCKS,1,10/3/2011 11:35,4.95,16198.0,United Kingdom
571394,22745,POPPY'S PLAYHOUSE BEDROOM,1,10/3/2011 11:35,2.1,16198.0,United Kingdom
571394,85099B,JUMBO BAG RED RETROSPOT,3,10/3/2011 11:35,1.95,16198.0,United Kingdom
571463,22960,JAM MAKING SET WITH JARS,8,10/4/2011 9:33,4.25,17539.0,United Kingdom
571463,85123A,WHITE HANGING HEART T-LIGHT HOLDER,2,10/4/2011 9:33,2.55,17539.0,United Kingdom
571463,84406B,CREAM CUPID HEARTS COAT HANGER,24,10/4/2011 9:33,2.75,17539.0,United Kingdom
571463,23084,RABBIT NIGHT LIGHT,4,10/4/2011 9:33,2.08,17539.0,United Kingdom
571463,47566,PARTY BUNTING,1,10/4/2011 9:33,4.95,17539.0,United Kingdom
571463,22633,HAND WARMER UNION JACK,8,10/4/2011 9:33,1.85,17539.0,United Kingdom
571463,21212,PACK OF 72 RETROSPOT CAKE CASES,24,10/4/2011 9:33,0.55,17539.0,United Kingdom
571463,20725,LUNCH BAG RED RETROSPOT,4,10/4/2011 9:33,1.65,17539.0,United Kingdom
571463,84879,ASSORTED COLOUR BIRD ORNAMENT,1,10/4/2011 9:33,1.69,17539.0,United Kingdom
571463,22913,RED COAT RACK PARIS FASHION,2,10/4/2011 9:33,4.95,17539.0,United Kingdom
571463,22745,POPPY'S PLAYHOUSE BEDROOM,24,10/4/2011 9:33,2.1,17539.0,United Kingdom
571463,84029E,RED WOOLLY HOTTIE WHITE HEART.,6,10/4/2011 9:33,3.39,17539.0,United Kingdom
571463,21212,PACK OF 72 RETROSPOT CAKE CASES,6,10/4/2011 9:33,0.55,17539.0,United Kingdom
571463,22913,RED COAT RACK PARIS FASHION,8,10/4/2011 9:33,4.95,17539.0,United Kingdom
571463,22720,SET OF 3 CAKE TINS PANTRY DESIGN,4,10/4/2011 9:33,4.95,17539.0,United Kingdom
571463,22752,SET 7 BABUSHKA NESTING BOXES,4,10/4/2011 9:33,7.65,17539.0,United Kingdom
571463,21777,RECIPE BOX WITH METAL HEART,24,10/4/2011 9:33,7.95,17539.0,United Kingdom
571463,22423,REGENCY CAKESTAND 3 TIER,4,10/4/2011 9:33,12.75,17539.0,United Kingdom
571463,21755,LOVE BUILDING BLOCK WORD,48,10/4/2011 9:33,5.95,17539.0,United Kingdom
571463,21754,HOME BUILDING BLOCK WORD,2,10/4/2011 9:33,5.95,17539.0,United Kingdom
571463,22960,JAM MAKING SET WITH JARS,3,10/4/2011 9:33,4.25,17539.0,United Kingdom
571508,22913,RED COAT RACK PARIS FASHION,24,10/4/2011 16:06,4.95,16475.0,United Kingdom
571508,85099B,JUMBO BAG RED RETROSPOT,48,10/4/2011 16:06,1.95,16475.0,United Kingdom
571508,23084,RABBIT NIGHT LIGHT,6,10/4/2011 16:06,2.08,16475.0,United Kingdom
571508,21755,LOVE BUILDING BLOCK WORD,8,10/4/2011 16:06,5.95,16475.0,United Kingdom
571508,22423,REGENCY CAKESTAND 3 TIER,2,10/4/2011 16:06,12.75,16475.0,United Kingdom
571584,21730,GLASS STAR FROSTED T-LIGHT HOLDER,12,10/5/2011 9:23,4.25,15175.0,United Kingdom
571584,22752,SET 7 BABUSHKA NESTING BOXES,24,10/5/2011 9:23,7.65,15175.0,United Kingdom
571584,22720,SET OF 3 CAKE TINS PANTRY DESIGN,8,10/5/2011 9:23,4.95,15175.0,United Kingdom
571584,48187,DOORMAT NEW ENGLAND,4,10/5/2011 9:23,7.95,15175.0,United Kingdom
571654,22748,POPPY'S PLAYHOUSE KITCHEN,12,10/5/2011 15:36,2.1,15934.0,United Kingdom
571654,22913,RED COAT RACK PARIS FASHION,12,10/5/2011 15:36,4.95,15934.0,United Kingdom
571654,21755,LOVE BUILDING BLOCK WORD,12,10/5/2011 15:36,5.95,15934.0,United Kingdom
571654,21755,LOVE BUILDING BLOCK WORD,8,10/5/2011 15:36,5.95,15934.0,United Kingdom
571654,22913,RED COAT RACK PARIS FASHION,3,10/5/2011 15:36,4.95,15934.0,United Kingdom
571654,22748,POPPY'S PLAYHOUSE KITCHEN,6,10/5/2011 15:36,2.1,15934.0,United Kingdom
571720,21755,LOVE BUILDING BLOCK WORD,24,10/6/2011 10:25,5.95,14808.0,United Kingdom
571720,71053,WHITE METAL LANTERN,1,10/6/2011 10:25,3.39,14808.0,United Kingdom
571720,22310,IVORY KNITTED MUG COSY,12,10/6/2011 10:25,1.65,14808.0,United Kingdom
571720,22720,SET OF 3 CAKE TINS PANTRY DESIGN,1,10/6/2011 10:25,4.95,14808.0,United Kingdom
571720,22745,POPPY'S PLAYHOUSE BEDROOM,12,10/6/2011 10:25,2.1,14808.0,United Kingdom
571720,22197,SMALL POPCORN HOLDER,3,10/6/2011 10:25,0.85,14808.0,United Kingdom
571720,85099B,JUMBO BAG RED RETROSPOT,24,10/6/2011 10:25,1.95,14808.0,United Kingdom
571720,23084,RABBIT NIGHT LIGHT,6,10/6/2011 10:25,2.08,14808.0,United Kingdom
571720,84029E,RED WOOLLY HOTTIE WHITE HEART.,3,10/6/2011 10:25,3.39,14808.0,United Kingdom
571720,22752,SET 7 BABUSHKA NESTING BOXES,24,10/6/2011 10:25,7.65,14808.0,United Kingdom
571720,84029E,RED WOOLLY HOTTIE WHITE HEART.,3,10/6/2011 10:25,3.39,14808.0,United Kingdom
571720,23084,RABBIT NIGHT LIGHT,12,10/6/2011 10:25,2.08,14808.0,United Kingdom
571720,71053,WHITE METAL LANTERN,48,10/6/2011 10:25,3.39,14808.0,United Kingdom
571720,47566,PARTY BUNTING,8,10/6/2011 10:25,4.95,14808.0,United Kingdom
571720,22623,BOX OF VINTAGE JIGSAW BLOCKS,3,10/6/2011 10:25,4.95,14808.0,United Kingdom
571720,84879,ASSORTED COLOUR BIRD ORNAMENT,6,10/6/2011 10:25,1.69,14808.0,United Kingdom
571720,22960,JAM MAKING SET WITH JARS,2,10/6/2011 10:25,4.25,14808.0,United Kingdom
571720,84969,BOX OF 6 ASSORTED COLOUR TEASPOONS,8,10/6/2011 10:25,4.25,14808.0,United Kingdom
571720,84406B,CREAM CUPID HEARTS COAT HANGER,4,10/6/2011 10:25,2.75,14808.0,United Kingdom
571720,22960,JAM MAKING SET WITH JARS,24,10/6/2011 10:25,4.25,14808.0,United Kingdom
571773,22745,POPPY'S PLAYHOUSE BEDROOM,6,10/6/2011 15:12,2.1,13287.0,United Kingdom
571773,22745,POPPY'S PLAYHOUSE BEDROOM,2,10/6/2011 15:12,2.1,13287.0,United Kingdom
571773,21777,RECIPE BOX WITH METAL HEART,6,10/6/2011 15:12,7.95,13287.0,United Kingdom
571773,21212,PACK OF 72 RETROSPOT CAKE CASES,8,10/6/2011 15:12,0.55,13287.0,United Kingdom
571773,21730,GLASS STAR FROSTED T-LIGHT HOLDER,24,10/6/2011 15:12,4.25,13287.0,United Kingdom
571773,22745,POPPY'S PLAYHOUSE BEDROOM,24,10/6/2011 15:12,2.1,13287.0,United Kingdom
571830,84029E,RED WOOLLY HOTTIE WHITE HEART.,1,10/7/2011 11:50,3.39,16108.0,United Kingdom
571830,47566,PARTY BUNTING,1,10/7/2011 11:50,4.95,16108.0,United Kingdom
571830,22720,SET OF 3 CAKE TINS PANTRY DESIGN,1,10/7/2011 11:50,4.95,16108.0,United Kingdom
571830,23084,RABBIT NIGHT LIGHT,24,10/7/2011 11:50,2.08,16108.0,United Kingdom
571830,22960,JAM MAKING SET WITH JARS,24,10/7/2011 11:50,4.25,16108.0,United Kingdom
571830,22720,SET OF 3 CAKE TINS PANTRY DESIGN,4,10/7/2011 11:50,4.95,16108.0,United Kingdom
571830,84029E,RED WOOLLY HOTTIE WHITE HEART.,24,10/7/2011 11:50,3.39,16108.0,United Kingdom
571830,22633,HAND WARMER UNION JACK,4,10/7/2011 11:50,1.85,16108.0,United Kingdom
571830,84406B,CREAM CUPID HEARTS COAT HANGER,3,10/7/2011 11:50,2.75,16108.0,United Kingdom
571830,23084,RABBIT NIGHT LIGHT,8,10/7/2011 11:50,2.08,16108.0,United Kingdom
571830,84879,ASSORTED COLOUR BIRD ORNAMENT,6,10/7/2011 11:50,1.69,16108.0,United Kingdom
571830,22913,RED COAT RACK PARIS FASHION,24,10/7/2011 11:50,4.95,16108.0,United Kingdom
571830,84969,BOX OF 6 ASSORTED COLOUR TEASPOONS,2,10/7/2011 11:50,4.25,16108.0,United Kingdom
571830,22423,REGENCY CAKESTAND 3 TIER,6,10/7/2011 11:50,12.75,16108.0,United Kingdom
571830,21755,LOVE BUILDING BLOCK WORD,24,10/7/2011 11:50,5.95,16108.0,United Kingdom
571830,84029G,KNITTED UNION FLAG HOT WATER BOTTLE,48,10/7/2011 11:50,3.39,16108.0,United Kingdom
571830,85123A,WHITE HANGING HEART T-LIGHT HOLDER,4,10/7/2011 11:50,2.55,16108.0,United Kingdom
571830,22632,HAND WARMER RED POLKA DOT,3,10/7/2011 11:50,1.85,16108.0,United Kingdom
571830,22197,SMALL POPCORN HOLDER,4,10/7/2011 11:50,0.85,16108.0,United Kingdom
571830,22745,POPPY'S PLAYHOUSE BEDROOM,1,10/7/2011 11:50,2.1,16108.0,United Kingdom
571909,22720,SET OF 3 CAKE TINS PANTRY DESIGN,3,10/7/2011 17:01,4.95,,United Kingdom
571909,22748,POPPY'S PLAYHOUSE KITCHEN,4,10/7/2011 17:01,2.1,,United Kingdom
571909,22913,RED COAT RACK PARIS FASHION,12,10/7/2011 17:01,4.95,,United Kingdom
571909,22423,REGENCY CAKESTAND 3 TIER,48,10/7/2011 17:01,12.75,,United Kingdom
571909,71053,WHITE METAL LANTERN,12,10/7/2011 17:01,3.39,,United Kingdom
571909,22960,JAM MAKING SET WITH JARS,24,10/7/2011 17:01,4.25,,United Kingdom
571909,22613,PACK OF 20 SPACEBOY NAPKINS,2,10/7/2011 17:01,0.85,,United Kingdom
571909,84879,ASSORTED COLOUR BIRD ORNAMENT,3,10/7/2011 17:01,1.69,,United Kingdom
571909,22310,IVORY KNITTED MUG COSY,12,10/7/2011 17:01,1.65,,United Kingdom
571909,84406B,CREAM CUPID HEARTS COAT HANGER,4,10/7/2011 17:01,2.75,,United Kingdom
571909,48187,DOORMAT NEW ENGLAND,48,10/7/2011 17:01,7.95,,United Kingdom
571909,21754,HOME BUILDING BLOCK WORD,8,10/7/2011 17:01,5.95,,United Kingdom
571909,71053,WHITE METAL LANTERN,4,10/7/2011 17:01,3.39,,United Kingdom
571909,21754,HOME BUILDING BLOCK WORD,12,10/7/2011 17:01,5.95,,United Kingdom
571984,21212,PACK OF 72 RETROSPOT CAKE CASES,3,10/8/2011 8:19,0.55,13666.0,United Kingdom
571984,85123A,WHITE HANGING HEART T-LIGHT HOLDER,2,10/8/2011 8:19,2.55,13666.0,United Kingdom
572057,84969,BOX OF 6 ASSORTED COLOUR TEASPOONS,6,10/8/2011 17:37,4.25,15580.0,United Kingdom
572057,21212,PACK OF 72 RETROSPOT CAKE CASES,4,10/8/2011 17:37,0.55,15580.0,United Kingdom
572057,22310,IVORY KNITTED MUG COSY,1,10/8/2011 17:37,1.65,15580.0,United Kingdom
572099,22745,POPPY'S PLAYHOUSE BEDROOM,4,10/9/2011 9:47,2.1,15197.0,United Kingdom
572099,22310,IVORY KNITTED MUG COSY,2,10/9/2011 9:47,1.65,15197.0,United Kingdom
572099,21754,HOME BUILDING BLOCK WORD,4,10/9/2011 9:47,5.95,15197.0,United Kingdom
572099,22748,POPPY'S PLAYHOUSE KITCHEN,12,10/9/2011 9:47,2.1,15197.0,United Kingdom
572099,21755,LOVE BUILDING BLOCK WORD,12,10/9/2011 9:47,5.95,15197.0,United Kingdom
572099,84406B,CREAM CUPID HEARTS COAT HANGER,6,10/9/2011 9:47,2.75,15197.0,United Kingdom
572099,22310,IVORY KNITTED MUG COSY,24,10/9/2011 9:47,1.65,15197.0,United Kingdom
572099,22197,SMALL POPCORN HOLDER,24,10/9/2011 9:47,0.85,15197.0,United Kingdom
572099,84969,BOX OF 6 ASSORTED COLOUR TEASPOONS,12,10/9/2011 9:47,4.25,15197.0,United Kingdom
572099,22748,POPPY'S PLAYHOUSE KITCHEN,4,10/9/2011 9:47,2.1,15197.0,United Kingdom
572099,47566,PARTY BUNTING,3,10/9/2011 9:47,4.95,15197.0,United Kingdom
572099,47566,PARTY BUNTING,2,10/9/2011 9:47,4.95,15197.0,United Kingdom
572099,84879,ASSORTED COLOUR BIRD ORNAMENT,48,10/9/2011 9:47,1.69,15197.0,United Kingdom
572099,22720,SET OF 3 CAKE TINS PANTRY DESIGN,3,10/9/2011 9:47,4.95,15197.0,United Kingdom
572099,84029G,KNITTED UNION FLAG HOT WATER BOTTLE,24,10/9/2011 9:47,3.39,15197.0,United Kingdom
572099,84969,BOX OF 6 ASSORTED COLOUR TEASPOONS,4,10/9/2011 9:47,4.25,15197.0,United Kingdom
572099,22745,POPPY'S PLAYHOUSE BEDROOM,48,10/9/2011 9:47,2.1,15197.0,United Kingdom
572099,84406B,CREAM CUPID HEARTS COAT HANGER,4,10/9/2011 9:47,2.75,15197.0,United Kingdom
572099,71053,WHITE METAL LANTERN,24,10/9/2011 9:47,3.39,15197.0,United Kingdom
572099,84406B,CREAM CUPID HEARTS COAT HANGER,24,10/9/2011 9:47,2.75,15197.0,United Kingdom
572099,22423,REGENCY CAKESTAND 3 TIER,8,10/9/2011 9:47,12.75,15197.0,United Kingdom
572099,22748,POPPY'S PLAYHOUSE KITCHEN,48,10/9/2011 9:47,2.1,15197.0,United Kingdom
572175,22197,SMALL POPCORN HOLDER,6,10/9/2011 18:59,0.85,12721.0,United Kingdom
572175,22613,PACK OF 20 SPACEBOY NAPKINS,48,10/9/2011 18:59,0.85,12721.0,United Kingdom
572175,22752,SET 7 BABUSHKA NESTING BOXES,1,10/9/2011 18:59,7.65,12721.0,United Kingdom
572175,85123A,WHITE HANGING HEART T-LIGHT HOLDER,24,10/9/2011 18:59,2.55,12721.0,United Kingdom
572175,22310,IVORY KNITTED MUG COSY,1,10/9/2011 18:59,1.65,12721.0,United Kingdom
572175,84029G,KNITTED UNION FLAG HOT WATER BOTTLE,48,10/9/2011 18:59,3.39,12721.0,United Kingdom
572175,84406B,CREAM CUPID HEARTS COAT HANGER,4,10/9/2011 18:59,2.75,12721.0,United Kingdom
572175,84029E,RED WOOLLY HOTTIE WHITE HEART.,6,10/9/2011 18:59,3.39,12721.0,United Kingdom
572175,22633,HAND WARMER UNION JACK,4,10/9/2011 18:59,1.85,12721.0,United Kingdom
572175,84969,BOX OF 6 ASSORTED COLOUR TEASPOONS,48,10/9/2011 18:59,4.25,12721.0,United Kingdom
572175,84029E,RED WOOLLY HOTTIE WHITE HEART.,24,10/9/2011 18:59,3.39,12721.0,United Kingdom
572175,22613,PACK OF 20 SPACEBOY NAPKINS,4,10/9/2011 18:59,0.85,12721.0,United Kingdom
572175,84029G,KNITTED UNION FLAG HOT WATER BOTTLE,6,10/9/2011 18:59,3.39,12721.0,United Kingdom
572175,22613,PACK OF 20 SPACEBOY NAPKINS,48,10/9/2011 18:59,0.85,12721.0,United Kingdom
572175,22752,SET 7 BABUSHKA NESTING BOXES,1,10/9/2011 18:59,7.65,12721.0,United Kingdom
572175,21730,GLASS STAR FROSTED T-LIGHT HOLDER,48,10/9/2011 18:59,4.25,12721.0,United Kingdom
572175,85099B,JUMBO BAG RED RETROSPOT,3,10/9/2011 18:59,1.95,12721.0,United Kingdom
572175,71053,WHITE METAL LANTERN,4,10/9/2011 18:59,3.39,12721.0,United Kingdom
572175,22745,POPPY'S PLAYHOUSE BEDROOM,2,10/9/2011 18:59,2.1,12721.0,United Kingdom
572175,85123A,WHITE HANGING HEART T-LIGHT HOLDER,4,10/9/2011 18:59,2.55,12721.0,United Kingdom
572175,22197,SMALL POPCORN HOLDER,48,10/9/2011 18:59,0.85,12721.0,United Kingdom
572253,22913,RED COAT RACK PARIS FASHION,2,10/10/2011 11:16,4.95,,United Kingdom
572253,85123A,WHITE HANGING HEART T-LIGHT HOLDER,4,10/10/2011 11:16,2.55,,United Kingdom
572253,22632,HAND WARMER RED POLKA DOT,6,10/10/2011 11:16,1.85,,United Kingdom
572253,22913,RED COAT RACK PARIS FASHION,4,10/10/2011 11:16,4.95,,United Kingdom
572253,48187,DOORMAT NEW ENGLAND,6,10/10/2011 11:16,7.95,,United Kingdom
572253,22633,HAND WARMER UNION JACK,8,10/10/2011 11:16,1.85,,United Kingdom
572253,85123A,WHITE HANGING HEART T-LIGHT HOLDER,48,10/10/2011 11:16,2.55,,United Kingdom
572253,22913,RED COAT RACK PARIS FASHION,24,10/10/2011 11:16,4.95,,United Kingdom
572253,20725,LUNCH BAG RED RETROSPOT,4,10/10/2011 11:16,1.65,,United Kingdom
572253,21755,LOVE BUILDING BLOCK WORD,1,10/10/2011 11:16,5.95,,United Kingdom
572253,85099B,JUMBO BAG RED RETROSPOT,1,10/10/2011 11:16,1.95,,United Kingdom
572253,22632,HAND WARMER RED POLKA DOT,1,10/10/2011 11:16,1.85,,United Kingdom
572253,22310,IVORY KNITTED MUG COSY,4,10/10/2011 11:16,1.65,,United Kingdom
572253,22623,BOX OF VINTAGE JIGSAW BLOCKS,2,10/10/2011 11:16,4.95,,United Kingdom
572253,22310,IVORY KNITTED MUG COSY,3,10/10/2011 11:16,1.65,,United Kingdom
572253,22960,JAM MAKING SET WITH JARS,3,10/10/2011 11:16,4.25,,United Kingdom
572253,22913,RED COAT RACK PARIS FASHION,12,10/10/2011 11:16,4.95,,United Kingdom
572253,23084,RABBIT NIGHT LIGHT,12,10/10/2011 11:16,2.08,,United Kingdom
572253,22623,BOX OF VINTAGE JIGSAW BLOCKS,2,10/10/2011 11:16,4.95,,United Kingdom
572304,22197,SMALL POPCORN HOLDER,12,10/11/2011 11:06,0.85,12787.0,United Kingdom
572304,22613,PACK OF 20 SPACEBOY NAPKINS,6,10/11/2011 11:06,0.85,12787.0,United Kingdom
572304,22752,SET 7 BABUSHKA NESTING BOXES,8,10/11/2011 11:06,7.65,12787.0,United Kingdom
572304,22633,HAND WARMER UNION JACK,48,10/11/2011 11:06,1.85,12787.0,United Kingdom
572304,85099B,JUMBO BAG RED RETROSPOT,6,10/11/2011 11:06,1.95,12787.0,United Kingdom
572304,23084,RABBIT NIGHT LIGHT,1,10/11/2011 11:06,2.08,12787.0,United Kingdom
572304,21755,LOVE BUILDING BLOCK WORD,8,10/11/2011 11:06,5.95,12787.0,United Kingdom
572304,48187,DOORMAT NEW ENGLAND,3,10/11/2011 11:06,7.95,12787.0,United Kingdom
572304,84406B,CREAM CUPID HEARTS COAT HANGER,24,10/11/2011 11:06,2.75,12787.0,United Kingdom
572304,22913,RED COAT RACK PARIS FASHION,48,10/11/2011 11:06,4.95,12787.0,United Kingdom
572304,84029G,KNITTED UNION FLAG HOT WATER BOTTLE,1,10/11/2011 11:06,3.39,12787.0,United Kingdom
572304,22748,POPPY'S PLAYHOUSE KITCHEN,12,10/11/2011 11:06,2.1,12787.0,United Kingdom
572304,21777,RECIPE BOX WITH METAL HEART,1,10/11/2011 11:06,7.95,12787.0,United Kingdom
572304,84029E,RED WOOLLY HOTTIE WHITE HEART.,2,10/11/2011 11:06,3.39,12787.0,United Kingdom
572304,22632,HAND WARMER RED POLKA DOT,3,10/11/2011 11:06,1.85,12787.0,United Kingdom
572304,22423,REGENCY CAKESTAND 3 TIER,24,10/11/2011 11:06,12.75,12787.0,United Kingdom
572304,21755,LOVE BUILDING BLOCK WORD,3,10/11/2011 11:06,5.95,12787.0,United Kingdom
572358,84879,ASSORTED COLOUR BIRD ORNAMENT,24,10/11/2011 19:41,1.69,13109.0,United Kingdom
572358,22720,SET OF 3 CAKE TINS PANTRY DESIGN,12,10/11/2011 19:41,4.95,13109.0,United Kingdom
572358,21777,RECIPE BOX WITH METAL HEART,3,10/11/2011 19:41,7.95,13109.0,United Kingdom
572358,85123A,WHITE HANGING HEART T-LIGHT HOLDER,12,10/11/2011 19:41,2.55,13109.0,United Kingdom
572358,20725,LUNCH BAG RED RETROSPOT,24,10/11/2011 19:41,1.65,13109.0,United Kingdom
572358,22197,SMALL POPCORN HOLDER,3,10/11/2011 19:41,0.85,13109.0,United Kingdom
572358,84969,BOX OF 6 ASSORTED COLOUR TEASPOONS,6,10/11/2011 19:41,4.25,13109.0,United Kingdom
572358,22748,POPPY'S PLAYHOUSE KITCHEN,4,10/11/2011 19:41,2.1,13109.0,United Kingdom
572358,85099B,JUMBO BAG RED RETROSPOT,6,10/11/2011 19:41,1.95,13109.0,United Kingdom
572358,22632,HAND WARMER RED POLKA DOT,24,10/11/2011 19:41,1.85,13109.0,United Kingdom
572358,22960,JAM MAKING SET WITH JARS,2,10/11/2011 19:41,4.25,13109.0,United Kingdom
572358,21730,GLASS STAR FROSTED T-LIGHT HOLDER,6,10/11/2011 19:41,4.25,13109.0,United Kingdom
572358,22623,BOX OF VINTAGE JIGSAW BLOCKS,1,10/11/2011 19:41,4.95,13109.0,United Kingdom
572358,22423,REGENCY CAKESTAND 3 TIER,12,10/11/2011 19:41,12.75,13109.0,United Kingdom
572358,85099B,JUMBO BAG RED RETROSPOT,2,10/11/2011 19:41,1.95,13109.0,United Kingdom
572437,21777,RECIPE BOX WITH METAL HEART,8,10/12/2011 11:29,7.95,13968.0,United Kingdom
572437,84406B,CREAM CUPID HEARTS COAT HANGER,2,10/12/2011 11:29,2.75,13968.0,United Kingdom
572437,22623,BOX OF VINTAGE JIGSAW BLOCKS,3,10/12/2011 11:29,4.95,13968.0,United Kingdom
572437,23084,RABBIT NIGHT LIGHT,8,10/12/2011 11:29,2.08,13968.0,United Kingdom
572437,22633,HAND WARMER UNION JACK,4,10/12/2011 11:29,1.85,13968.0,United Kingdom
572437,22613,PACK OF 20 SPACEBOY NAPKINS,4,10/12/2011 11:29,0.85,13968.0,United Kingdom
572504,23084,RABBIT NIGHT LIGHT,4,10/13/2011 10:32,2.08,13568.0,United Kingdom
572504,21212,PACK OF 72 RETROSPOT CAKE CASES,24,10/13/2011 10:32,0.55,13568.0,United Kingdom
572504,47566,PARTY BUNTING,6,10/13/2011 10:32,4.95,13568.0,United Kingdom
572504,84029G,KNITTED UNION FLAG HOT WATER BOTTLE,6,10/13/2011 10:32,3.39,13568.0,United Kingdom
572504,84029E,RED WOOLLY HOTTIE WHITE HEART.,8,10/13/2011 10:32,3.39,13568.0,United Kingdom
572559,48187,DOORMAT NEW ENGLAND,8,10/13/2011 14:48,7.95,14857.0,United Kingdom
572559,22752,SET 7 BABUSHKA NESTING BOXES,8,10/13/2011 14:48,7.65,14857.0,United Kingdom
572559,22960,JAM MAKING SET WITH JARS,6,10/13/2011 14:48,4.25,14857.0,United Kingdom
572559,22752,SET 7 BABUSHKA NESTING BOXES,24,10/13/2011 14:48,7.65,14857.0,United Kingdom
572559,22960,JAM MAKING SET WITH JARS,48,10/13/2011 14:48,4.25,14857.0,United Kingdom
572559,20725,LUNCH BAG RED RETROSPOT,48,10/13/2011 14:48,1.65,14857.0,United Kingdom
572559,22960,JAM MAKING SET WITH JARS,8,10/13/2011 14:48,4.25,14857.0,United Kingdom
572559,71053,WHITE METAL LANTERN,48,10/13/2011 14:48,3.39,14857.0,United Kingdom
572559,84029E,RED WOOLLY HOTTIE WHITE HEART.,12,10/13/2011 14:48,3.39,14857.0,United Kingdom
572559,22745,POPPY'S PLAYHOUSE BEDROOM,48,10/13/2011 14:48,2.1,14857.0,United Kingdom
572637,84029E,RED WOOLLY HOTTIE WHITE HEART.,24,10/14/2011 8:53,3.39,12808.0,United Kingdom
572637,48187,DOORMAT NEW ENGLAND,12,10/14/2011 8:53,7.95,12808.0,United Kingdom
572637,22913,RED COAT RACK PARIS FASHION,48,10/14/2011 8:53,4.95,12808.0,United Kingdom
572637,84029E,RED WOOLLY HOTTIE WHITE HEART.,1,10/14/2011 8:53,3.39,12808.0,United Kingdom
572637,84029E,RED WOOLLY HOTTIE WHITE HEART.,6,10/14/2011 8:53,3.39,12808.0,United Kingdom
572637,23084,RABBIT NIGHT LIGHT,2,10/14/2011 8:53,2.08,12808.0,United Kingdom
572637,84406B,CREAM CUPID HEARTS COAT HANGER,2,10/14/2011 8:53,2.75,12808.0,United Kingdom
572637,47566,PARTY BUNTING,48,10/14/2011 8:53,4.95,12808.0,United Kingdom
572637,22197,SMALL POPCORN HOLDER,12,10/14/2011 8:53,0.85,12808.0,United Kingdom
572684,22745,POPPY'S PLAYHOUSE BEDROOM,2,10/14/2011 17:40,2.1,14352.0,United Kingdom
572684,21212,PACK OF 72 RETROSPOT CAKE CASES,3,10/14/2011 17:40,0.55,14352.0,United Kingdom
572684,22960,JAM MAKING SET WITH JARS,12,10/14/2011 17:40,4.25,14352.0,United Kingdom
572684,84029E,RED WOOLLY HOTTIE WHITE HEART.,2,10/14/2011 17:40,3.39,14352.0,United Kingdom
572684,22913,RED COAT RACK PARIS FASHION,8,10/14/2011 17:40,4.95,14352.0,United Kingdom
572684,84969,BOX OF 6 ASSORTED COLOUR TEASPOONS,48,10/14/2011 17:40,4.25,14352.0,United Kingdom
572684,22913,RED COAT RACK PARIS FASHION,3,10/14/2011 17:40,4.95,14352.0,United Kingdom
572684,84406B,CREAM CUPID HEARTS COAT HANGER,2,10/14/2011 17:40,2.75,14352.0,United Kingdom
572684,85123A,WHITE HANGING HEART T-LIGHT HOLDER,12,10/14/2011 17:40,2.55,14352.0,United Kingdom
572684,22960,JAM MAKING SET WITH JARS,1,10/14/2011 17:40,4.25,14352.0,United Kingdom
572684,22720,SET OF 3 CAKE TINS PANTRY DESIGN,2,10/14/2011 17:40,4.95,14352.0,United Kingdom
572730,84406B,CREAM CUPID HEARTS COAT HANGER,4,10/15/2011 10:08,2.75,14581.0,United Kingdom
572730,22913,RED COAT RACK PARIS FASHION,24,10/15/2011 10:08,4.95,14581.0,United Kingdom
572730,21730,GLASS STAR FROSTED T-LIGHT HOLDER,6,10/15/2011 10:08,4.25,14581.0,United Kingdom
572730,84029E,RED WOOLLY HOTTIE WHITE HEART.,4,10/15/2011 10:08,3.39,14581.0,United Kingdom
572730,84029G,KNITTED UNION FLAG HOT WATER BOTTLE,1,10/15/2011 10:08,3.39,14581.0,United Kingdom
572730,22752,SET 7 BABUSHKA NESTING BOXES,12,10/15/2011 10:08,7.65,14581.0,United Kingdom
572730,84029G,KNITTED UNION FLAG HOT WATER BOTTLE,8,10/15/2011 10:08,3.39,14581.0,United Kingdom
572730,84969,BOX OF 6 ASSORTED COLOUR TEASPOONS,4,10/15/2011 10:08,4.25,14581.0,United Kingdom
572730,84029E,RED WOOLLY HOTTIE WHITE HEART.,4,10/15/2011 10:08,3.39,14581.0,United Kingdom
572730,22633,HAND WARMER UNION JACK,8,10/15/2011 10:08,1.85,14581.0,United Kingdom
572730,22623,BOX OF VINTAGE JIGSAW BLOCKS,48,10/15/2011 10:08,4.95,14581.0,United Kingdom
572730,21730,GLASS STAR FROSTED T-LIGHT HOLDER,48,10/15/2011 10:08,4.25,14581.0,United Kingdom
572730,85099B,JUMBO BAG RED RETROSPOT,4,10/15/2011 10:08,1.95,14581.0,United Kingdom
572730,48187,DOORMAT NEW ENGLAND,1,10/15/2011 10:08,7.95,14581.0,United Kingdom
572800,71053,WHITE METAL LANTERN,2,10/15/2011 13:19,3.39,13401.0,United Kingdom
572800,23084,RABBIT NIGHT LIGHT,3,10/15/2011 13:19,2.08,13401.0,United Kingdom
572800,84406B,CREAM CUPID HEARTS COAT HANGER,12,10/15/2011 13:19,2.75,13401.0,United Kingdom
572800,22745,POPPY'S PLAYHOUSE BEDROOM,12,10/15/2011 13:19,2.1,13401.0,United Kingdom
572800,22745,POPPY'S PLAYHOUSE BEDROOM,3,10/15/2011 13:19,2.1,13401.0,United Kingdom
572800,21754,HOME BUILDING BLOCK WORD,2,10/15/2011 13:19,5.95,13401.0,United Kingdom
572800,22748,POPPY'S PLAYHOUSE KITCHEN,12,10/15/2011 13:19,2.1,13401.0,United Kingdom
572800,22745,POPPY'S PLAYHOUSE BEDROOM,2,10/15/2011 13:19,2.1,13401.0,United Kingdom
572800,21212,PACK OF 72 RETROSPOT CAKE CASES,4,10/15/2011 13:19,0.55,13401.0,United Kingdom
572800,22633,HAND WARMER UNION JACK,8,10/15/2011 13:19,1.85,13401.0,United Kingdom
572800,84029G,KNITTED UNION FLAG HOT WATER BOTTLE,8,10/15/2011 13:19,3.39,13401.0,United Kingdom
572800,22613,PACK OF 20 SPACEBOY NAPKINS,24,10/15/2011 13:19,0.85,13401.0,United Kingdom
572800,21212,PACK OF 72 RETROSPOT CAKE CASES,2,10/15/2011 13:19,0.55,13401.0,United Kingdom
572800,22748,POPPY'S PLAYHOUSE KITCHEN,1,10/15/2011 13:19,2.1,13401.0,United Kingdom
572800,84879,ASSORTED COLOUR BIRD ORNAMENT,1,10/15/2011 13:19,1.69,13401.0,United Kingdom
572800,71053,WHITE METAL LANTERN,1,10/15/2011 13:19,3.39,13401.0,United Kingdom
572800,48187,DOORMAT NEW ENGLAND,2,10/15/2011 13:19,7.95,13401.0,United Kingdom
572800,48187,DOORMAT NEW ENGLAND,2,10/15/2011 13:19,7.95,13401.0,United Kingdom
572800,22960,JAM MAKING SET WITH JARS,12,10/15/2011 13:19,4.25,13401.0,United Kingdom
572800,22623,BOX OF VINTAGE JIGSAW BLOCKS,6,10/15/2011 13:19,4.95,13401.0,United Kingdom
572800,84969,BOX OF 6 ASSORTED COLOUR TEASPOONS,12,10/15/2011 13:19,4.25,13401.0,United Kingdom
572857,85099B,JUMBO BAG RED RETROSPOT,2,10/16/2011 8:02,1.95,,United Kingdom
572857,20725,LUNCH BAG RED RETROSPOT,2,10/16/2011 8:02,1.65,,United Kingdom
572857,71053,WHITE METAL LANTERN,12,10/16/2011 8:02,3.39,,United Kingdom
572857,22197,SMALL POPCORN HOLDER,48,10/16/2011 8:02,0.85,,United Kingdom
572857,22720,SET OF 3 CAKE TINS PANTRY DESIGN,4,10/16/2011 8:02,4.95,,United Kingdom
572857,84879,ASSORTED COLOUR BIRD ORNAMENT,8,10/16/2011 8:02,1.69,,United Kingdom
572857,84879,ASSORTED COLOUR BIRD ORNAMENT,48,10/16/2011 8:02,1.69,,United Kingdom
572857,48187,DOORMAT NEW ENGLAND,3,10/16/2011 8:02,7.95,,United Kingdom
572857,85123A,WHITE HANGING HEART T-LIGHT HOLDER,2,10/16/2011 8:02,2.55,,United Kingdom
572857,22310,IVORY KNITTED MUG COSY,2,10/16/2011 8:02,1.65,,United Kingdom
572926,20725,LUNCH BAG RED RETROSPOT,12,10/16/2011 19:38,1.65,18067.0,United Kingdom
572926,22960,JAM MAKING SET WITH JARS,4,10/16/2011 19:38,4.25,18067.0,United Kingdom
572926,21777,RECIPE BOX WITH METAL HEART,48,10/16/2011 19:38,7.95,18067.0,United Kingdom
572926,22613,PACK OF 20 SPACEBOY NAPKINS,24,10/16/2011 19:38,0.85,18067.0,United Kingdom
572926,48187,DOORMAT NEW ENGLAND,1,10/16/2011 19:38,7.95,18067.0,United Kingdom
572926,22423,REGENCY CAKESTAND 3 TIER,8,10/16/2011 19:38,12.75,18067.0,United Kingdom
572926,22960,JAM MAKING SET WITH JARS,12,10/16/2011 19:38,4.25,18067.0,United Kingdom
572974,22633,HAND WARMER UNION JACK,3,10/17/2011 8:01,1.85,15729.0,United Kingdom
572974,47566,PARTY BUNTING,6,10/17/2011 8:01,4.95,15729.0,United Kingdom
572974,21755,LOVE BUILDING BLOCK WORD,2,10/17/2011 8:01,5.95,15729.0,United Kingdom
572974,21777,RECIPE BOX WITH METAL HEART,48,10/17/2011 8:01,7.95,15729.0,United Kingdom
572974,22748,POPPY'S PLAYHOUSE KITCHEN,3,10/17/2011 8:01,2.1,15729.0,United Kingdom
572974,21777,RECIPE BOX WITH METAL HEART,12,10/17/2011 8:01,7.95,15729.0,United Kingdom
572974,84969,BOX OF 6 ASSORTED COLOUR TEASPOONS,8,10/17/2011 8:01,4.25,15729.0,United Kingdom
572974,22720,SET OF 3 CAKE TINS PANTRY DESIGN,8,10/17/2011 8:01,4.95,15729.0,United Kingdom
572974,85123A,WHITE HANGING HEART T-LIGHT HOLDER,1,10/17/2011 8:01,2.55,15729.0,United Kingdom
572974,22720,SET OF 3 CAKE TINS PANTRY DESIGN,3,10/17/2011 8:01,4.95,15729.0,United Kingdom
572974,22310,IVORY KNITTED MUG COSY,48,10/17/2011 8:01,1.65,15729.0,United Kingdom
572974,22310,IVORY KNITTED MUG COSY,24,10/17/2011 8:01,1.65,15729.0,United Kingdom
572974,23084,RABBIT NIGHT LIGHT,8,10/17/2011 8:01,2.08,15729.0,United Kingdom
573015,22720,SET OF 3 CAKE TINS PANTRY DESIGN,2,10/18/2011 8:45,4.95,17327.0,United Kingdom
573015,22745,POPPY'S PLAYHOUSE BEDROOM,48,10/18/2011 8:45,2.1,17327.0,United Kingdom
573015,22623,BOX OF VINTAGE JIGSAW BLOCKS,12,10/18/2011 8:45,4.95,17327.0,United Kingdom
573015,48187,DOORMAT NEW ENGLAND,1,10/18/2011 8:45,7.95,17327.0,United Kingdom
573015,22913,RED COAT RACK PARIS FASHION,1,10/18/2011 8:45,4.95,17327.0,United Kingdom
573015,84029G,KNITTED UNION FLAG HOT WATER BOTTLE,4,10/18/2011 8:45,3.39,17327.0,United Kingdom
573015,84406B,CREAM CUPID HEARTS COAT HANGER,6,10/18/2011 8:45,2.75,17327.0,United Kingdom
573086,22197,SMALL POPCORN HOLDER,1,10/18/2011 13:09,0.85,,EIRE
573086,20725,LUNCH BAG RED RETROSPOT,6,10/18/2011 13:09,1.65,,EIRE
573086,22745,POPPY'S PLAYHOUSE BEDROOM,1,10/18/2011 13:09,2.1,,EIRE
573086,85123A,WHITE HANGING HEART T-LIGHT HOLDER,3,10/18/2011 13:09,2.55,,EIRE
573086,22197,SMALL POPCORN HOLDER,3,10/18/2011 13:09,0.85,,EIRE
573086,47566,PARTY BUNTING,2,10/18/2011 13:09,4.95,,EIRE
573086,21754,HOME BUILDING BLOCK WORD,2,10/18/2011 13:09,5.95,,EIRE
573086,21755,LOVE BUILDING BLOCK WORD,24,10/18/2011 13:09,5.95,,EIRE
573086,23084,RABBIT NIGHT LIGHT,4,10/18/2011 13:09,2.08,,EIRE
573145,84029E,RED WOOLLY HOTTIE WHITE HEART.,1,10/19/2011 11:52,3.39,16945.0,United Kingdom
573145,22613,PACK OF 20 SPACEBOY NAPKINS,4,10/19/2011 11:52,0.85,16945.0,United Kingdom
573145,20725,LUNCH BAG RED RETROSPOT,2,10/19/2011 11:52,1.65,16945.0,United Kingdom
573145,47566,PARTY BUNTING,2,10/19/2011 11:52,4.95,16945.0,United Kingdom
573145,47566,PARTY BUNTING,24,10/19/2011 11:52,4.95,16945.0,United Kingdom
573145,22960,JAM MAKING SET WITH JARS,1,10/19/2011 11:52,4.25,16945.0,United Kingdom
573145,22632,HAND WARMER RED POLKA DOT,8,10/19/2011 11:52,1.85,16945.0,United Kingdom
573145,84879,ASSORTED COLOUR BIRD ORNAMENT,1,10/19/2011 11:52,1.69,16945.0,United Kingdom
573145,21755,LOVE BUILDING BLOCK WORD,3,10/19/2011 11:52,5.95,16945.0,United Kingdom
573145,22720,SET OF 3 CAKE TINS PANTRY DESIGN,48,10/19/2011 11:52,4.95,16945.0,United Kingdom
573145,22913,RED COAT RACK PARIS FASHION,4,10/19/2011 11:52,4.95,16945.0,United Kingdom
573222,21777,RECIPE BOX WITH METAL HEART,8,10/19/2011 19:25,7.95,,United Kingdom
573222,84879,ASSORTED COLOUR BIRD ORNAMENT,24,10/19/2011 19:25,1.69,,United Kingdom
573222,22752,SET 7 BABUSHKA NESTING BOXES,6,10/19/2011 19:25,7.65,,United Kingdom
573222,21212,PACK OF 72 RETROSPOT CAKE CASES,3,10/19/2011 19:25,0.55,,United Kingdom
573222,22632,HAND WARMER RED POLKA DOT,3,10/19/2011 19:25,1.85,,United Kingdom
573222,48187,DOORMAT NEW ENGLAND,3,10/19/2011 19:25,7.95,,United Kingdom
573222,21755,LOVE BUILDING BLOCK WORD,8,10/19/2011 19:25,5.95,,United Kingdom
573222,22613,PACK OF 20 SPACEBOY NAPKINS,24,10/19/2011 19:25,0.85,,United Kingdom
573222,22623,,2,10/19/2011 19:25,4.95,,United Kingdom
573222,21755,LOVE BUILDING BLOCK WORD,6,10/19/2011 19:25,5.95,,United Kingdom
573222,84029G,KNITTED UNION FLAG HOT WATER BOTTLE,4,10/19/2011 19:25,3.39,,United Kingdom
573222,21755,LOVE BUILDING BLOCK WORD,3,10/19/2011 19:25,5.95,,United Kingdom
573222,47566,PARTY BUNTING,2,10/19/2011 19:25,4.95,,United Kingdom
573222,21730,GLASS STAR FROSTED T-LIGHT HOLDER,12,10/19/2011 19:25,4.25,,United Kingdom
573222,22613,PACK OF 20 SPACEBOY NAPKINS,4,10/19/2011 19:25,0.85,,United Kingdom
573264,23084,RABBIT NIGHT LIGHT,3,10/20/2011 9:26,2.08,15775.0,United Kingdom
573264,84029G,KNITTED UNION FLAG HOT WATER BOTTLE,8,10/20/2011 9:26,3.39,15775.0,United Kingdom
573264,22197,SMALL POPCORN HOLDER,6,10/20/2011 9:26,0.85,15775.0,United Kingdom
573264,84029E,RED WOOLLY HOTTIE WHITE HEART.,12,10/20/2011 9:26,3.39,15775.0,United Kingdom
573264,22752,SET 7 BABUSHKA NESTING BOXES,8,10/20/2011 9:26,7.65,15775.0,United Kingdom
573264,85099B,JUMBO BAG RED RETROSPOT,2,10/20/2011 9:26,1.95,15775.0,United Kingdom
573316,84969,BOX OF 6 ASSORTED COLOUR TEASPOONS,8,10/20/2011 17:32,4.25,13289.0,United Kingdom
573316,84406B,CREAM CUPID HEARTS COAT HANGER,12,10/20/2011 17:32,2.75,13289.0,United Kingdom
573316,84406B,CREAM CUPID HEARTS COAT HANGER,8,10/20/2011 17:32,2.75,13289.0,United Kingdom
573316,85099B,JUMBO BAG RED RETROSPOT,24,10/20/2011 17:32,1.95,13289.0,United Kingdom
573316,21730,GLASS STAR FROSTED T-LIGHT HOLDER,12,10/20/2011 17:32,4.25,13289.0,United Kingdom
573316,21754,HOME BUILDING BLOCK WORD,48,10/20/2011 17:32,5.95,13289.0,United Kingdom
573316,84879,ASSORTED COLOUR BIRD ORNAMENT,1,10/20/2011 17:32,1.69,13289.0,United Kingdom
573316,22423,REGENCY CAKESTAND 3 TIER,3,10/20/2011 17:32,12.75,13289.0,United Kingdom
573316,84406B,CREAM CUPID HEARTS COAT HANGER,48,10/20/2011 17:32,2.75,13289.0,United Kingdom
573316,21730,GLASS STAR FROSTED T-LIGHT HOLDER,1,10/20/2011 17:32,4.25,13289.0,United Kingdom
573369,22613,PACK OF 20 SPACEBOY NAPKINS,1,10/21/2011 9:24,0.85,17515.0,United Kingdom
573369,22752,SET 7 BABUSHKA NESTING BOXES,24,10/21/2011 9:24,7.65,17515.0,United Kingdom
573369,84406B,CREAM CUPID HEARTS COAT HANGER,2,10/21/2011 9:24,2.75,17515.0,United Kingdom
573369,23084,RABBIT NIGHT LIGHT,12,10/21/2011 9:24,2.08,17515.0,United Kingdom
573369,84029E,RED WOOLLY HOTTIE WHITE HEART.,24,10/21/2011 9:24,3.39,17515.0,United Kingdom
573369,21755,LOVE BUILDING BLOCK WORD,24,10/21/2011 9:24,5.95,17515.0,United Kingdom
573369,71053,WHITE METAL LANTERN,6,10/21/2011 9:24,3.39,17515.0,United Kingdom
573432,84029E,RED WOOLLY HOTTIE WHITE HEART.,12,10/21/2011 13:23,3.39,,United Kingdom
573432,22613,,4,10/21/2011 13:23,0.85,,United Kingdom
573432,22745,POPPY'S PLAYHOUSE BEDROOM,6,10/21/2011 13:23,2.1,,United Kingdom
573432,22633,HAND WARMER UNION JACK,24,10/21/2011 13:23,1.85,,United Kingdom
573432,84029G,KNITTED UNION FLAG HOT WATER BOTTLE,2,10/21/2011 13:23,3.39,,United Kingdom
573480,84029E,RED WOOLLY HOTTIE WHITE HEART.,1,10/21/2011 18:49,3.39,17287.0,United Kingdom
573480,22913,RED COAT RACK PARIS FASHION,6,10/21/2011 18:49,4.95,17287.0,United Kingdom
573480,85123A,WHITE HANGING HEART T-LIGHT HOLDER,12,10/21/2011 18:49,2.55,17287.0,United Kingdom
573480,22633,HAND WARMER UNION JACK,8,10/21/2011 18:49,1.85,17287.0,United Kingdom
573480,22632,HAND WARMER RED POLKA DOT,4,10/21/2011 18:49,1.85,17287.0,United Kingdom
573538,22720,SET OF 3 CAKE TINS PANTRY DESIGN,4,10/22/2011 8:07,4.95,12882.0,United Kingdom
573538,21754,HOME BUILDING BLOCK WORD,12,10/22/2011 8:07,5.95,12882.0,United Kingdom
573580,84879,ASSORTED COLOUR BIRD ORNAMENT,4,10/22/2011 13:59,1.69,14646.0,United Kingdom
573580,22720,SET OF 3 CAKE TINS PANTRY DESIGN,12,10/22/2011 13:59,4.95,14646.0,United Kingdom
573580,85099B,JUMBO BAG RED RETROSPOT,4,10/22/2011 13:59,1.95,14646.0,United Kingdom
573580,22748,POPPY'S PLAYHOUSE KITCHEN,3,10/22/2011 13:59,2.1,14646.0,United Kingdom
573580,20725,LUNCH BAG RED RETROSPOT,6,10/22/2011 13:59,1.65,14646.0,United Kingdom
573580,22623,BOX OF VINTAGE JIGSAW BLOCKS,2,10/22/2011 13:59,4.95,14646.0,United Kingdom
573580,21730,GLASS STAR FROSTED T-LIGHT HOLDER,12,10/22/2011 13:59,4.25,14646.0,United Kingdom
573580,71053,WHITE METAL LANTERN,2,10/22/2011 13:59,3.39,14646.0,United Kingdom
573580,22197,SMALL POPCORN HOLDER,4,10/22/2011 13:59,0.85,14646.0,United Kingdom
573580,22752,SET 7 BABUSHKA NESTING BOXES,8,10/22/2011 13:59,7.65,14646.0,United Kingdom
573580,84969,BOX OF 6 ASSORTED COLOUR TEASPOONS,24,10/22/2011 13:59,4.25,14646.0,United Kingdom
573580,22960,JAM MAKING SET WITH JARS,6,10/22/2011 13:59,4.25,14646.0,United Kingdom
573580,22745,POPPY'S PLAYHOUSE BEDROOM,8,10/22/2011 13:59,2.1,14646.0,United Kingdom
573580,22310,IVORY KNITTED MUG COSY,3,10/22/2011 13:59,1.65,14646.0,United Kingdom
573580,22720,SET OF 3 CAKE TINS PANTRY DESIGN,8,10/22/2011 13:59,4.95,14646.0,United Kingdom
573580,21754,HOME BUILDING BLOCK WORD,8,10/22/2011 13:59,5.95,14646.0,United Kingdom
573580,84969,BOX OF 6 ASSORTED COLOUR TEASPOONS,48,10/22/2011 13:59,4.25,14646.0,United Kingdom
573580,21730,GLASS STAR FROSTED T-LIGHT HOLDER,4,10/22/2011 13:59,4.25,14646.0,United Kingdom
573580,21730,GLASS STAR FROSTED T-LIGHT HOLDER,1,10/22/2011 13:59,4.25,14646.0,United Kingdom
573580,23084,RABBIT NIGHT LIGHT,6,10/22/2011 13:59,2.08,14646.0,United Kingdom
573580,84969,BOX OF 6 ASSORTED COLOUR TEASPOONS,3,10/22/2011 13:59,4.25,14646.0,United Kingdom
573580,21212,PACK OF 72 RETROSPOT CAKE CASES,6,10/22/2011 13:59,0.55,14646.0,United Kingdom
573580,22632,HAND WARMER RED POLKA DOT,8,10/22/2011 13:59,1.85,14646.0,United Kingdom
573650,84029G,KNITTED UNION FLAG HOT WATER BOTTLE,4,10/22/2011 19:17,3.39,16736.0,United Kingdom
573650,21755,LOVE BUILDING BLOCK WORD,6,10/22/2011 19:17,5.95,16736.0,United Kingdom
573650,84879,ASSORTED COLOUR BIRD ORNAMENT,1,10/22/2011 19:17,1.69,16736.0,United Kingdom
573650,22748,POPPY'S PLAYHOUSE KITCHEN,48,10/22/2011 19:17,2.1,16736.0,United Kingdom
573650,22423,REGENCY CAKESTAND 3 TIER,48,10/22/2011 19:17,12.75,16736.0,United Kingdom
573650,85099B,JUMBO BAG RED RETROSPOT,4,10/22/2011 19:17,1.95,16736.0,United Kingdom
573729,22748,POPPY'S PLAYHOUSE KITCHEN,48,10/23/2011 8:46,2.1,15690.0,United Kingdom
573729,22745,POPPY'S PLAYHOUSE BEDROOM,6,10/23/2011 8:46,2.1,15690.0,United Kingdom
573729,23084,RABBIT NIGHT LIGHT,48,10/23/2011 8:46,2.08,15690.0,United Kingdom
573729,21777,RECIPE BOX WITH METAL HEART,3,10/23/2011 8:46,7.95,15690.0,United Kingdom
573729,85123A,WHITE HANGING HEART T-LIGHT HOLDER,8,10/23/2011 8:46,2.55,15690.0,United Kingdom
573729,22613,PACK OF 20 SPACEBOY NAPKINS,48,10/23/2011 8:46,0.85,15690.0,United Kingdom
573729,22752,SET 7 BABUSHKA NESTING BOXES,4,10/23/2011 8:46,7.65,15690.0,United Kingdom
573729,84029E,RED WOOLLY HOTTIE WHITE HEART.,4,10/23/2011 8:46,3.39,15690.0,United Kingdom
573777,22623,BOX OF VINTAGE JIGSAW BLOCKS,8,10/24/2011 11:17,4.95,16266.0,United Kingdom
573777,23084,RABBIT NIGHT LIGHT,1,10/24/2011 11:17,2.08,16266.0,United Kingdom
573777,48187,DOORMAT NEW ENGLAND,4,10/24/2011 11:17,7.95,16266.0,United Kingdom
573777,71053,WHITE METAL LANTERN,1,10/24/2011 11:17,3.39,16266.0,United Kingdom
573777,21755,LOVE BUILDING BLOCK WORD,4,10/24/2011 11:17,5.95,16266.0,United Kingdom
573777,47566,PARTY BUNTING,6,10/24/2011 11:17,4.95,16266.0,United Kingdom
573777,84406B,CREAM CUPID HEARTS COAT HANGER,2,10/24/2011 11:17,2.75,16266.0,United Kingdom
573777,21212,PACK OF 72 RETROSPOT CAKE CASES,2,10/24/2011 11:17,0.55,16266.0,United Kingdom
573853,84029E,RED WOOLLY HOTTIE WHITE HEART.,8,10/24/2011 18:01,3.39,15218.0,Australia
573853,22633,HAND WARMER UNION JACK,12,10/24/2011 18:01,1.85,15218.0,Australia
573853,22748,POPPY'S PLAYHOUSE KITCHEN,4,10/24/2011 18:01,2.1,15218.0,Australia
573853,22310,IVORY KNITTED MUG COSY,1,10/24/2011 18:01,1.65,15218.0,Australia
573853,21755,LOVE BUILDING BLOCK WORD,6,10/24/2011 18:01,5.95,15218.0,Australia
573853,85123A,WHITE HANGING HEART T-LIGHT HOLDER,1,10/24/2011 18:01,2.55,15218.0,Australia
573853,22633,HAND WARMER UNION JACK,1,10/24/2011 18:01,1.85,15218.0,Australia
573853,22632,HAND WARMER RED POLKA DOT,3,10/24/2011 18:01,1.85,15218.0,Australia
573853,84406B,CREAM CUPID HEARTS COAT HANGER,48,10/24/2011 18:01,2.75,15218.0,Australia
573853,21730,GLASS STAR FROSTED T-LIGHT HOLDER,3,10/24/2011 18:01,4.25,15218.0,Australia
573853,22423,REGENCY CAKESTAND 3 TIER,1,10/24/2011 18:01,12.75,15218.0,Australia
573853,22745,POPPY'S PLAYHOUSE BEDROOM,6,10/24/2011 18:01,2.1,15218.0,Australia
573853,48187,DOORMAT NEW ENGLAND,24,10/24/2011 18:01,7.95,15218.0,Australia
573853,84029E,RED WOOLLY HOTTIE WHITE HEART.,4,10/24/2011 18:01,3.39,15218.0,Australia
573853,21755,LOVE BUILDING BLOCK WORD,4,10/24/2011 18:01,5.95,15218.0,Australia
573899,21777,RECIPE BOX WITH METAL HEART,12,10/25/2011 10:54,7.95,18192.0,United Kingdom
573899,84969,BOX OF 6 ASSORTED COLOUR TEASPOONS,48,10/25/2011 10:54,4.25,18192.0,United Kingdom
573899,22633,HAND WARMER UNION JACK,8,10/25/2011 10:54,1.85,18192.0,United Kingdom
573975,47566,PARTY BUNTING,2,10/25/2011 18:17,4.95,,United Kingdom
573975,22913,RED COAT RACK PARIS FASHION,12,10/25/2011 18:17,4.95,,United Kingdom
573975,20725,LUNCH BAG RED RETROSPOT,3,10/25/2011 18:17,1.65,,United Kingdom
573975,23084,RABBIT NIGHT LIGHT,6,10/25/2011 18:17,2.08,,United Kingdom
573975,85123A,WHITE HANGING HEART T-LIGHT HOLDER,12,10/25/2011 18:17,2.55,,United Kingdom
573975,22423,REGENCY CAKESTAND 3 TIER,6,10/25/2011 18:17,12.75,,United Kingdom
573975,22752,SET 7 BABUSHKA NESTING BOXES,12,10/25/2011 18:17,7.65,,United Kingdom
573975,22748,POPPY'S PLAYHOUSE KITCHEN,1,10/25/2011 18:17,2.1,,United Kingdom
573975,84969,BOX OF 6 ASSORTED COLOUR TEASPOONS,2,10/25/2011 18:17,4.25,,United Kingdom
573975,84029G,KNITTED UNION FLAG HOT WATER BOTTLE,6,10/25/2011 18:17,3.39,,United Kingdom
573975,22745,POPPY'S PLAYHOUSE BEDROOM,4,10/25/2011 18:17,2.1,,United Kingdom
573975,22197,SMALL POPCORN HOLDER,2,10/25/2011 18:17,0.85,,United Kingdom
573975,22633,HAND WARMER UNION JACK,8,10/25/2011 18:17,1.85,,United Kingdom
573975,21730,,6,10/25/2011 18:17,4.25,,United Kingdom
573975,22752,SET 7 BABUSHKA NESTING BOXES,4,10/25/2011 18:17,7.65,,United Kingdom
573975,84969,,6,10/25/2011 18:17,4.25,,United Kingdom
573975,47566,PARTY BUNTING,48,10/25/2011 18:17,4.95,,United Kingdom
573975,21754,HOME BUILDING BLOCK WORD,4,10/25/2011 18:17,5.95,,United Kingdom
573975,22960,JAM MAKING SET WITH JARS,48,10/25/2011 18:17,4.25,,United Kingdom
574045,21777,RECIPE BOX WITH METAL HEART,4,10/26/2011 8:40,7.95,14128.0,Norway
574045,22745,POPPY'S PLAYHOUSE BEDROOM,2,10/26/2011 8:40,2.1,14128.0,Norway
574045,85099B,JUMBO BAG RED RETROSPOT,48,10/26/2011 8:40,1.95,14128.0,Norway
574045,84029G,KNITTED UNION FLAG HOT WATER BOTTLE,8,10/26/2011 8:40,3.39,14128.0,Norway
574045,22960,JAM MAKING SET WITH JARS,48,10/26/2011 8:40,4.25,14128.0,Norway
574045,21212,PACK OF 72 RETROSPOT CAKE CASES,8,10/26/2011 8:40,0.55,14128.0,Norway
574045,22613,PACK OF 20 SPACEBOY NAPKINS,1,10/26/2011 8:40,0.85,14128.0,Norway
574045,20725,LUNCH BAG RED RETROSPOT,4,10/26/2011 8:40,1.65,14128.0,Norway
574045,22310,IVORY KNITTED MUG COSY,12,10/26/2011 8:40,1.65,14128.0,Norway
574045,21777,RECIPE BOX WITH METAL HEART,6,10/26/2011 8:40,7.95,14128.0,Norway
574045,23084,RABBIT NIGHT LIGHT,8,10/26/2011 8:40,2.08,14128.0,Norway
574120,21755,LOVE BUILDING BLOCK WORD,24,10/26/2011 13:03,5.95,17220.0,Germany
574120,84029E,RED WOOLLY HOTTIE WHITE HEART.,24,10/26/2011 13:03,3.39,17220.0,Germany
574120,48187,DOORMAT NEW ENGLAND,4,10/26/2011 13:03,7.95,17220.0,Germany
574120,21754,HOME BUILDING BLOCK WORD,8,10/26/2011 13:03,5.95,17220.0,Germany
574120,22720,SET OF 3 CAKE TINS PANTRY DESIGN,4,10/26/2011 13:03,4.95,17220.0,Germany
574120,22913,RED COAT RACK PARIS FASHION,4,10/26/2011 13:03,4.95,17220.0,Germany
574120,21212,PACK OF 72 RETROSPOT CAKE CASES,2,10/26/2011 13:03,0.55,17220.0,Germany
574120,22913,RED COAT RACK PARIS FASHION,4,10/26/2011 13:03,4.95,17220.0,Germany
574120,22632,HAND WARMER RED POLKA DOT,2,10/26/2011 13:03,1.85,17220.0,Germany
574120,21777,RECIPE BOX WITH METAL HEART,6,10/26/2011 13:03,7.95,17220.0,Germany
574120,21754,HOME BUILDING BLOCK WORD,8,10/26/2011 13:03,5.95,17220.0,Germany
574120,22623,BOX OF VINTAGE JIGSAW BLOCKS,24,10/26/2011 13:03,4.95,17220.0,Germany
574120,22745,POPPY'S PLAYHOUSE BEDROOM,2,10/26/2011 13:03,2.1,17220.0,Germany
574120,22310,IVORY KNITTED MUG COSY,48,10/26/2011 13:03,1.65,17220.0,Germany
574120,22745,POPPY'S PLAYHOUSE BEDROOM,1,10/26/2011 13:03,2.1,17220.0,Germany
574120,21755,LOVE BUILDING BLOCK WORD,12,10/26/2011 13:03,5.95,17220.0,Germany
574120,22913,RED COAT RACK PARIS FASHION,3,10/26/2011 13:03,4.95,17220.0,Germany
574199,22632,HAND WARMER RED POLKA DOT,24,10/26/2011 19:22,1.85,,United Kingdom
574199,22633,HAND WARMER UNION JACK,48,10/26/2011 19:22,1.85,,United Kingdom
574199,22632,,12,10/26/2011 19:22,1.85,,United Kingdom
574199,47566,PARTY BUNTING,48,10/26/2011 19:22,4.95,,United Kingdom
574199,22310,IVORY KNITTED MUG COSY,24,10/26/2011 19:22,1.65,,United Kingdom
574199,85099B,JUMBO BAG RED RETROSPOT,3,10/26/2011 19:22,1.95,,United Kingdom
574199,84879,ASSORTED COLOUR BIRD ORNAMENT,2,10/26/2011 19:22,1.69,,United Kingdom
574199,22197,SMALL POPCORN HOLDER,2,10/26/2011 19:22,0.85,,United Kingdom
574199,21730,GLASS STAR FROSTED T-LIGHT HOLDER,2,10/26/2011 19:22,4.25,,United Kingdom
574199,21212,PACK OF 72 RETROSPOT CAKE CASES,4,10/26/2011 19:22,0.55,,United Kingdom
574199,84969,BOX OF 6 ASSORTED COLOUR TEASPOONS,48,10/26/2011 19:22,4.25,,United Kingdom
574199,84029G,KNITTED UNION FLAG HOT WATER BOTTLE,12,10/26/2011 19:22,3.39,,United Kingdom
574199,22960,JAM MAKING SET WITH JARS,8,10/26/2011 19:22,4.25,,United Kingdom
574199,22913,RED COAT RACK PARIS FASHION,12,10/26/2011 19:22,4.95,,United Kingdom
574199,22632,HAND WARMER RED POLKA DOT,6,10/26/2011 19:22,1.85,,United Kingdom
574199,20725,LUNCH BAG RED RETROSPOT,2,10/26/2011 19:22,1.65,,United Kingdom
574275,21730,GLASS STAR FROSTED T-LIGHT HOLDER,2,10/27/2011 8:06,4.25,13317.0,United Kingdom
574275,22423,REGENCY CAKESTAND 3 TIER,12,10/27/2011 8:06,12.75,13317.0,United Kingdom
574275,22632,HAND WARMER RED POLKA DOT,4,10/27/2011 8:06,1.85,13317.0,United Kingdom
574275,22310,IVORY KNITTED MUG COSY,24,10/27/2011 8:06,1.65,13317.0,United Kingdom
574275,22633,HAND WARMER UNION JACK,1,10/27/2011 8:06,1.85,13317.0,United Kingdom
574275,84029E,RED WOOLLY HOTTIE WHITE HEART.,48,10/27/2011 8:06,3.39,13317.0,United Kingdom
574275,22423,REGENCY CAKESTAND 3 TIER,1,10/27/2011 8:06,12.75,13317.0,United Kingdom
574275,48187,DOORMAT NEW ENGLAND,3,10/27/2011 8:06,7.95,13317.0,United Kingdom
574275,22960,JAM MAKING SET WITH JARS,8,10/27/2011 8:06,4.25,13317.0,United Kingdom
574275,84969,BOX OF 6 ASSORTED COLOUR TEASPOONS,12,10/27/2011 8:06,4.25,13317.0,United Kingdom
574275,21730,GLASS STAR FROSTED T-LIGHT HOLDER,6,10/27/2011 8:06,4.25,13317.0,United Kingdom
574275,22720,SET OF 3 CAKE TINS PANTRY DESIGN,1,10/27/2011 8:06,4.95,13317.0,United Kingdom
574275,23084,RABBIT NIGHT LIGHT,1,10/27/2011 8:06,2.08,13317.0,United Kingdom
574275,21754,HOME BUILDING BLOCK WORD,6,10/27/2011 8:06,5.95,13317.0,United Kingdom
574315,22623,BOX OF VINTAGE JIGSAW BLOCKS,6,10/27/2011 16:06,4.95,15472.0,United Kingdom
574315,84406B,CREAM CUPID HEARTS COAT HANGER,24,10/27/2011 16:06,2.75,15472.0,United Kingdom
574315,21777,RECIPE BOX WITH METAL HEART,48,10/27/2011 16:06,7.95,15472.0,United Kingdom
574315,22720,SET OF 3 CAKE TINS PANTRY DESIGN,6,10/27/2011 16:06,4.95,15472.0,United Kingdom
574315,20725,LUNCH BAG RED RETROSPOT,48,10/27/2011 16:06,1.65,15472.0,United Kingdom
574315,85099B,JUMBO BAG RED RETROSPOT,48,10/27/2011 16:06,1.95,15472.0,United Kingdom
574315,21212,PACK OF 72 RETROSPOT CAKE CASES,3,10/27/2011 16:06,0.55,15472.0,United Kingdom
574315,84029E,RED WOOLLY HOTTIE WHITE HEART.,1,10/27/2011 16:06,3.39,15472.0,United Kingdom
574315,21777,RECIPE BOX WITH METAL HEART,12,10/27/2011 16:06,7.95,15472.0,United Kingdom
574315,22960,JAM MAKING SET WITH JARS,24,10/27/2011 16:06,4.25,15472.0,United Kingdom
574315,22613,PACK OF 20 SPACEBOY NAPKINS,2,10/27/2011 16:06,0.85,15472.0,United Kingdom
574315,22748,POPPY'S PLAYHOUSE KITCHEN,3,10/27/2011 16:06,2.1,15472.0,United Kingdom
574315,47566,PARTY BUNTING,6,10/27/2011 16:06,4.95,15472.0,United Kingdom
574315,21730,GLASS STAR FROSTED T-LIGHT HOLDER,8,10/27/2011 16:06,4.25,15472.0,United Kingdom
574315,22748,POPPY'S PLAYHOUSE KITCHEN,2,10/27/2011 16:06,2.1,15472.0,United Kingdom
574315,22745,POPPY'S PLAYHOUSE BEDROOM,3,10/27/2011 16:06,2.1,15472.0,United Kingdom
574315,47566,PARTY BUNTING,6,10/27/2011 16:06,4.95,15472.0,United Kingdom
574315,71053,WHITE METAL LANTERN,24,10/27/2011 16:06,3.39,15472.0,United Kingdom
574315,21730,GLASS STAR FROSTED T-LIGHT HOLDER,3,10/27/2011 16:06,4.25,15472.0,United Kingdom
574315,22720,SET OF 3 CAKE TINS PANTRY DESIGN,3,10/27/2011 16:06,4.95,15472.0,United Kingdom
574315,84029G,KNITTED UNION FLAG HOT WATER BOTTLE,4,10/27/2011 16:06,3.39,15472.0,United Kingdom
574315,22623,BOX OF VINTAGE JIGSAW BLOCKS,3,10/27/2011 16:06,4.95,15472.0,United Kingdom
574315,22720,SET OF 3 CAKE TINS PANTRY DESIGN,4,10/27/2011 16:06,4.95,15472.0,United Kingdom
574360,22623,BOX OF VINTAGE JIGSAW BLOCKS,24,10/28/2011 8:40,4.95,13019.0,United Kingdom
574360,22613,PACK OF 20 SPACEBOY NAPKINS,8,10/28/2011 8:40,0.85,13019.0,United Kingdom
574360,22632,HAND WARMER RED POLKA DOT,12,10/28/2011 8:40,1.85,13019.0,United Kingdom
574360,47566,PARTY BUNTING,48,10/28/2011 8:40,4.95,13019.0,United Kingdom
574360,21755,LOVE BUILDING BLOCK WORD,4,10/28/2011 8:40,5.95,13019.0,United Kingdom
574360,22960,JAM MAKING SET WITH JARS,24,10/28/2011 8:40,4.25,13019.0,United Kingdom
574360,22423,REGENCY CAKESTAND 3 TIER,6,10/28/2011 8:40,12.75,13019.0,United Kingdom
574360,21754,HOME BUILDING BLOCK WORD,4,10/28/2011 8:40,5.95,13019.0,United Kingdom
574360,84029E,RED WOOLLY HOTTIE WHITE HEART.,4,10/28/2011 8:40,3.39,13019.0,United Kingdom
574360,84029G,KNITTED UNION FLAG HOT WATER BOTTLE,4,10/28/2011 8:40,3.39,13019.0,United Kingdom
574360,47566,PARTY BUNTING,24,10/28/2011 8:40,4.95,13019.0,United Kingdom
574360,22632,HAND WARMER RED POLKA DOT,24,10/28/2011 8:40,1.85,13019.0,United Kingdom
574360,22197,SMALL POPCORN HOLDER,12,10/28/2011 8:40,0.85,13019.0,United Kingdom
574360,84029E,RED WOOLLY HOTTIE WHITE HEART.,48,10/28/2011 8:40,3.39,13019.0,United Kingdom
574360,85099B,JUMBO BAG RED RETROSPOT,3,10/28/2011 8:40,1.95,13019.0,United Kingdom
574360,22752,SET 7 BABUSHKA NESTING BOXES,3,10/28/2011 8:40,7.65,13019.0,United Kingdom
574360,84029G,KNITTED UNION FLAG HOT WATER BOTTLE,4,10/28/2011 8:40,3.39,13019.0,United Kingdom
574415,84969,BOX OF 6 ASSORTED COLOUR TEASPOONS,48,10/29/2011 8:43,4.25,14941.0,United Kingdom
574415,21777,RECIPE BOX WITH METAL HEART,24,10/29/2011 8:43,7.95,14941.0,United Kingdom
574415,84029E,RED WOOLLY HOTTIE WHITE HEART.,2,10/29/2011 8:43,3.39,14941.0,United Kingdom
574415,22752,SET 7 BABUSHKA NESTING BOXES,48,10/29/2011 8:43,7.65,14941.0,United Kingdom
574415,84406B,CREAM CUPID HEARTS COAT HANGER,24,10/29/2011 8:43,2.75,14941.0,United Kingdom
574415,22913,RED COAT RACK PARIS FASHION,48,10/29/2011 8:43,4.95,14941.0,United Kingdom
574415,22623,BOX OF VINTAGE JIGSAW BLOCKS,24,10/29/2011 8:43,4.95,14941.0,United Kingdom
574415,22623,BOX OF VINTAGE JIGSAW BLOCKS,24,10/29/2011 8:43,4.95,14941.0,United Kingdom
574415,71053,WHITE METAL LANTERN,6,10/29/2011 8:43,3.39,14941.0,United Kingdom
574415,22633,HAND WARMER UNION JACK,2,10/29/2011 8:43,1.85,14941.0,United Kingdom
574415,22613,PACK OF 20 SPACEBOY NAPKINS,6,10/29/2011 8:43,0.85,14941.0,United Kingdom
574415,71053,WHITE METAL LANTERN,3,10/29/2011 8:43,3.39,14941.0,United Kingdom
574415,21755,LOVE BUILDING BLOCK WORD,8,10/29/2011 8:43,5.95,14941.0,United Kingdom
574415,22623,BOX OF VINTAGE JIGSAW BLOCKS,24,10/29/2011 8:43,4.95,14941.0,United Kingdom
574415,22720,SET OF 3 CAKE TINS PANTRY DESIGN,24,10/29/2011 8:43,4.95,14941.0,United Kingdom
574467,22960,JAM MAKING SET WITH JARS,12,10/29/2011 19:23,4.25,,France
574467,84029E,RED WOOLLY HOTTIE WHITE HEART.,12,10/29/2011 19:23,3.39,,France
574467,22310,IVORY KNITTED MUG COSY,24,10/29/2011 19:23,1.65,,France
574467,85123A,WHITE HANGING HEART T-LIGHT HOLDER,3,10/29/2011 19:23,2.55,,France
574467,22748,,1,10/29/2011 19:23,2.1,,France
574467,85123A,WHITE HANGING HEART T-LIGHT HOLDER,1,10/29/2011 19:23,2.55,,France
574467,22423,REGENCY CAKESTAND 3 TIER,3,10/29/2011 19:23,12.75,,France
574467,84029G,KNITTED UNION FLAG HOT WATER BOTTLE,12,10/29/2011 19:23,3.39,,France
574467,22613,PACK OF 20 SPACEBOY NAPKINS,6,10/29/2011 19:23,0.85,,France
574467,22632,HAND WARMER RED POLKA DOT,1,10/29/2011 19:23,1.85,,France
574467,21212,PACK OF 72 RETROSPOT CAKE CASES,48,10/29/2011 19:23,0.55,,France
574467,84406B,CREAM CUPID HEARTS COAT HANGER,2,10/29/2011 19:23,2.75,,France
574467,84879,ASSORTED COLOUR BIRD ORNAMENT,24,10/29/2011 19:23,1.69,,France
574467,22423,REGENCY CAKESTAND 3 TIER,2,10/29/2011 19:23,12.75,,France
574467,22752,SET 7 BABUSHKA NESTING BOXES,3,10/29/2011 19:23,7.65,,France
574467,84969,BOX OF 6 ASSORTED COLOUR TEASPOONS,1,10/29/2011 19:23,4.25,,France
574467,22633,HAND WARMER UNION JACK,1,10/29/2011 19:23,1.85,,France
574467,22748,POPPY'S PLAYHOUSE KITCHEN,2,10/29/2011 19:23,2.1,,France
574467,84029E,RED WOOLLY HOTTIE WHITE HEART.,24,10/29/2011 19:23,3.39,,France
C574529,21730,GLASS STAR FROSTED T-LIGHT HOLDER,-2,10/30/2011 11:19,4.25,17989.0,United Kingdom
C574529,20725,LUNCH BAG RED RETROSPOT,-8,10/30/2011 11:19,1.65,17989.0,United Kingdom
C574529,47566,PARTY BUNTING,-2,10/30/2011 11:19,4.95,17989.0,United Kingdom
C574529,21755,LOVE BUILDING BLOCK WORD,-3,10/30/2011 11:19,5.95,17989.0,United Kingdom
C574529,21754,HOME BUILDING BLOCK WORD,-6,10/30/2011 11:19,5.95,17989.0,United Kingdom
C574529,21212,PACK OF 72 RETROSPOT CAKE CASES,-12,10/30/2011 11:19,0.55,17989.0,United Kingdom
C574529,22913,RED COAT RACK PARIS FASHION,-24,10/30/2011 11:19,4.95,17989.0,United Kingdom
C574529,22745,POPPY'S PLAYHOUSE BEDROOM,-6,10/30/2011 11:19,2.1,17989.0,United Kingdom
C574529,21730,GLASS STAR FROSTED T-LIGHT HOLDER,-48,10/30/2011 11:19,4.25,17989.0,United Kingdom
C574529,22633,HAND WARMER UNION JACK,-4,10/30/2011 11:19,1.85,17989.0,United Kingdom
C574529,20725,LUNCH BAG RED RETROSPOT,-8,10/30/2011 11:19,1.65,17989.0,United Kingdom
C574529,22913,RED COAT RACK PARIS FASHION,-8,10/30/2011 11:19,4.95,17989.0,United Kingdom
C574529,22752,SET 7 BABUSHKA NESTING BOXES,-3,10/30/2011 11:19,7.65,17989.0,United Kingdom
C574529,84969,BOX OF 6 ASSORTED COLOUR TEASPOONS,-48,10/30/2011 11:19,4.25,17989.0,United Kingdom
C574529,22197,SMALL POPCORN HOLDER,-12,10/30/2011 11:19,0.85,17989.0,United Kingdom
C574529,21754,HOME BUILDING BLOCK WORD,-3,10/30/2011 11:19,5.95,17989.0,United Kingdom
C574529,21730,GLASS STAR FROSTED T-LIGHT HOLDER,-12,10/30/2011 11:19,4.25,17989.0,United Kingdom
C574529,48187,DOORMAT NEW ENGLAND,-8,10/30/2011 11:19,7.95,17989.0,United Kingdom
C574529,22310,IVORY KNITTED MUG COSY,-3,10/30/2011 11:19,1.65,17989.0,United Kingdom
C574529,22632,HAND WARMER RED POLKA DOT,-1,10/30/2011 11:19,1.85,17989.0,United Kingdom
C574529,84406B,CREAM CUPID HEARTS COAT HANGER,-8,10/30/2011 11:19,2.75,17989.0,United Kingdom
C574529,20725,LUNCH BAG RED RETROSPOT,-48,10/30/2011 11:19,1.65,17989.0,United Kingdom
574603,22632,HAND WARMER RED POLKA DOT,6,10/31/2011 11:01,1.85,13929.0,United Kingdom
574654,84029G,KNITTED UNION FLAG HOT WATER BOTTLE,12,11/1/2011 9:17,3.39,16257.0,Spain
574654,21754,HOME BUILDING BLOCK WORD,24,11/1/2011 9:17,5.95,16257.0,Spain
574654,84406B,CREAM CUPID HEARTS COAT HANGER,6,11/1/2011 9:17,2.75,16257.0,Spain
574654,84969,BOX OF 6 ASSORTED COLOUR TEASPOONS,4,11/1/2011 9:17,4.25,16257.0,Spain
574654,21212,PACK OF 72 RETROSPOT CAKE CASES,6,11/1/2011 9:17,0.55,16257.0,Spain
574654,84029G,KNITTED UNION FLAG HOT WATER BOTTLE,12,11/1/2011 9:17,3.39,16257.0,Spain
574654,20725,LUNCH BAG RED RETROSPOT,4,11/1/2011 9:17,1.65,16257.0,Spain
574654,22960,JAM MAKING SET WITH JARS,24,11/1/2011 9:17,4.25,16257.0,Spain
574654,22623,BOX OF VINTAGE JIGSAW BLOCKS,24,11/1/2011 9:17,4.95,16257.0,Spain
574654,22623,BOX OF VINTAGE JIGSAW BLOCKS,6,11/1/2011 9:17,4.95,16257.0,Spain
574654,84969,BOX OF 6 ASSORTED COLOUR TEASPOONS,8,11/1/2011 9:17,4.25,16257.0,Spain
574654,84406B,CREAM CUPID HEARTS COAT HANGER,8,11/1/2011 9:17,2.75,16257.0,Spain
574654,84969,BOX OF 6 ASSORTED COLOUR TEASPOONS,4,11/1/2011 9:17,4.25,16257.0,Spain
574654,21730,GLASS STAR FROSTED T-LIGHT HOLDER,2,11/1/2011 9:17,4.25,16257.0,Spain
574654,84406B,CREAM CUPID HEARTS COAT HANGER,24,11/1/2011 9:17,2.75,16257.0,Spain
574654,22913,RED COAT RACK PARIS FASHION,12,11/1/2011 9:17,4.95,16257.0,Spain
574715,21212,PACK OF 72 RETROSPOT CAKE CASES,6,11/1/2011 17:55,0.55,14991.0,United Kingdom
574715,22913,RED COAT RACK PARIS FASHION,12,11/1/2011 17:55,4.95,14991.0,United Kingdom
574715,71053,WHITE METAL LANTERN,3,11/1/2011 17:55,3.39,14991.0,United Kingdom
574715,22613,PACK OF 20 SPACEBOY NAPKINS,1,11/1/2011 17:55,0.85,14991.0,United Kingdom
574715,48187,DOORMAT NEW ENGLAND,8,11/1/2011 17:55,7.95,14991.0,United Kingdom
574759,21730,GLASS STAR FROSTED T-LIGHT HOLDER,4,11/2/2011 11:11,4.25,15770.0,United Kingdom
574759,85099B,JUMBO BAG RED RETROSPOT,6,11/2/2011 11:11,1.95,15770.0,United Kingdom
574759,48187,DOORMAT NEW ENGLAND,4,11/2/2011 11:11,7.95,15770.0,United Kingdom
574759,22613,PACK OF 20 SPACEBOY NAPKINS,6,11/2/2011 11:11,0.85,15770.0,United Kingdom
574759,21755,LOVE BUILDING BLOCK WORD,4,11/2/2011 11:11,5.95,15770.0,United Kingdom
574759,84879,ASSORTED COLOUR BIRD ORNAMENT,48,11/2/2011 11:11,1.69,15770.0,United Kingdom
574759,85123A,WHITE HANGING HEART T-LIGHT HOLDER,3,11/2/2011 11:11,2.55,15770.0,United Kingdom
574759,23084,RABBIT NIGHT LIGHT,24,11/2/2011 11:11,2.08,15770.0,United Kingdom
574759,47566,PARTY BUNTING,6,11/2/2011 11:11,4.95,15770.0,United Kingdom
574759,23084,RABBIT NIGHT LIGHT,4,11/2/2011 11:11,2.08,15770.0,United Kingdom
574759,71053,WHITE METAL LANTERN,2,11/2/2011 11:11,3.39,15770.0,United Kingdom
574759,22423,REGENCY CAKESTAND 3 TIER,2,11/2/2011 11:11,12.75,15770.0,United Kingdom
574759,22752,SET 7 BABUSHKA NESTING BOXES,8,11/2/2011 11:11,7.65,15770.0,United Kingdom
574759,22720,SET OF 3 CAKE TINS PANTRY DESIGN,2,11/2/2011 11:11,4.95,15770.0,United Kingdom
574759,21754,HOME BUILDING BLOCK WORD,6,11/2/2011 11:11,5.95,15770.0,United Kingdom
574759,85123A,WHITE HANGING HEART T-LIGHT HOLDER,3,11/2/2011 11:11,2.55,15770.0,United Kingdom
574759,22632,HAND WARMER RED POLKA DOT,3,11/2/2011 11:11,1.85,15770.0,United Kingdom
574759,84406B,CREAM CUPID HEARTS COAT HANGER,2,11/2/2011 11:11,2.75,15770.0,United Kingdom
574759,21755,LOVE BUILDING BLOCK WORD,24,11/2/2011 11:11,5.95,15770.0,United Kingdom
574759,85099B,JUMBO BAG RED RETROSPOT,6,11/2/2011 11:11,1.95,15770.0,United Kingdom
574759,84029E,RED WOOLLY HOTTIE WHITE HEART.,12,11/2/2011 11:11,3.39,15770.0,United Kingdom
574759,21754,HOME BUILDING BLOCK WORD,4,11/2/2011 11:11,5.95,15770.0,United Kingdom
574817,21754,HOME BUILDING BLOCK WORD,4,11/2/2011 18:12,5.95,15887.0,United Kingdom
574817,21777,RECIPE BOX WITH METAL HEART,24,11/2/2011 18:12,7.95,15887.0,United Kingdom
574817,84029E,RED WOOLLY HOTTIE WHITE HEART.,12,11/2/2011 18:12,3.39,15887.0,United Kingdom
574817,21754,HOME BUILDING BLOCK WORD,12,11/2/2011 18:12,5.95,15887.0,United Kingdom
574817,22423,REGENCY CAKESTAND 3 TIER,1,11/2/2011 18:12,12.75,15887.0,United Kingdom
574817,84029E,RED WOOLLY HOTTIE WHITE HEART.,3,11/2/2011 18:12,3.39,15887.0,United Kingdom
574817,21777,RECIPE BOX WITH METAL HEART,4,11/2/2011 18:12,7.95,15887.0,United Kingdom
574863,21730,GLASS STAR FROSTED T-LIGHT HOLDER,3,11/3/2011 10:16,4.25,,United Kingdom
574863,47566,PARTY BUNTING,6,11/3/2011 10:16,4.95,,United Kingdom
574863,22423,REGENCY CAKESTAND 3 TIER,2,11/3/2011 10:16,12.75,,United Kingdom
574863,47566,PARTY BUNTING,1,11/3/2011 10:16,4.95,,United Kingdom
574863,47566,PARTY BUNTING,2,11/3/2011 10:16,4.95,,United Kingdom
574863,84879,ASSORTED COLOUR BIRD ORNAMENT,48,11/3/2011 10:16,1.69,,United Kingdom
574863,84969,BOX OF 6 ASSORTED COLOUR TEASPOONS,3,11/3/2011 10:16,4.25,,United Kingdom
574863,84406B,,6,11/3/2011 10:16,2.75,,United Kingdom
574863,20725,LUNCH BAG RED RETROSPOT,4,11/3/2011 10:16,1.65,,United Kingdom
574863,21755,LOVE BUILDING BLOCK WORD,1,11/3/2011 10:16,5.95,,United Kingdom
574863,22613,PACK OF 20 SPACEBOY NAPKINS,6,11/3/2011 10:16,0.85,,United Kingdom
574863,84969,BOX OF 6 ASSORTED COLOUR TEASPOONS,3,11/3/2011 10:16,4.25,,United Kingdom
574863,84879,ASSORTED COLOUR BIRD ORNAMENT,3,11/3/2011 10:16,1.69,,United Kingdom
574863,22423,REGENCY CAKESTAND 3 TIER,3,11/3/2011 10:16,12.75,,United Kingdom
574863,22960,JAM MAKING SET WITH JARS,4,11/3/2011 10:16,4.25,,United Kingdom
574863,21212,PACK OF 72 RETROSPOT CAKE CASES,48,11/3/2011 10:16,0.55,,United Kingdom
574863,48187,DOORMAT NEW ENGLAND,6,11/3/2011 10:16,7.95,,United Kingdom
574863,48187,DOORMAT NEW ENGLAND,2,11/3/2011 10:16,7.95,,United Kingdom
574863,85099B,JUMBO BAG RED RETROSPOT,2,11/3/2011 10:16,1.95,,United Kingdom
574863,22913,RED COAT RACK PARIS FASHION,48,11/3/2011 10:16,4.95,,United Kingdom
574863,22752,SET 7 BABUSHKA NESTING BOXES,48,11/3/2011 10:16,7.65,,United Kingdom
574904,21730,GLASS STAR FROSTED T-LIGHT HOLDER,48,11/3/2011 15:16,4.25,12474.0,United Kingdom
574904,84879,ASSORTED COLOUR BIRD ORNAMENT,6,11/3/2011 15:16,1.69,12474.0,United Kingdom
574904,22748,POPPY'S PLAYHOUSE KITCHEN,4,11/3/2011 15:16,2.1,12474.0,United Kingdom
574904,21754,HOME BUILDING BLOCK WORD,1,11/3/2011 15:16,5.95,12474.0,United Kingdom
574904,84969,BOX OF 6 ASSORTED COLOUR TEASPOONS,3,11/3/2011 15:16,4.25,12474.0,United Kingdom
574904,48187,DOORMAT NEW ENGLAND,4,11/3/2011 15:16,7.95,12474.0,United Kingdom
574956,84969,BOX OF 6 ASSORTED COLOUR TEASPOONS,48,11/3/2011 19:11,4.25,15912.0,United Kingdom
574956,84969,BOX OF 6 ASSORTED COLOUR TEASPOONS,3,11/3/2011 19:11,4.25,15912.0,United Kingdom
574956,22745,POPPY'S PLAYHOUSE BEDROOM,8,11/3/2011 19:11,2.1,15912.0,United Kingdom
574956,22960,JAM MAKING SET WITH JARS,2,11/3/2011 19:11,4.25,15912.0,United Kingdom
574956,22752,SET 7 BABUSHKA NESTING BOXES,12,11/3/2011 19:11,7.65,15912.0,United Kingdom
574956,21777,RECIPE BOX WITH METAL HEART,8,11/3/2011 19:11,7.95,15912.0,United Kingdom
574956,22423,REGENCY CAKESTAND 3 TIER,1,11/3/2011 19:11,12.75,15912.0,United Kingdom
574956,22633,HAND WARMER UNION JACK,4,11/3/2011 19:11,1.85,15912.0,United Kingdom
574956,21212,PACK OF 72 RETROSPOT CAKE CASES,6,11/3/2011 19:11,0.55,15912.0,United Kingdom
574956,84406B,CREAM CUPID HEARTS COAT HANGER,2,11/3/2011 19:11,2.75,15912.0,United Kingdom
574956,21754,HOME BUILDING BLOCK WORD,4,11/3/2011 19:11,5.95,15912.0,United Kingdom
574956,22423,REGENCY CAKESTAND 3 TIER,3,11/3/2011 19:11,12.75,15912.0,United Kingdom
574956,22913,RED COAT RACK PARIS FASHION,12,11/3/2011 19:11,4.95,15912.0,United Kingdom
574956,21212,PACK OF 72 RETROSPOT CAKE CASES,8,11/3/2011 19:11,0.55,15912.0,United Kingdom
574956,84029G,KNITTED UNION FLAG HOT WATER BOTTLE,8,11/3/2011 19:11,3.39,15912.0,United Kingdom
575032,21754,HOME BUILDING BLOCK WORD,6,11/4/2011 8:08,5.95,17966.0,Netherlands
575032,85123A,WHITE HANGING HEART T-LIGHT HOLDER,8,11/4/2011 8:08,2.55,17966.0,Netherlands
575032,21777,RECIPE BOX WITH METAL HEART,8,11/4/2011 8:08,7.95,17966.0,Netherlands
575032,22960,JAM MAKING SET WITH JARS,8,11/4/2011 8:08,4.25,17966.0,Netherlands
575032,22745,POPPY'S PLAYHOUSE BEDROOM,3,11/4/2011 8:08,2.1,17966.0,Netherlands
575032,71053,WHITE METAL LANTERN,2,11/4/2011 8:08,3.39,17966.0,Netherlands
575097,22197,SMALL POPCORN HOLDER,6,11/4/2011 11:33,0.85,14619.0,United Kingdom
575097,22632,HAND WARMER RED POLKA DOT,1,11/4/2011 11:33,1.85,14619.0,United Kingdom
575097,22423,REGENCY CAKESTAND 3 TIER,8,11/4/2011 11:33,12.75,14619.0,United Kingdom
575097,22632,HAND WARMER RED POLKA DOT,3,11/4/2011 11:33,1.85,14619.0,United Kingdom
575097,84879,ASSORTED COLOUR BIRD ORNAMENT,1,11/4/2011 11:33,1.69,14619.0,United Kingdom
575097,84879,ASSORTED COLOUR BIRD ORNAMENT,3,11/4/2011 11:33,1.69,14619.0,United Kingdom
575097,22633,HAND WARMER UNION JACK,3,11/4/2011 11:33,1.85,14619.0,United Kingdom
575097,84879,ASSORTED COLOUR BIRD ORNAMENT,24,11/4/2011 11:33,1.69,14619.0,United Kingdom
575097,84406B,CREAM CUPID HEARTS COAT HANGER,24,11/4/2011 11:33,2.75,14619.0,United Kingdom
575097,85099B,JUMBO BAG RED RETROSPOT,3,11/4/2011 11:33,1.95,14619.0,United Kingdom
575097,22310,IVORY KNITTED MUG COSY,2,11/4/2011 11:33,1.65,14619.0,United Kingdom
575097,21730,GLASS STAR FROSTED T-LIGHT HOLDER,1,11/4/2011 11:33,4.25,14619.0,United Kingdom
575097,22623,BOX OF VINTAGE JIGSAW BLOCKS,12,11/4/2011 11:33,4.95,14619.0,United Kingdom
575097,21777,RECIPE BOX WITH METAL HEART,6,11/4/2011 11:33,7.95,14619.0,United Kingdom
575097,84406B,CREAM CUPID HEARTS COAT HANGER,1,11/4/2011 11:33,2.75,14619.0,United Kingdom
575097,85123A,WHITE HANGING HEART T-LIGHT HOLDER,3,11/4/2011 11:33,2.55,14619.0,United Kingdom
575097,22423,REGENCY CAKESTAND 3 TIER,48,11/4/2011 11:33,12.75,14619.0,United Kingdom
575097,22745,POPPY'S PLAYHOUSE BEDROOM,4,11/4/2011 11:33,2.1,14619.0,United Kingdom
575097,21212,PACK OF 72 RETROSPOT CAKE CASES,8,11/4/2011 11:33,0.55,14619.0,United Kingdom
575097,22752,SET 7 BABUSHKA NESTING BOXES,8,11/4/2011 11:33,7.65,14619.0,United Kingdom
575097,85099B,JUMBO BAG RED RETROSPOT,3,11/4/2011 11:33,1.95,14619.0,United Kingdom
575097,84406B,CREAM CUPID HEARTS COAT HANGER,3,11/4/2011 11:33,2.75,14619.0,United Kingdom
575097,22745,POPPY'S PLAYHOUSE BEDROOM,48,11/4/2011 11:33,2.1,14619.0,United Kingdom
575097,85099B,JUMBO BAG RED RETROSPOT,8,11/4/2011 11:33,1.95,14619.0,United Kingdom
575143,21754,HOME BUILDING BLOCK WORD,24,11/4/2011 14:51,5.95,17924.0,United Kingdom
575143,21730,GLASS STAR FROSTED T-LIGHT HOLDER,8,11/4/2011 14:51,4.25,17924.0,United Kingdom
575143,22720,SET OF 3 CAKE TINS PANTRY DESIGN,2,11/4/2011 14:51,4.95,17924.0,United Kingdom
575143,71053,WHITE METAL LANTERN,1,11/4/2011 14:51,3.39,17924.0,United Kingdom
575143,22913,RED COAT RACK PARIS FASHION,12,11/4/2011 14:51,4.95,17924.0,United Kingdom
575143,85123A,WHITE HANGING HEART T-LIGHT HOLDER,48,11/4/2011 14:51,2.55,17924.0,United Kingdom
575143,22745,POPPY'S PLAYHOUSE BEDROOM,2,11/4/2011 14:51,2.1,17924.0,United Kingdom
575143,21730,GLASS STAR FROSTED T-LIGHT HOLDER,4,11/4/2011 14:51,4.25,17924.0,United Kingdom
575143,21730,GLASS STAR FROSTED T-LIGHT HOLDER,6,11/4/2011 14:51,4.25,17924.0,United Kingdom
575143,22748,POPPY'S PLAYHOUSE KITCHEN,2,11/4/2011 14:51,2.1,17924.0,United Kingdom
575143,22960,JAM MAKING SET WITH JARS,4,11/4/2011 14:51,4.25,17924.0,United Kingdom
575143,21730,GLASS STAR FROSTED T-LIGHT HOLDER,4,11/4/2011 14:51,4.25,17924.0,United Kingdom
575143,21755,LOVE BUILDING BLOCK WORD,3,11/4/2011 14:51,5.95,17924.0,United Kingdom
575143,22632,HAND WARMER RED POLKA DOT,1,11/4/2011 14:51,1.85,17924.0,United Kingdom
575143,21212,PACK OF 72 RETROSPOT CAKE CASES,48,11/4/2011 14:51,0.55,17924.0,United Kingdom
575143,48187,DOORMAT NEW ENGLAND,2,11/4/2011 14:51,7.95,17924.0,United Kingdom
575143,47566,PARTY BUNTING,8,11/4/2011 14:51,4.95,17924.0,United Kingdom
575143,22913,RED COAT RACK PARIS FASHION,24,11/4/2011 14:51,4.95,17924.0,United Kingdom
575143,22752,SET 7 BABUSHKA NESTING BOXES,4,11/4/2011 14:51,7.65,17924.0,United Kingdom
575143,84969,BOX OF 6 ASSORTED COLOUR TEASPOONS,12,11/4/2011 14:51,4.25,17924.0,United Kingdom
575143,22745,POPPY'S PLAYHOUSE BEDROOM,4,11/4/2011 14:51,2.1,17924.0,United Kingdom
575222,22745,POPPY'S PLAYHOUSE BEDROOM,4,11/5/2011 11:53,2.1,,United Kingdom
575222,22623,BOX OF VINTAGE JIGSAW BLOCKS,8,11/5/2011 11:53,4.95,,United Kingdom
575276,21755,LOVE BUILDING BLOCK WORD,3,11/6/2011 9:08,5.95,16272.0,United Kingdom
575276,22960,JAM MAKING SET WITH JARS,8,11/6/2011 9:08,4.25,16272.0,United Kingdom
575276,84029G,KNITTED UNION FLAG HOT WATER BOTTLE,2,11/6/2011 9:08,3.39,16272.0,United Kingdom
575276,85099B,JUMBO BAG RED RETROSPOT,1,11/6/2011 9:08,1.95,16272.0,United Kingdom
575276,22745,POPPY'S PLAYHOUSE BEDROOM,2,11/6/2011 9:08,2.1,16272.0,United Kingdom
575276,22632,HAND WARMER RED POLKA DOT,3,11/6/2011 9:08,1.85,16272.0,United Kingdom
575346,22613,PACK OF 20 SPACEBOY NAPKINS,1,11/7/2011 10:27,0.85,13464.0,United Kingdom
575346,22632,HAND WARMER RED POLKA DOT,48,11/7/2011 10:27,1.85,13464.0,United Kingdom
575424,21730,GLASS STAR FROSTED T-LIGHT HOLDER,3,11/8/2011 10:12,4.25,13519.0,United Kingdom
575424,21730,GLASS STAR FROSTED T-LIGHT HOLDER,3,11/8/2011 10:12,4.25,13519.0,United Kingdom
575424,21755,LOVE BUILDING BLOCK WORD,3,11/8/2011 10:12,5.95,13519.0,United Kingdom
575483,48187,DOORMAT NEW ENGLAND,24,11/9/2011 11:12,7.95,15845.0,United Kingdom
575483,22960,JAM MAKING SET WITH JARS,6,11/9/2011 11:12,4.25,15845.0,United Kingdom
575483,22423,REGENCY CAKESTAND 3 TIER,1,11/9/2011 11:12,12.75,15845.0,United Kingdom
575483,21212,PACK OF 72 RETROSPOT CAKE CASES,6,11/9/2011 11:12,0.55,15845.0,United Kingdom
575483,84029E,RED WOOLLY HOTTIE WHITE HEART.,24,11/9/2011 11:12,3.39,15845.0,United Kingdom
575483,21777,RECIPE BOX WITH METAL HEART,2,11/9/2011 11:12,7.95,15845.0,United Kingdom
575483,48187,DOORMAT NEW ENGLAND,3,11/9/2011 11:12,7.95,15845.0,United Kingdom
575483,21730,GLASS STAR FROSTED T-LIGHT HOLDER,2,11/9/2011 11:12,4.25,15845.0,United Kingdom
575483,22623,BOX OF VINTAGE JIGSAW BLOCKS,1,11/9/2011 11:12,4.95,15845.0,United Kingdom
575483,22913,RED COAT RACK PARIS FASHION,12,11/9/2011 11:12,4.95,15845.0,United Kingdom
575483,84029E,RED WOOLLY HOTTIE WHITE HEART.,2,11/9/2011 11:12,3.39,15845.0,United Kingdom
575483,22752,SET 7 BABUSHKA NESTING BOXES,24,11/9/2011 11:12,7.65,15845.0,United Kingdom
575483,48187,DOORMAT NEW ENGLAND,3,11/9/2011 11:12,7.95,15845.0,United Kingdom
575483,22720,SET OF 3 CAKE TINS PANTRY DESIGN,3,11/9/2011 11:12,4.95,15845.0,United Kingdom
575483,84029G,KNITTED UNION FLAG HOT WATER BOTTLE,8,11/9/2011 11:12,3.39,15845.0,United Kingdom
575538,21777,RECIPE BOX WITH METAL HEART,2,11/9/2011 17:59,7.95,14707.0,United Kingdom
575538,21777,RECIPE BOX WITH METAL HEART,8,11/9/2011 17:59,7.95,14707.0,United Kingdom
575538,84969,BOX OF 6 ASSORTED COLOUR TEASPOONS,48,11/9/2011 17:59,4.25,14707.0,United Kingdom
575538,21730,GLASS STAR FROSTED T-LIGHT HOLDER,1,11/9/2011 17:59,4.25,14707.0,United Kingdom
575538,48187,DOORMAT NEW ENGLAND,12,11/9/2011 17:59,7.95,14707.0,United Kingdom
575538,21730,GLASS STAR FROSTED T-LIGHT HOLDER,6,11/9/2011 17:59,4.25,14707.0,United Kingdom
575538,84029E,RED WOOLLY HOTTIE WHITE HEART.,4,11/9/2011 17:59,3.39,14707.0,United Kingdom
575538,22745,POPPY'S PLAYHOUSE BEDROOM,6,11/9/2011 17:59,2.1,14707.0,United Kingdom
575538,22613,PACK OF 20 SPACEBOY NAPKINS,8,11/9/2011 17:59,0.85,14707.0,United Kingdom
575538,84406B,CREAM CUPID HEARTS COAT HANGER,2,11/9/2011 17:59,2.75,14707.0,United Kingdom
575538,22913,RED COAT RACK PARIS FASHION,1,11/9/2011 17:59,4.95,14707.0,United Kingdom
575538,22745,POPPY'S PLAYHOUSE BEDROOM,2,11/9/2011 17:59,2.1,14707.0,United Kingdom
575538,84029G,KNITTED UNION FLAG HOT WATER BOTTLE,24,11/9/2011 17:59,3.39,14707.0,United Kingdom
575538,22745,POPPY'S PLAYHOUSE BEDROOM,8,11/9/2011 17:59,2.1,14707.0,United Kingdom
575538,23084,RABBIT NIGHT LIGHT,8,11/9/2011 17:59,2.08,14707.0,United Kingdom
575538,84406B,CREAM CUPID HEARTS COAT HANGER,2,11/9/2011 17:59,2.75,14707.0,United Kingdom
575538,22752,SET 7 BABUSHKA NESTING BOXES,4,11/9/2011 17:59,7.65,14707.0,United Kingdom
575583,47566,PARTY BUNTING,12,11/10/2011 9:27,4.95,13346.0,United Kingdom
575583,22960,JAM MAKING SET WITH JARS,2,11/10/2011 9:27,4.25,13346.0,United Kingdom
575583,22913,RED COAT RACK PARIS FASHION,6,11/10/2011 9:27,4.95,13346.0,United Kingdom
575583,22720,SET OF 3 CAKE TINS PANTRY DESIGN,3,11/10/2011 9:27,4.95,13346.0,United Kingdom
575583,71053,WHITE METAL LANTERN,48,11/10/2011 9:27,3.39,13346.0,United Kingdom
575583,22623,BOX OF VINTAGE JIGSAW BLOCKS,8,11/10/2011 9:27,4.95,13346.0,United Kingdom
575583,47566,PARTY BUNTING,48,11/10/2011 9:27,4.95,13346.0,United Kingdom
575583,21777,RECIPE BOX WITH METAL HEART,6,11/10/2011 9:27,7.95,13346.0,United Kingdom
575583,21777,RECIPE BOX WITH METAL HEART,6,11/10/2011 9:27,7.95,13346.0,United Kingdom
575583,22613,PACK OF 20 SPACEBOY NAPKINS,48,11/10/2011 9:27,0.85,13346.0,United Kingdom
575583,21212,PACK OF 72 RETROSPOT CAKE CASES,3,11/10/2011 9:27,0.55,13346.0,United Kingdom
575627,20725,LUNCH BAG RED RETROSPOT,12,11/10/2011 19:37,1.65,15742.0,United Kingdom
575627,85099B,JUMBO BAG RED RETROSPOT,8,11/10/2011 19:37,1.95,15742.0,United Kingdom
575627,22960,JAM MAKING SET WITH JARS,6,11/10/2011 19:37,4.25,15742.0,United Kingdom
575627,71053,WHITE METAL LANTERN,24,11/10/2011 19:37,3.39,15742.0,United Kingdom
575627,48187,DOORMAT NEW ENGLAND,3,11/10/2011 19:37,7.95,15742.0,United Kingdom
575627,22623,BOX OF VINTAGE JIGSAW BLOCKS,12,11/10/2011 19:37,4.95,15742.0,United Kingdom
575627,22913,RED COAT RACK PARIS FASHION,1,11/10/2011 19:37,4.95,15742.0,United Kingdom
575627,21754,HOME BUILDING BLOCK WORD,4,11/10/2011 19:37,5.95,15742.0,United Kingdom
575627,84879,ASSORTED COLOUR BIRD ORNAMENT,3,11/10/2011 19:37,1.69,15742.0,United Kingdom
575627,22423,REGENCY CAKESTAND 3 TIER,24,11/10/2011 19:37,12.75,15742.0,United Kingdom
575627,22720,SET OF 3 CAKE TINS PANTRY DESIGN,3,11/10/2011 19:37,4.95,15742.0,United Kingdom
575627,22745,POPPY'S PLAYHOUSE BEDROOM,24,11/10/2011 19:37,2.1,15742.0,United Kingdom
575627,21777,RECIPE BOX WITH METAL HEART,12,11/10/2011 19:37,7.95,15742.0,United Kingdom
575627,48187,DOORMAT NEW ENGLAND,4,11/10/2011 19:37,7.95,15742.0,United Kingdom
575696,21730,GLASS STAR FROSTED T-LIGHT HOLDER,3,11/11/2011 11:04,4.25,,United Kingdom
575760,22423,REGENCY CAKESTAND 3 TIER,12,11/12/2011 11:48,12.75,14477.0,United Kingdom
575760,21777,RECIPE BOX WITH METAL HEART,2,11/12/2011 11:48,7.95,14477.0,United Kingdom
575760,22748,POPPY'S PLAYHOUSE KITCHEN,3,11/12/2011 11:48,2.1,14477.0,United Kingdom
575760,22613,PACK OF 20 SPACEBOY NAPKINS,8,11/12/2011 11:48,0.85,14477.0,United Kingdom
575760,21212,PACK OF 72 RETROSPOT CAKE CASES,2,11/12/2011 11:48,0.55,14477.0,United Kingdom
575760,22752,SET 7 BABUSHKA NESTING BOXES,1,11/12/2011 11:48,7.65,14477.0,United Kingdom
575760,22632,HAND WARMER RED POLKA DOT,48,11/12/2011 11:48,1.85,14477.0,United Kingdom
575827,23084,RABBIT NIGHT LIGHT,12,11/12/2011 18:12,2.08,17020.0,United Kingdom
575827,21730,GLASS STAR FROSTED T-LIGHT HOLDER,2,11/12/2011 18:12,4.25,17020.0,United Kingdom
575827,22960,JAM MAKING SET WITH JARS,1,11/12/2011 18:12,4.25,17020.0,United Kingdom
575827,22745,POPPY'S PLAYHOUSE BEDROOM,6,11/12/2011 18:12,2.1,17020.0,United Kingdom
575827,22632,HAND WARMER RED POLKA DOT,48,11/12/2011 18:12,1.85,17020.0,United Kingdom
575827,22752,SET 7 BABUSHKA NESTING BOXES,6,11/12/2011 18:12,7.65,17020.0,United Kingdom
575827,22633,HAND WARMER UNION JACK,1,11/12/2011 18:12,1.85,17020.0,United Kingdom
575827,22913,RED COAT RACK PARIS FASHION,2,11/12/2011 18:12,4.95,17020.0,United Kingdom
575827,48187,DOORMAT NEW ENGLAND,12,11/12/2011 18:12,7.95,17020.0,United Kingdom
575827,21754,HOME BUILDING BLOCK WORD,3,11/12/2011 18:12,5.95,17020.0,United Kingdom
575827,22720,SET OF 3 CAKE TINS PANTRY DESIGN,12,11/12/2011 18:12,4.95,17020.0,United Kingdom
575827,22913,RED COAT RACK PARIS FASHION,12,11/12/2011 18:12,4.95,17020.0,United Kingdom
575827,85099B,JUMBO BAG RED RETROSPOT,2,11/12/2011 18:12,1.95,17020.0,United Kingdom
575827,22748,POPPY'S PLAYHOUSE KITCHEN,24,11/12/2011 18:12,2.1,17020.0,United Kingdom
575827,23084,RABBIT NIGHT LIGHT,4,11/12/2011 18:12,2.08,17020.0,United Kingdom
575827,21730,GLASS STAR FROSTED T-LIGHT HOLDER,4,11/12/2011 18:12,4.25,17020.0,United Kingdom
575827,22752,SET 7 BABUSHKA NESTING BOXES,4,11/12/2011 18:12,7.65,17020.0,United Kingdom
575827,20725,LUNCH BAG RED RETROSPOT,2,11/12/2011 18:12,1.65,17020.0,United Kingdom
575905,22913,RED COAT RACK PARIS FASHION,1,11/13/2011 11:42,4.95,13981.0,United Kingdom
575905,48187,DOORMAT NEW ENGLAND,3,11/13/2011 11:42,7.95,13981.0,United Kingdom
575905,84029E,RED WOOLLY HOTTIE WHITE HEART.,4,11/13/2011 11:42,3.39,13981.0,United Kingdom
575905,22310,IVORY KNITTED MUG COSY,2,11/13/2011 11:42,1.65,13981.0,United Kingdom
575905,22748,POPPY'S PLAYHOUSE KITCHEN,4,11/13/2011 11:42,2.1,13981.0,United Kingdom
575905,22613,PACK OF 20 SPACEBOY NAPKINS,4,11/13/2011 11:42,0.85,13981.0,United Kingdom
575905,84029G,KNITTED UNION FLAG HOT WATER BOTTLE,12,11/13/2011 11:42,3.39,13981.0,United Kingdom
575963,22960,JAM MAKING SET WITH JARS,1,11/14/2011 9:24,4.25,15932.0,United Kingdom
575963,21755,LOVE BUILDING BLOCK WORD,6,11/14/2011 9:24,5.95,15932.0,United Kingdom
576016,22745,POPPY'S PLAYHOUSE BEDROOM,1,11/14/2011 13:01,2.1,,United Kingdom
576016,84879,ASSORTED COLOUR BIRD ORNAMENT,2,11/14/2011 13:01,1.69,,United Kingdom
576016,22613,PACK OF 20 SPACEBOY NAPKINS,3,11/14/2011 13:01,0.85,,United Kingdom
576016,85123A,WHITE HANGING HEART T-LIGHT HOLDER,4,11/14/2011 13:01,2.55,,United Kingdom
576016,85123A,WHITE HANGING HEART T-LIGHT HOLDER,12,11/14/2011 13:01,2.55,,United Kingdom
576016,21212,PACK OF 72 RETROSPOT CAKE CASES,12,11/14/2011 13:01,0.55,,United Kingdom
576016,21754,HOME BUILDING BLOCK WORD,48,11/14/2011 13:01,5.95,,United Kingdom
576016,48187,DOORMAT NEW ENGLAND,6,11/14/2011 13:01,7.95,,United Kingdom
576016,85099B,JUMBO BAG RED RETROSPOT,3,11/14/2011 13:01,1.95,,United Kingdom
576016,21755,,2,11/14/2011 13:01,5.95,,United Kingdom
576016,22745,POPPY'S PLAYHOUSE BEDROOM,24,11/14/2011 13:01,2.1,,United Kingdom
576016,84029E,RED WOOLLY HOTTIE WHITE HEART.,4,11/14/2011 13:01,3.39,,United Kingdom
576016,84406B,CREAM CUPID HEARTS COAT HANGER,48,11/14/2011 13:01,2.75,,United Kingdom
576016,21754,HOME BUILDING BLOCK WORD,6,11/14/2011 13:01,5.95,,United Kingdom
576016,22310,IVORY KNITTED MUG COSY,24,11/14/2011 13:01,1.65,,United Kingdom
576016,21755,,4,11/14/2011 13:01,5.95,,United Kingdom
576016,22752,SET 7 BABUSHKA NESTING BOXES,1,11/14/2011 13:01,7.65,,United Kingdom
576016,84029E,RED WOOLLY HOTTIE WHITE HEART.,2,11/14/2011 13:01,3.39,,United Kingdom
576016,22632,HAND WARMER RED POLKA DOT,2,11/14/2011 13:01,1.85,,United Kingdom
576088,85123A,WHITE HANGING HEART T-LIGHT HOLDER,2,11/14/2011 18:56,2.55,15856.0,United Kingdom
576128,21777,RECIPE BOX WITH METAL HEART,8,11/15/2011 9:12,7.95,16585.0,United Kingdom
576128,22913,RED COAT RACK PARIS FASHION,12,11/15/2011 9:12,4.95,16585.0,United Kingdom
576170,22632,HAND WARMER RED POLKA DOT,1,11/15/2011 12:44,1.85,16045.0,United Kingdom
576170,21755,LOVE BUILDING BLOCK WORD,1,11/15/2011 12:44,5.95,16045.0,United Kingdom
576170,22960,JAM MAKING SET WITH JARS,12,11/15/2011 12:44,4.25,16045.0,United Kingdom
576170,21212,PACK OF 72 RETROSPOT CAKE CASES,4,11/15/2011 12:44,0.55,16045.0,United Kingdom
576170,21730,GLASS STAR FROSTED T-LIGHT HOLDER,4,11/15/2011 12:44,4.25,16045.0,United Kingdom
576170,22197,SMALL POPCORN HOLDER,2,11/15/2011 12:44,0.85,16045.0,United Kingdom
576170,22197,SMALL POPCORN HOLDER,24,11/15/2011 12:44,0.85,16045.0,United Kingdom
576170,22632,HAND WARMER RED POLKA DOT,3,11/15/2011 12:44,1.85,16045.0,United Kingdom
576170,22752,SET 7 BABUSHKA NESTING BOXES,8,11/15/2011 12:44,7.65,16045.0,United Kingdom
576241,22423,REGENCY CAKESTAND 3 TIER,8,11/15/2011 18:44,12.75,18076.0,United Kingdom
576241,22752,SET 7 BABUSHKA NESTING BOXES,8,11/15/2011 18:44,7.65,18076.0,United Kingdom
576241,21755,LOVE BUILDING BLOCK WORD,6,11/15/2011 18:44,5.95,18076.0,United Kingdom
576241,22613,PACK OF 20 SPACEBOY NAPKINS,6,11/15/2011 18:44,0.85,18076.0,United Kingdom
576241,48187,DOORMAT NEW ENGLAND,12,11/15/2011 18:44,7.95,18076.0,United Kingdom
576241,22423,REGENCY CAKESTAND 3 TIER,24,11/15/2011 18:44,12.75,18076.0,United Kingdom
576241,22745,POPPY'S PLAYHOUSE BEDROOM,8,11/15/2011 18:44,2.1,18076.0,United Kingdom
576241,85123A,WHITE HANGING HEART T-LIGHT HOLDER,4,11/15/2011 18:44,2.55,18076.0,United Kingdom
576241,71053,WHITE METAL LANTERN,6,11/15/2011 18:44,3.39,18076.0,United Kingdom
576241,21755,LOVE BUILDING BLOCK WORD,48,11/15/2011 18:44,5.95,18076.0,United Kingdom
576241,22745,POPPY'S PLAYHOUSE BEDROOM,12,11/15/2011 18:44,2.1,18076.0,United Kingdom
576241,22913,RED COAT RACK PARIS FASHION,8,11/15/2011 18:44,4.95,18076.0,United Kingdom
576241,22423,REGENCY CAKESTAND 3 TIER,12,11/15/2011 18:44,12.75,18076.0,United Kingdom
576241,85099B,JUMBO BAG RED RETROSPOT,2,11/15/2011 18:44,1.95,18076.0,United Kingdom
576241,85123A,WHITE HANGING HEART T-LIGHT HOLDER,1,11/15/2011 18:44,2.55,18076.0,United Kingdom
576241,48187,DOORMAT NEW ENGLAND,1,11/15/2011 18:44,7.95,18076.0,United Kingdom
576241,22633,HAND WARMER UNION JACK,24,11/15/2011 18:44,1.85,18076.0,United Kingdom
576241,22913,RED COAT RACK PARIS FASHION,4,11/15/2011 18:44,4.95,18076.0,United Kingdom
576241,85099B,JUMBO BAG RED RETROSPOT,24,11/15/2011 18:44,1.95,18076.0,United Kingdom
576241,22633,HAND WARMER UNION JACK,2,11/15/2011 18:44,1.85,18076.0,United Kingdom
576241,22752,SET 7 BABUSHKA NESTING BOXES,48,11/15/2011 18:44,7.65,18076.0,United Kingdom
576288,84969,BOX OF 6 ASSORTED COLOUR TEASPOONS,24,11/16/2011 9:08,4.25,,United Kingdom
576288,21730,GLASS STAR FROSTED T-LIGHT HOLDER,48,11/16/2011 9:08,4.25,,United Kingdom
576288,21755,LOVE BUILDING BLOCK WORD,12,11/16/2011 9:08,5.95,,United Kingdom
576288,48187,DOORMAT NEW ENGLAND,8,11/16/2011 9:08,7.95,,United Kingdom
576288,22423,REGENCY CAKESTAND 3 TIER,4,11/16/2011 9:08,12.75,,United Kingdom
576288,22310,IVORY KNITTED MUG COSY,12,11/16/2011 9:08,1.65,,United Kingdom
576288,22613,PACK OF 20 SPACEBOY NAPKINS,1,11/16/2011 9:08,0.85,,United Kingdom
576288,22745,POPPY'S PLAYHOUSE BEDROOM,24,11/16/2011 9:08,2.1,,United Kingdom
576288,85123A,,3,11/16/2011 9:08,2.55,,United Kingdom
576350,22633,HAND WARMER UNION JACK,6,11/16/2011 18:21,1.85,16323.0,United Kingdom
576350,22423,REGENCY CAKESTAND 3 TIER,4,11/16/2011 18:21,12.75,16323.0,United Kingdom
576350,22748,POPPY'S PLAYHOUSE KITCHEN,8,11/16/2011 18:21,2.1,16323.0,United Kingdom
576350,84969,BOX OF 6 ASSORTED COLOUR TEASPOONS,12,11/16/2011 18:21,4.25,16323.0,United Kingdom
576350,84029G,KNITTED UNION FLAG HOT WATER BOTTLE,2,11/16/2011 18:21,3.39,16323.0,United Kingdom
576350,22720,SET OF 3 CAKE TINS PANTRY DESIGN,3,11/16/2011 18:21,4.95,16323.0,United Kingdom
576350,47566,PARTY BUNTING,12,11/16/2011 18:21,4.95,16323.0,United Kingdom
576350,23084,RABBIT NIGHT LIGHT,4,11/16/2011 18:21,2.08,16323.0,United Kingdom
576350,22197,SMALL POPCORN HOLDER,4,11/16/2011 18:21,0.85,16323.0,United Kingdom
576350,48187,DOORMAT NEW ENGLAND,12,11/16/2011 18:21,7.95,16323.0,United Kingdom
576425,85123A,WHITE HANGING HEART T-LIGHT HOLDER,24,11/17/2011 8:48,2.55,12776.0,United Kingdom
576425,71053,WHITE METAL LANTERN,6,11/17/2011 8:48,3.39,12776.0,United Kingdom
576425,47566,PARTY BUNTING,12,11/17/2011 8:48,4.95,12776.0,United Kingdom
576425,22632,HAND WARMER RED POLKA DOT,6,11/17/2011 8:48,1.85,12776.0,United Kingdom
581587,22613,PACK OF 20 SPACEBOY NAPKINS,12,12/9/2011 12:50,0.85,12680.0,France
581587,22899,CHILDREN'S APRON DOLLY GIRL ,6,12/9/2011 12:50,2.1,12680.0,France
581587,23254,CHILDRENS CUTLERY DOLLY GIRL ,4,12/9/2011 12:50,4.15,12680.0,France
581587,23255,CHILDRENS CUTLERY CIRCUS PARADE,4,12/9/2011 12:50,4.15,12680.0,France
581587,22138,BAKING SET 9 PIECE RETROSPOT ,3,12/9/2011 12:50,4.95,12680.0,France
