Job Title,Salary Estimate,Job Description,Rating,Company Name,Location,Headquarters,Size,Founded,Type of ownership,Industry,Sector,Revenue,Competitors,hourly,employer_provided,min_salary,max_salary,avg_salary,company_txt,job_state,same_state,age,python_yn,R_yn,spark,aws,excel
Data Scientist,$53K-$91K (Glassdoor est.),"Data Scientist
Location: New York, NY

We are looking for a data scientist to join our analytics team. Responsibilities include building models, cleaning data and communicating insights. Required skills: Excel, SQL.",3.8,"Tecolote Research
3.8","Albuquerque, NM","Goleta, CA",501 to 1000 employees,1973,Company - Private,Biotech & Pharmaceuticals,Biotech & Pharmaceuticals,$10+ billion (USD),-1,0,0,53,91,72.0,"Tecolote Research
",NM,0,47,1,0,0,0,1
Healthcare Data Scientist,$63K-$112K (Glassdoor est.),"Data Analyst
Location: New York, NY

We are looking for a data analyst to join our analytics team. Responsibilities include building models, cleaning data and communicating insights. Required skills: Python, Spark, AWS, Excel, SQL.",3.4,"University of Maryland Medical System
3.4","Linthicum, MD","Baltimore, MD",10000+ employees,1984,Other Organization,Health Care Services & Hospitals,Health Care,$10+ billion (USD),"Tecolote Research, Gallup",0,0,63,112,87.5,"University of Maryland Medical System
",MD,0,36,1,0,0,0,0
Data Scientist,$80K-$90K (Glassdoor est.),"Data Scientist
Location: Chicago, IL

We are looking for a data scientist to join our analytics team. Responsibilities include building models, cleaning data and communicating insights. Required skills: Python, Spark, Excel, SQL.",4.8,"KnowBe4
4.8","Clearwater, FL","Clearwater, FL",501 to 1000 employees,2010,Company - Private,Computer Hardware & Software,Information Technology,$1 to $2 billion (USD),-1,0,0,80,90,85.0,"KnowBe4
",FL,1,10,1,0,1,0,1
Data Scientist,$56K-$97K (Glassdoor est.),"Senior Data Scientist
Location: Chicago, IL

We are looking for a senior data scientist to join our analytics team. Responsibilities include building models, cleaning data and communicating insights. Required skills: Python, AWS, Excel, SQL.",3.8,"PNNL
3.8","Richland, WA","Richland, WA",1001 to 5000 employees,1965,Government,Security Services,Business Services,$1 to $2 billion (USD),"Reynolds American, Affinity Solutions",0,0,56,97,76.5,"PNNL
",WA,1,55,1,0,0,0,0
Data Scientist,$86K-$143K (Glassdoor est.),"Data Analyst
Location: Arlington, VA

We are looking for a data analyst to join our analytics team. Responsibilities include building models, cleaning data and communicating insights. Required skills: Python, Excel, SQL.",2.9,"Affinity Solutions
2.9","New York, NY","New York, NY",51 to 200 employees,1998,Company - Private,Aerospace & Defense,Aerospace & Defense,$50 to $100 million (USD),-1,0,0,86,143,114.5,"Affinity Solutions
",NY,1,22,1,0,0,0,1
Machine Learning Engineer,$111K-$168K (Glassdoor est.),"Machine Learning Engineer
Location: Linthicum, MD

We are looking for a machine learning engineer to join our analytics team. Responsibilities include building models, cleaning data and communicating insights. Required skills: Python, Spark, AWS, Excel, SQL.",3.5,"Affinity Solutions
3.5","Linthicum, MD","Baltimore, MD",51 to 200 employees,1936,Government,Insurance Carriers,Insurance,Unknown / Non-Applicable,"Walmart, ClearOne Advantage",0,0,111,168,139.5,"Affinity Solutions
",MD,0,84,1,0,1,1,1
Data Engineer,Employer Provided Salary:$87K-$129K,"Data Engineer
Location: Tampa, FL

We are looking for a data engineer to join our analytics team. Responsibilities include building models, cleaning data and communicating insights. Required skills: Excel, SQL.",4.1,"Liberty Mutual
4.1","Tampa, FL","Clearwater, FL",10000+ employees,1940,Subsidiary or Business Segment,Advertising & Marketing,Business Services,$10+ billion (USD),"MassMutual, Reynolds American",0,1,87,129,108.0,"Liberty Mutual
",FL,1,80,0,0,0,0,1
Data Engineer,$103K-$142K (Glassdoor est.),"Data Engineer
Location: New York, NY

We are looking for a data engineer to join our analytics team. Responsibilities include building models, cleaning data and communicating insights. Required skills: Python, SQL.",3.6,"KnowBe4
3.6","New York, NY","Arlington, VA",5001 to 10000 employees,1854,Other Organization,Security Services,Business Services,$10+ billion (USD),-1,0,0,103,142,122.5,"KnowBe4
",NY,0,166,1,0,0,0,0
Data Scientist,$88K-$138K (Glassdoor est.),"Data Scientist
Location: Goleta, CA

We are looking for a data scientist to join our analytics team. Responsibilities include building models, cleaning data and communicating insights. Required skills: Python, Excel, SQL.",3.6,"Liberty Mutual
3.6","Goleta, CA","Goleta, CA",1 to 50 employees,1936,Government,Advertising & Marketing,Business Services,Unknown / Non-Applicable,-1,0,0,88,138,113.0,"Liberty Mutual
",CA,1,84,1,0,0,0,1
Data Analyst,$34K-$57K (Glassdoor est.),"Data Analyst
Location: Chicago, IL

We are looking for a data analyst to join our analytics team. Responsibilities include building models, cleaning data and communicating insights. Required skills: Python, AWS, Excel, SQL.",4.3,"Blue Cross Blue Shield
4.3","Chicago, IL","Chicago, IL",10000+ employees,1880,Company - Public,Health Care Services & Hospitals,Health Care,$1 to $2 billion (USD),-1,0,0,34,57,45.5,"Blue Cross Blue Shield
",IL,1,140,1,0,0,1,1
Research Scientist,$63K-$97K (Glassdoor est.),"Research Scientist
Location: Cambridge, MA

We are looking for a research scientist to join our analytics team. Responsibilities include building models, cleaning data and communicating insights. Required skills: Excel, SQL.",4.1,"Blue Cross Blue Shield
4.1","Cambridge, MA","Cambridge, MA",501 to 1000 employees,1871,Other Organization,Energy,"Oil, Gas, Energy & Utilities",$500 million to $1 billion (USD),"Reynolds American, Affinity Solutions",0,0,63,97,80.0,"Blue Cross Blue Shield
",MA,1,149,0,0,0,0,1
Data Analyst,$74K-$124K (Glassdoor est.),"Data Analyst
Location: New York, NY

We are looking for a data analyst to join our analytics team. Responsibilities include building models, cleaning data and communicating insights. Required skills: Python, SQL.",3.4,"KnowBe4
3.4","New York, NY","New York, NY",51 to 200 employees,1919,Other Organization,Health Care Services & Hospitals,Health Care,$100 to $500 million (USD),-1,0,0,74,124,99.0,"KnowBe4
",NY,1,101,1,0,0,0,0
Machine Learning Engineer,$120K-$212K (Glassdoor est.),"Machine Learning Engineer
Location: Seattle, WA

We are looking for a machine learning engineer to join our analytics team. Responsibilities include building models, cleaning data and communicating insights. Required skills: Python, AWS, SQL.",4.3,"Amazon
4.3","Seattle, WA","Richland, WA",51 to 200 employees,1935,Subsidiary or Business Segment,Health Care Services & Hospitals,Health Care,$10 to $25 million (USD),-1,0,0,120,212,166.0,"Amazon
",WA,1,85,1,0,0,1,0
Data Analyst,$50K-$74K (Glassdoor est.),"Data Analyst
Location: New York, NY

We are looking for a data analyst to join our analytics team. Responsibilities include building models, cleaning data and communicating insights. Required skills: Python, AWS, Excel, SQL.",4.3,"Tecolote Research
4.3","New York, NY","Arlington, VA",501 to 1000 employees,1946,Other Organization,Aerospace & Defense,Aerospace & Defense,$1 to $5 million (USD),"Liberty Mutual, Rochester Regional Health",0,0,50,74,62.0,"Tecolote Research
",NY,0,74,1,0,0,1,1
Machine Learning Engineer,$115K-$180K (Glassdoor est.),"Machine Learning Engineer
Location: Cambridge, MA

We are looking for a machine learning engineer to join our analytics team. Responsibilities include building models, cleaning data and communicating insights. Required skills: Python, Spark, SQL.",4.1,"KnowBe4
4.1","Cambridge, MA","Chicago, IL",5001 to 10000 employees,1887,Government,IT Services,Information Technology,$10 to $25 million (USD),"Lockheed Martin, IBM",0,0,115,180,147.5,"KnowBe4
",MA,0,133,1,0,1,0,0
Senior Data Scientist,$103K-$165K (Glassdoor est.),"Senior Data Scientist
Location: Dallas, TX

We are looking for a senior data scientist to join our analytics team. Responsibilities include building models, cleaning data and communicating insights. Required skills: Python, Excel, SQL.",3.6,"Takeda
3.6","Dallas, TX","New York, NY",51 to 200 employees,1957,Subsidiary or Business Segment,Health Care Services & Hospitals,Health Care,$1 to $2 billion (USD),-1,0,0,103,165,134.0,"Takeda
",TX,0,63,1,0,0,0,1
Data Scientist,$42K-$77K (Glassdoor est.),"Data Scientist
Location: Boston, MA

We are looking for a data scientist to join our analytics team. Responsibilities include building models, cleaning data and communicating insights. Required skills: SQL, statistics.",4.0,"Tecolote Research
4.0","Boston, MA","Cambridge, MA",201 to 500 employees,1985,Nonprofit Organization,Insurance Carriers,Insurance,$50 to $100 million (USD),-1,0,0,42,77,59.5,"Tecolote Research
",MA,1,35,0,0,0,0,0
Data Scientist,$137K-$213K (Glassdoor est.),"Data Scientist
Location: Austin, TX

We are looking for a data scientist to join our analytics team. Responsibilities include building models, cleaning data and communicating insights. Required skills: Python, Spark, SQL.",4.2,"CyrusOne
4.2","Austin, TX","Dallas, TX",1001 to 5000 employees,1964,Government,Security Services,Business Services,$1 to $5 million (USD),"ClearOne Advantage, Guardian Life",0,0,137,213,175.0,"CyrusOne
",TX,1,56,1,0,1,0,0
Data Analyst,$86K-$146K (Glassdoor est.),"Data Analyst
Location: San Jose, CA

We are looking for a data analyst to join our analytics team. Responsibilities include building models, cleaning data and communicating insights. Required skills: AWS, SQL.",3.9,"Takeda
3.9","San Jose, CA","San Jose, CA",1 to 50 employees,-1,Company - Public,Energy,"Oil, Gas, Energy & Utilities",$50 to $100 million (USD),"Pfizer, Novartis",0,0,86,146,116.0,"Takeda
",CA,1,-1,0,0,0,1,0
Data Engineer,$88K-$151K (Glassdoor est.),"Data Engineer
Location: San Jose, CA

We are looking for a data engineer to join our analytics team. Responsibilities include building models, cleaning data and communicating insights. Required skills: Python, Spark, AWS, Excel, SQL.",3.5,"Blue Cross Blue Shield
3.5","San Jose, CA","Goleta, CA",1001 to 5000 employees,1970,Subsidiary or Business Segment,Insurance Carriers,Insurance,$500 million to $1 billion (USD),-1,0,0,88,151,119.5,"Blue Cross Blue Shield
",CA,1,50,1,0,1,1,1
Data Scientist,$67K-$106K (Glassdoor est.),"Data Scientist
Location: Clearwater, FL

We are looking for a data scientist to join our analytics team. Responsibilities include building models, cleaning data and communicating insights. Required skills: SQL, statistics.",3.7,"Blue Cross Blue Shield
3.7","Clearwater, FL","Chicago, IL",5001 to 10000 employees,1889,Company - Public,Internet,Information Technology,$100 to $500 million (USD),-1,0,0,67,106,86.5,"Blue Cross Blue Shield
",FL,0,131,0,0,0,0,0
Data Scientist,$67K-$108K (Glassdoor est.),"Data Scientist
Location: Arlington, VA

We are looking for a data scientist to join our analytics team. Responsibilities include building models, cleaning data and communicating insights. Required skills: AWS, Excel, SQL.",4.7,"Liberty Mutual
4.7","Arlington, VA","Arlington, VA",1 to 50 employees,1831,Government,Biotech & Pharmaceuticals,Biotech & Pharmaceuticals,$10+ billion (USD),-1,0,0,67,108,87.5,"Liberty Mutual
",VA,1,189,0,0,0,1,1
Research Scientist,$66K-$115K (Glassdoor est.),"Research Scientist
Location: Linthicum, MD

We are looking for a research scientist to join our analytics team. Responsibilities include building models, cleaning data and communicating insights. Required skills: Spark, SQL.",4.5,"Lockheed Martin
4.5","Linthicum, MD","Albuquerque, NM",501 to 1000 employees,1948,Subsidiary or Business Segment,Insurance Carriers,Insurance,$50 to $100 million (USD),-1,0,0,66,115,90.5,"Lockheed Martin
",MD,0,72,0,0,1,0,0
Data Engineer,$86K-$140K (Glassdoor est.),"Data Engineer
Location: Austin, TX

We are looking for a data engineer to join our analytics team. Responsibilities include building models, cleaning data and communicating insights. Required skills: Python, Excel, SQL.",3.2,"IBM
3.2","Austin, TX","Austin, TX",1 to 50 employees,2011,Nonprofit Organization,IT Services,Information Technology,$10 to $25 million (USD),-1,0,0,86,140,113.0,"IBM
",TX,1,9,1,0,0,0,1
Data Scientist,$77K-$129K (Glassdoor est.),"Data Scientist
Location: San Jose, CA

We are looking for a data scientist to join our analytics team. Responsibilities include building models, cleaning data and communicating insights. Required skills: SQL, statistics.",3.9,"Affinity Solutions
3.9","San Jose, CA","Arlington, VA",1001 to 5000 employees,2014,Government,Computer Hardware & Software,Information Technology,$50 to $100 million (USD),"Logic20/20, Takeda",0,0,77,129,103.0,"Affinity Solutions
",CA,0,6,0,0,0,0,0
Senior Data Scientist,$117K-$190K (Glassdoor est.),"Senior Data Scientist
Location: New York, NY

We are looking for a senior data scientist to join our analytics team. Responsibilities include building models, cleaning data and communicating insights. Required skills: Python, Excel, SQL.",4.2,"Reynolds American
4.2","New York, NY","New York, NY",501 to 1000 employees,1900,Nonprofit Organization,Advertising & Marketing,Business Services,$1 to $5 million (USD),"CyrusOne, Pfizer",0,0,117,190,153.5,"Reynolds American
",NY,1,120,1,0,0,0,1
Data Scientist,$84K-$126K (Glassdoor est.),"Data Scientist
Location: Richland, WA

We are looking for a data scientist to join our analytics team. Responsibilities include building models, cleaning data and communicating insights. Required skills: AWS, SQL.",4.4,"Visa
4.4","Richland, WA","Richland, WA",201 to 500 employees,1923,Other Organization,Biotech & Pharmaceuticals,Biotech & Pharmaceuticals,$1 to $2 billion (USD),-1,0,0,84,126,105.0,"Visa
",WA,1,97,0,0,0,1,0
Research Scientist,$107K-$165K (Glassdoor est.),"Research Scientist
Location: Goleta, CA

We are looking for a research scientist to join our analytics team. Responsibilities include building models, cleaning data and communicating insights. Required skills: Spark, SQL.",3.9,"Logic20/20
3.9","Goleta, CA","San Jose, CA",1001 to 5000 employees,1883,Other Organization,Aerospace & Defense,Aerospace & Defense,$10+ billion (USD),"KnowBe4, Lockheed Martin",0,0,107,165,136.0,"Logic20/20
",CA,1,137,0,0,1,0,0
Director of Data Science,$129K-$203K (Glassdoor est.),"Director of Data Science
Location: Chicago, IL

We are looking for a director of data science to join our analytics team. Responsibilities include building models, cleaning data and communicating insights. Required skills: Python, Spark, SQL.",3.9,"Amazon
3.9","Chicago, IL","Chicago, IL",501 to 1000 employees,1834,Company - Private,Computer Hardware & Software,Information Technology,$50 to $100 million (USD),-1,0,0,129,203,166.0,"Amazon
",IL,1,186,1,0,1,0,0
Data Analyst,$46K-$86K (Glassdoor est.),"Data Analyst
Location: Linthicum, MD

We are looking for a data analyst to join our analytics team. Responsibilities include building models, cleaning data and communicating insights. Required skills: Excel, SQL.",3.5,"Reynolds American
3.5","Linthicum, MD","Baltimore, MD",10000+ employees,1845,Subsidiary or Business Segment,Internet,Information Technology,$100 to $500 million (USD),-1,0,0,46,86,66.0,"Reynolds American
",MD,1,175,0,0,0,0,1
Research Scientist,$72K-$129K (Glassdoor est.),"Research Scientist
Location: Baltimore, MD

We are looking for a research scientist to join our analytics team. Responsibilities include building models, cleaning data and communicating insights. Required skills: Python, SQL.",4.0,"Lockheed Martin
4.0","Baltimore, MD","Boston, MA",10000+ employees,2001,Subsidiary or Business Segment,Security Services,Business Services,$500 million to $1 billion (USD),"Tecolote Research, Lockheed Martin",0,0,72,129,100.5,"Lockheed Martin
",MD,0,19,1,0,0,0,0
Data Scientist,$66K-$98K (Glassdoor est.),"Data Scientist
Location: Arlington, VA

We are looking for a data scientist to join our analytics team. Responsibilities include building models, cleaning data and communicating insights. Required skills: Excel, SQL.",2.6,"Visa
2.6","Arlington, VA","Arlington, VA",1001 to 5000 employees,1953,Subsidiary or Business Segment,Aerospace & Defense,Aerospace & Defense,$10+ billion (USD),"Reynolds American, Numerator",0,0,66,98,82.0,"Visa
",VA,1,67,0,0,0,0,1
Data Analyst,$53K-$87K (Glassdoor est.),"Data Analyst
Location: New York, NY

We are looking for a data analyst to join our analytics team. Responsibilities include building models, cleaning data and communicating insights. Required skills: AWS, Excel, SQL.",3.8,"Logic20/20
3.8","New York, NY","New York, NY",10000+ employees,1947,Other Organization,Energy,"Oil, Gas, Energy & Utilities",$100 to $500 million (USD),-1,0,0,53,87,70.0,"Logic20/20
",NY,1,73,0,0,0,1,1
Data Scientist,$69K-$111K (Glassdoor est.),"Data Scientist
Location: Boston, MA

We are looking for a data scientist to join our analytics team. Responsibilities include building models, cleaning data and communicating insights. Required skills: Python, Excel, SQL.",-1.0,CyrusOne,"Boston, MA","New York, NY",501 to 1000 employees,1853,Other Organization,Internet,Information Technology,$500 million to $1 billion (USD),"Walmart, Gallup",0,0,69,111,90.0,CyrusOne,MA,0,167,1,0,0,0,1
Data Scientist,$67K-$107K (Glassdoor est.),"Data Scientist
Location: New York, NY

We are looking for a data scientist to join our analytics team. Responsibilities include building models, cleaning data and communicating insights. Required skills: Python, Excel, SQL.",4.2,"Amazon
4.2","New York, NY","Linthicum, MD",10000+ employees,1878,Government,Biotech & Pharmaceuticals,Biotech & Pharmaceuticals,$1 to $5 million (USD),-1,0,0,67,107,87.0,"Amazon
",NY,0,142,1,0,0,0,1
Data Engineer,$75K-$121K (Glassdoor est.),"Data Engineer
Location: Arlington, VA

We are looking for a data engineer to join our analytics team. Responsibilities include building models, cleaning data and communicating insights. Required skills: SQL, statistics.",2.7,"Amazon
2.7","Arlington, VA","Seattle, WA",51 to 200 employees,2009,Company - Private,Biotech & Pharmaceuticals,Biotech & Pharmaceuticals,$10+ billion (USD),"Rochester Regional Health, PNNL",0,0,75,121,98.0,"Amazon
",VA,0,11,0,0,0,0,0
Data Engineer,$79K-$112K (Glassdoor est.),"Data Engineer
Location: San Francisco, CA

We are looking for a data engineer to join our analytics team. Responsibilities include building models, cleaning data and communicating insights. Required skills: SQL, statistics.",3.5,"ClearOne Advantage
3.5","San Francisco, CA","Clearwater, FL",51 to 200 employees,1986,Government,Health Care Services & Hospitals,Health Care,$50 to $100 million (USD),"CyrusOne, Guardian Life",0,0,79,112,95.5,"ClearOne Advantage
",CA,0,34,0,0,0,0,0
Data Analyst,$51K-$93K (Glassdoor est.),"Data Analyst
Location: Cambridge, MA

We are looking for a data analyst to join our analytics team. Responsibilities include building models, cleaning data and communicating insights. Required skills: AWS, Excel, SQL.",4.5,"ClearOne Advantage
4.5","Cambridge, MA","Cambridge, MA",201 to 500 employees,1943,Company - Private,Biotech & Pharmaceuticals,Biotech & Pharmaceuticals,$10+ billion (USD),-1,0,0,51,93,72.0,"ClearOne Advantage
",MA,1,77,0,0,0,1,1
Data Engineer,$60K-$110K (Glassdoor est.),"Data Engineer
Location: Seattle, WA

We are looking for a data engineer to join our analytics team. Responsibilities include building models, cleaning data and communicating insights. Required skills: Python, Excel, SQL.",2.9,"Lockheed Martin
2.9","Seattle, WA","Goleta, CA",1 to 50 employees,1966,Company - Public,Energy,"Oil, Gas, Energy & Utilities",$100 to $500 million (USD),-1,0,0,60,110,85.0,"Lockheed Martin
",WA,0,54,1,0,0,0,1
Data Scientist,$115K-$192K (Glassdoor est.),"Data Scientist
Location: Goleta, CA

We are looking for a data scientist to join our analytics team. Responsibilities include building models, cleaning data and communicating insights. Required skills: Python, AWS, SQL.",3.3,"Lockheed Martin
3.3","Goleta, CA","Richland, WA",10000+ employees,1853,Subsidiary or Business Segment,Computer Hardware & Software,Information Technology,$1 to $2 billion (USD),-1,0,0,115,192,153.5,"Lockheed Martin
",CA,0,167,1,0,0,1,0
Data Analyst,$44K-$67K (Glassdoor est.),"Data Analyst
Location: Arlington, VA

We are looking for a data analyst to join our analytics team. Responsibilities include building models, cleaning data and communicating insights. Required skills: Spark, SQL.",3.7,"CyrusOne
3.7","Arlington, VA","Austin, TX",1 to 50 employees,1894,Government,Health Care Services & Hospitals,Health Care,Unknown / Non-Applicable,-1,0,0,44,67,55.5,"CyrusOne
",VA,0,126,0,0,1,0,0
Lead Data Scientist,$111K-$182K (Glassdoor est.),"Lead Data Scientist
Location: Cambridge, MA

We are looking for a lead data scientist to join our analytics team. Responsibilities include building models, cleaning data and communicating insights. Required skills: Python, Spark, Excel, SQL.",4.5,"Numerator
4.5","Cambridge, MA","San Francisco, CA",5001 to 10000 employees,1953,Company - Private,Computer Hardware & Software,Information Technology,$1 to $5 million (USD),"Amazon, ClearOne Advantage",0,0,111,182,146.5,"Numerator
",MA,0,67,1,0,1,0,1
Data Scientist,$84K-$128K (Glassdoor est.),"Data Scientist
Location: Dallas, TX

We are looking for a data scientist to join our analytics team. Responsibilities include building models, cleaning data and communicating insights. Required skills: Spark, AWS, Excel, SQL.",4.3,"Lockheed Martin
4.3","Dallas, TX","San Francisco, CA",51 to 200 employees,1959,Subsidiary or Business Segment,Computer Hardware & Software,Information Technology,$1 to $5 million (USD),-1,0,0,84,128,106.0,"Lockheed Martin
",TX,0,61,0,0,1,1,1
Data Scientist,$66K-$119K (Glassdoor est.),"Data Scientist
Location: Cambridge, MA

We are looking for a data scientist to join our analytics team. Responsibilities include building models, cleaning data and communicating insights. Required skills: AWS, Excel, SQL.",4.3,"Reynolds American
4.3","Cambridge, MA","Boston, MA",51 to 200 employees,1840,Government,IT Services,Information Technology,$100 to $500 million (USD),"Visa, Liberty Mutual",0,0,66,119,92.5,"Reynolds American
",MA,0,180,0,0,0,1,1
Senior Data Scientist,$97K-$148K (Glassdoor est.),"Senior Data Scientist
Location: New York, NY

We are looking for a senior data scientist to join our analytics team. Responsibilities include building models, cleaning data and communicating insights. Required skills: Python, Excel, SQL.",4.8,"Guardian Life
4.8","New York, NY","Tampa, FL",5001 to 10000 employees,1918,Nonprofit Organization,Advertising & Marketing,Business Services,$1 to $2 billion (USD),-1,0,0,97,148,122.5,"Guardian Life
",NY,0,102,1,0,0,0,1
Machine Learning Engineer,$112K-$205K (Glassdoor est.),"Machine Learning Engineer
Location: Dallas, TX

We are looking for a machine learning engineer to join our analytics team. Responsibilities include building models, cleaning data and communicating insights. Required skills: SQL, statistics.",3.7,"Blue Cross Blue Shield
3.7","Dallas, TX","Dallas, TX",51 to 200 employees,1900,Company - Public,Aerospace & Defense,Aerospace & Defense,$500 million to $1 billion (USD),-1,0,0,112,205,158.5,"Blue Cross Blue Shield
",TX,1,120,0,0,0,0,0
Lead Data Scientist,$146K-$233K (Glassdoor est.),"Lead Data Scientist
Location: New York, NY

We are looking for a lead data scientist to join our analytics team. Responsibilities include building models, cleaning data and communicating insights. Required skills: Python, SQL.",3.7,"KnowBe4
3.7","New York, NY","San Francisco, CA",201 to 500 employees,1991,Government,Health Care Services & Hospitals,Health Care,$100 to $500 million (USD),"Gallup, Affinity Solutions",0,0,146,233,189.5,"KnowBe4
",NY,0,29,1,0,0,0,0
Data Analyst,$34K-$59K (Glassdoor est.),"Data Analyst
Location: Arlington, VA

We are looking for a data analyst to join our analytics team. Responsibilities include building models, cleaning data and communicating insights. Required skills: Python, Excel, SQL.",4.2,"Logic20/20
4.2","Arlington, VA","Arlington, VA",501 to 1000 employees,1922,Other Organization,Computer Hardware & Software,Information Technology,Unknown / Non-Applicable,"Numerator, MassMutual",0,0,34,59,46.5,"Logic20/20
",VA,1,98,1,0,0,0,1
Research Scientist,$48K-$79K (Glassdoor est.),"Research Scientist
Location: Dallas, TX

We are looking for a research scientist to join our analytics team. Responsibilities include building models, cleaning data and communicating insights. Required skills: SQL, statistics.",5.0,"Tecolote Research
5.0","Dallas, TX","Dallas, TX",51 to 200 employees,1990,Company - Private,Aerospace & Defense,Aerospace & Defense,$10+ billion (USD),-1,0,0,48,79,63.5,"Tecolote Research
",TX,1,30,0,0,0,0,0
Research Scientist,$108K-$178K (Glassdoor est.),"Research Scientist
Location: San Francisco, CA

We are looking for a research scientist to join our analytics team. Responsibilities include building models, cleaning data and communicating insights. Required skills: Spark, Excel, SQL.",3.4,"Liberty Mutual
3.4","San Francisco, CA","Goleta, CA",501 to 1000 employees,2000,Company - Public,Security Services,Business Services,$500 million to $1 billion (USD),-1,0,0,108,178,143.0,"Liberty Mutual
",CA,1,20,0,0,1,0,1
Machine Learning Engineer,$72K-$107K (Glassdoor est.),"Machine Learning Engineer
Location: San Francisco, CA

We are looking for a machine learning engineer to join our analytics team. Responsibilities include building models, cleaning data and communicating insights. Required skills: Python, Spark, SQL.",3.8,"PNNL
3.8","San Francisco, CA","Austin, TX",501 to 1000 employees,1972,Company - Public,Security Services,Business Services,Unknown / Non-Applicable,-1,0,0,72,107,89.5,"PNNL
",CA,0,48,1,0,1,0,0
Data Scientist,$97K-$154K (Glassdoor est.),"Data Scientist
Location: San Francisco, CA

We are looking for a data scientist to join our analytics team. Responsibilities include building models, cleaning data and communicating insights. Required skills: Python, Excel, SQL.",4.6,"Tecolote Research
4.6","San Francisco, CA","Chicago, IL",501 to 1000 employees,2003,Subsidiary or Business Segment,IT Services,Information Technology,$1 to $2 billion (USD),-1,0,0,97,154,125.5,"Tecolote Research
",CA,0,17,1,0,0,0,1
Lead Data Scientist,$89K-$160K (Glassdoor est.),"Lead Data Scientist
Location: New York, NY

We are looking for a lead data scientist to join our analytics team. Responsibilities include building models, cleaning data and communicating insights. Required skills: SQL, statistics.",3.5,"Tecolote Research
3.5","New York, NY","San Francisco, CA",201 to 500 employees,1982,Other Organization,Biotech & Pharmaceuticals,Biotech & Pharmaceuticals,$100 to $500 million (USD),-1,0,0,89,160,124.5,"Tecolote Research
",NY,0,38,0,0,0,0,0
Healthcare Data Scientist,$68K-$113K (Glassdoor est.),"Healthcare Data Scientist
Location: Chicago, IL

We are looking for a healthcare data scientist to join our analytics team. Responsibilities include building models, cleaning data and communicating insights. Required skills: Python, AWS, Excel, SQL.",3.7,"Reynolds American
3.7","Chicago, IL","Chicago, IL",51 to 200 employees,1894,Subsidiary or Business Segment,IT Services,Information Technology,$500 million to $1 billion (USD),"MassMutual, University of Maryland Medical System",0,0,68,113,90.5,"Reynolds American
",IL,1,126,1,0,0,1,1
Senior Data Scientist,$92K-$159K (Glassdoor est.),"Senior Data Scientist
Location: New York, NY

We are looking for a senior data scientist to join our analytics team. Responsibilities include building models, cleaning data and communicating insights. Required skills: SQL, statistics.",5.0,"Liberty Mutual
5.0","New York, NY","Dallas, TX",5001 to 10000 employees,1883,Government,Internet,Information Technology,$10+ billion (USD),-1,0,0,92,159,125.5,"Liberty Mutual
",NY,0,137,0,0,0,0,0
Research Scientist,$43K-$71K (Glassdoor est.),"Research Scientist
Location: Boston, MA

We are looking for a research scientist to join our analytics team. Responsibilities include building models, cleaning data and communicating insights. Required skills: Python, SQL.",3.8,"Blue Cross Blue Shield
3.8","Boston, MA","New York, NY",5001 to 10000 employees,1963,Company - Public,Energy,"Oil, Gas, Energy & Utilities",$1 to $5 million (USD),-1,0,0,43,71,57.0,"Blue Cross Blue Shield
",MA,0,57,1,0,0,0,0
Data Scientist,$86K-$132K (Glassdoor est.),"Data Scientist
Location: Goleta, CA

We are looking for a data scientist to join our analytics team. Responsibilities include building models, cleaning data and communicating insights. Required skills: Python, SQL.",3.2,"Tecolote Research
3.2","Goleta, CA","Arlington, VA",1001 to 5000 employees,1874,Company - Public,Health Care Services & Hospitals,Health Care,$1 to $2 billion (USD),-1,0,0,86,132,109.0,"Tecolote Research
",CA,0,146,1,0,0,0,0
Data Analyst,$30K-$49K (Glassdoor est.),"Data Analyst
Location: Goleta, CA

We are looking for a data analyst to join our analytics team. Responsibilities include building models, cleaning data and communicating insights. Required skills: Python, SQL.",2.5,"University of Maryland Medical System
2.5","Goleta, CA","San Francisco, CA",201 to 500 employees,-1,Other Organization,Security Services,Business Services,$10 to $25 million (USD),-1,0,0,30,49,39.5,"University of Maryland Medical System
",CA,0,-1,1,0,0,0,0
Director of Data Science,$143K-$252K (Glassdoor est.),"Director of Data Science
Location: Albuquerque, NM

We are looking for a director of data science to join our analytics team. Responsibilities include building models, cleaning data and communicating insights. Required skills: Python, AWS, Excel, SQL.",3.3,"Novartis
3.3","Albuquerque, NM","Austin, TX",10000+ employees,1871,Company - Private,Biotech & Pharmaceuticals,Biotech & Pharmaceuticals,$100 to $500 million (USD),-1,0,0,143,252,197.5,"Novartis
",NM,0,149,1,0,0,1,1
Director of Data Science,$138K-$202K (Glassdoor est.),"Director of Data Science
Location: Boston, MA

We are looking for a director of data science to join our analytics team. Responsibilities include building models, cleaning data and communicating insights. Required skills: Python, AWS, Excel, SQL.",3.1,"Lockheed Martin
3.1","Boston, MA","Boston, MA",1001 to 5000 employees,-1,Government,IT Services,Information Technology,$10+ billion (USD),-1,0,0,138,202,170.0,"Lockheed Martin
",MA,1,-1,1,0,0,1,1
Senior Data Scientist,$97K-$171K (Glassdoor est.),"Senior Data Scientist
Location: San Jose, CA

We are looking for a senior data scientist to join our analytics team. Responsibilities include building models, cleaning data and communicating insights. Required skills: AWS, Excel, SQL.",3.6,"IBM
3.6","San Jose, CA","San Jose, CA",5001 to 10000 employees,1868,Company - Private,Advertising & Marketing,Business Services,$100 to $500 million (USD),-1,0,0,97,171,134.0,"IBM
",CA,1,152,0,0,0,1,1
Data Scientist,$79K-$145K (Glassdoor est.),"Data Scientist
Location: New York, NY

We are looking for a data scientist to join our analytics team. Responsibilities include building models, cleaning data and communicating insights. Required skills: Python, SQL.",4.1,"MassMutual
4.1","New York, NY","Cambridge, MA",201 to 500 employees,1972,Company - Private,Security Services,Business Services,$10+ billion (USD),"Gallup, KnowBe4",0,0,79,145,112.0,"MassMutual
",NY,0,48,1,0,0,0,0
Director of Data Science,$151K-$231K (Glassdoor est.),"Director of Data Science
Location: San Jose, CA

We are looking for a director of data science to join our analytics team. Responsibilities include building models, cleaning data and communicating insights. Required skills: AWS, SQL.",4.2,"KnowBe4
4.2","San Jose, CA","New York, NY",201 to 500 employees,1944,Subsidiary or Business Segment,Health Care Services & Hospitals,Health Care,Unknown / Non-Applicable,-1,0,0,151,231,191.0,"KnowBe4
",CA,0,76,0,0,0,1,0
Data Scientist,$64K-$122K (Glassdoor est.),"Data Scientist
Location: Cambridge, MA

We are looking for a data scientist to join our analytics team. Responsibilities include building models, cleaning data and communicating insights. Required skills: Excel, SQL.",4.0,"University of Maryland Medical System
4.0","Cambridge, MA","Cambridge, MA",5001 to 10000 employees,1889,Subsidiary or Business Segment,Biotech & Pharmaceuticals,Biotech & Pharmaceuticals,$100 to $500 million (USD),-1,0,0,64,122,93.0,"University of Maryland Medical System
",MA,1,131,0,0,0,0,1
Data Scientist,$85K-$133K (Glassdoor est.),"Data Scientist
Location: San Francisco, CA

We are looking for a data scientist to join our analytics team. Responsibilities include building models, cleaning data and communicating insights. Required skills: SQL, statistics.",4.3,"Tecolote Research
4.3","San Francisco, CA","San Francisco, CA",5001 to 10000 employees,1892,Company - Public,Insurance Carriers,Insurance,$1 to $5 million (USD),-1,0,0,85,133,109.0,"Tecolote Research
",CA,1,128,0,0,0,0,0
Data Scientist,$83K-$128K (Glassdoor est.),"Data Scientist
Location: Goleta, CA

We are looking for a data scientist to join our analytics team. Responsibilities include building models, cleaning data and communicating insights. Required skills: Python, AWS, Excel, SQL.",4.2,"PNNL
4.2","Goleta, CA","Chicago, IL",1 to 50 employees,1891,Company - Public,Computer Hardware & Software,Information Technology,$100 to $500 million (USD),-1,0,0,83,128,105.5,"PNNL
",CA,0,129,1,0,0,1,1
Data Engineer,$75K-$123K (Glassdoor est.),"Data Engineer
Location: Arlington, VA

We are looking for a data engineer to join our analytics team. Responsibilities include building models, cleaning data and communicating insights. Required skills: Spark, AWS, Excel, SQL.",3.9,"University of Maryland Medical System
3.9","Arlington, VA","Goleta, CA",10000+ employees,1893,Government,Aerospace & Defense,Aerospace & Defense,Unknown / Non-Applicable,-1,0,0,75,123,99.0,"University of Maryland Medical System
",VA,0,127,0,0,1,1,1
Data Analyst,$34K-$56K (Glassdoor est.),"Data Analyst
Location: San Jose, CA

We are looking for a data analyst to join our analytics team. Responsibilities include building models, cleaning data and communicating insights. Required skills: AWS, Excel, SQL.",3.8,"Rochester Regional Health
3.8","San Jose, CA","Seattle, WA",10000+ employees,1864,Nonprofit Organization,Biotech & Pharmaceuticals,Biotech & Pharmaceuticals,$50 to $100 million (USD),-1,0,0,34,56,45.0,"Rochester Regional Health
",CA,0,156,0,0,0,1,1
Data Engineer,$75K-$119K (Glassdoor est.),"Data Engineer
Location: Austin, TX

We are looking for a data engineer to join our analytics team. Responsibilities include building models, cleaning data and communicating insights. Required skills: Python, SQL.",3.8,"CyrusOne
3.8","Austin, TX","Dallas, TX",1001 to 5000 employees,1875,Other Organization,Energy,"Oil, Gas, Energy & Utilities",$10+ billion (USD),"Gallup, Visa",0,0,75,119,97.0,"CyrusOne
",TX,1,145,1,0,0,0,0
Healthcare Data Scientist,$88K-$130K (Glassdoor est.),"Healthcare Data Scientist
Location: San Jose, CA

We are looking for a healthcare data scientist to join our analytics team. Responsibilities include building models, cleaning data and communicating insights. Required skills: AWS, SQL.",3.8,"Affinity Solutions
3.8","San Jose, CA","Goleta, CA",51 to 200 employees,1884,Other Organization,Energy,"Oil, Gas, Energy & Utilities",$500 million to $1 billion (USD),-1,0,0,88,130,109.0,"Affinity Solutions
",CA,1,136,0,0,0,1,0
Data Analyst,$47K-$69K (Glassdoor est.),"Data Analyst
Location: Arlington, VA

We are looking for a data analyst to join our analytics team. Responsibilities include building models, cleaning data and communicating insights. Required skills: Spark, SQL.",3.1,"Logic20/20
3.1","Arlington, VA","Arlington, VA",51 to 200 employees,1877,Other Organization,Computer Hardware & Software,Information Technology,Unknown / Non-Applicable,-1,0,0,47,69,58.0,"Logic20/20
",VA,1,143,0,0,1,0,0
Senior Data Scientist,$92K-$149K (Glassdoor est.),"Senior Data Scientist
Location: Clearwater, FL

We are looking for a senior data scientist to join our analytics team. Responsibilities include building models, cleaning data and communicating insights. Required skills: SQL, statistics.",3.8,"Takeda
3.8","Clearwater, FL","Tampa, FL",51 to 200 employees,1880,Company - Public,IT Services,Information Technology,$500 million to $1 billion (USD),-1,0,0,92,149,120.5,"Takeda
",FL,1,140,0,0,0,0,0
Data Engineer,$72K-$111K (Glassdoor est.),"Data Engineer
Location: New York, NY

We are looking for a data engineer to join our analytics team. Responsibilities include building models, cleaning data and communicating insights. Required skills: Python, Excel, SQL.",3.6,"Takeda
3.6","New York, NY","San Jose, CA",501 to 1000 employees,-1,Company - Private,Biotech & Pharmaceuticals,Biotech & Pharmaceuticals,$10+ billion (USD),-1,0,0,72,111,91.5,"Takeda
",NY,0,-1,1,0,0,0,1
Data Engineer,$113K-$182K (Glassdoor est.),"Data Engineer
Location: New York, NY

We are looking for a data engineer to join our analytics team. Responsibilities include building models, cleaning data and communicating insights. Required skills: Python, Spark, SQL.",3.4,"Takeda
3.4","New York, NY","Tampa, FL",10000+ employees,1965,Government,Aerospace & Defense,Aerospace & Defense,$100 to $500 million (USD),-1,0,0,113,182,147.5,"Takeda
",NY,0,55,1,0,1,0,0
Data Analyst,$76K-$126K (Glassdoor est.),"Data Analyst
Location: Goleta, CA

We are looking for a data analyst to join our analytics team. Responsibilities include building models, cleaning data and communicating insights. Required skills: Python, SQL.",4.1,"Numerator
4.1","Goleta, CA","San Francisco, CA",1001 to 5000 employees,1887,Other Organization,Energy,"Oil, Gas, Energy & Utilities",$100 to $500 million (USD),"MassMutual, Tecolote Research",0,0,76,126,101.0,"Numerator
",CA,1,133,1,0,0,0,0
Data Scientist,$61K-$96K (Glassdoor est.),"Data Scientist
Location: New York, NY

We are looking for a data scientist to join our analytics team. Responsibilities include building models, cleaning data and communicating insights. Required skills: Python, AWS, Excel, SQL.",4.1,"Liberty Mutual
4.1","New York, NY","Baltimore, MD",201 to 500 employees,1870,Subsidiary or Business Segment,Health Care Services & Hospitals,Health Care,$1 to $2 billion (USD),-1,0,0,61,96,78.5,"Liberty Mutual
",NY,0,150,1,0,0,1,1
Research Scientist,$88K-$157K (Glassdoor est.),"Research Scientist
Location: San Francisco, CA

We are looking for a research scientist to join our analytics team. Responsibilities include building models, cleaning data and communicating insights. Required skills: Python, AWS, Excel, SQL.",3.3,"MassMutual
3.3","San Francisco, CA","Arlington, VA",51 to 200 employees,2006,Company - Private,Aerospace & Defense,Aerospace & Defense,$1 to $2 billion (USD),"Guardian Life, Gallup",0,0,88,157,122.5,"MassMutual
",CA,0,14,1,0,0,1,1
Machine Learning Engineer,$27-$52 Per Hour(Glassdoor est.),"Machine Learning Engineer
Location: San Jose, CA

We are looking for a machine learning engineer to join our analytics team. Responsibilities include building models, cleaning data and communicating insights. Required skills: Python, Excel, SQL.",3.3,"PNNL
3.3","San Jose, CA","San Jose, CA",10000+ employees,1989,Subsidiary or Business Segment,Aerospace & Defense,Aerospace & Defense,$10 to $25 million (USD),"Tecolote Research, Novartis",1,0,54,104,79.0,"PNNL
",CA,1,31,1,0,0,0,1
Senior Data Scientist,$90K-$124K (Glassdoor est.),"Senior Data Scientist
Location: Boston, MA

We are looking for a senior data scientist to join our analytics team. Responsibilities include building models, cleaning data and communicating insights. Required skills: Excel, SQL.",3.6,"Logic20/20
3.6","Boston, MA","Cambridge, MA",501 to 1000 employees,1972,Company - Private,Insurance Carriers,Insurance,$100 to $500 million (USD),-1,0,0,90,124,107.0,"Logic20/20
",MA,1,48,0,0,0,0,1
Data Scientist,$57K-$84K (Glassdoor est.),"Data Scientist
Location: Richland, WA

We are looking for a data scientist to join our analytics team. Responsibilities include building models, cleaning data and communicating insights. Required skills: Spark, SQL.",4.1,"Novartis
4.1","Richland, WA","Seattle, WA",1001 to 5000 employees,2008,Company - Public,Advertising & Marketing,Business Services,$1 to $5 million (USD),-1,0,0,57,84,70.5,"Novartis
",WA,1,12,0,0,1,0,0
Machine Learning Engineer,$122K-$208K (Glassdoor est.),"Machine Learning Engineer
Location: Cambridge, MA

We are looking for a machine learning engineer to join our analytics team. Responsibilities include building models, cleaning data and communicating insights. Required skills: Python, Excel, SQL.",4.0,"KnowBe4
4.0","Cambridge, MA","Clearwater, FL",1001 to 5000 employees,1842,Subsidiary or Business Segment,Health Care Services & Hospitals,Health Care,$10+ billion (USD),"Pfizer, Logic20/20",0,0,122,208,165.0,"KnowBe4
",MA,0,178,1,0,0,0,1
Data Analyst,$57K-$85K (Glassdoor est.),"Data Analyst
Location: Chicago, IL

We are looking for a data analyst to join our analytics team. Responsibilities include building models, cleaning data and communicating insights. Required skills: Python, SQL.",3.4,"MassMutual
3.4","Chicago, IL","San Jose, CA",10000+ employees,1917,Company - Public,Health Care Services & Hospitals,Health Care,$100 to $500 million (USD),-1,0,0,57,85,71.0,"MassMutual
",IL,0,103,1,0,0,0,0
Senior Data Scientist,$131K-$210K (Glassdoor est.),"Senior Data Scientist
Location: Boston, MA

We are looking for a senior data scientist to join our analytics team. Responsibilities include building models, cleaning data and communicating insights. Required skills: Python, Excel, SQL.",3.8,"PNNL
3.8","Boston, MA","Tampa, FL",1001 to 5000 employees,1966,Company - Public,IT Services,Information Technology,$10 to $25 million (USD),-1,0,0,131,210,170.5,"PNNL
",MA,0,54,1,0,0,0,1
Data Engineer,$54K-$91K (Glassdoor est.),"Data Engineer
Location: Boston, MA

We are looking for a data engineer to join our analytics team. Responsibilities include building models, cleaning data and communicating insights. Required skills: Python, SQL.",3.1,"Rochester Regional Health
3.1","Boston, MA","Boston, MA",1001 to 5000 employees,1980,Government,Insurance Carriers,Insurance,Unknown / Non-Applicable,-1,0,0,54,91,72.5,"Rochester Regional Health
",MA,1,40,1,0,0,0,0
Data Engineer,$95K-$138K (Glassdoor est.),"Data Engineer
Location: Goleta, CA

We are looking for a data engineer to join our analytics team. Responsibilities include building models, cleaning data and communicating insights. Required skills: Python, Excel, SQL.",3.7,"Numerator
3.7","Goleta, CA","Richland, WA",10000+ employees,1967,Government,IT Services,Information Technology,$10 to $25 million (USD),-1,0,0,95,138,116.5,"Numerator
",CA,0,53,1,0,0,0,1
Lead Data Scientist,$114K-$168K (Glassdoor est.),"Lead Data Scientist
Location: New York, NY

We are looking for a lead data scientist to join our analytics team. Responsibilities include building models, cleaning data and communicating insights. Required skills: Python, Spark, SQL.",2.9,"Walmart
2.9","New York, NY","New York, NY",51 to 200 employees,1954,Company - Public,IT Services,Information Technology,$1 to $2 billion (USD),-1,0,0,114,168,141.0,"Walmart
",NY,1,66,1,0,1,0,0
Data Engineer,$103K-$152K (Glassdoor est.),"Data Engineer
Location: Baltimore, MD

We are looking for a data engineer to join our analytics team. Responsibilities include building models, cleaning data and communicating insights. Required skills: Python, Excel, SQL.",5.0,"MassMutual
5.0","Baltimore, MD","Linthicum, MD",1 to 50 employees,2012,Subsidiary or Business Segment,Security Services,Business Services,$50 to $100 million (USD),-1,0,0,103,152,127.5,"MassMutual
",MD,1,8,1,0,0,0,1
Data Engineer,$76K-$126K (Glassdoor est.),"Data Engineer
Location: New York, NY

We are looking for a data engineer to join our analytics team. Responsibilities include building models, cleaning data and communicating insights. Required skills: AWS, SQL.",4.4,"KnowBe4
4.4","New York, NY","New York, NY",201 to 500 employees,1869,Other Organization,Security Services,Business Services,$1 to $5 million (USD),-1,0,0,76,126,101.0,"KnowBe4
",NY,1,151,0,0,0,1,0
Data Scientist,$93K-$132K (Glassdoor est.),"Data Scientist
Location: Goleta, CA

We are looking for a data scientist to join our analytics team. Responsibilities include building models, cleaning data and communicating insights. Required skills: AWS, Excel, SQL.",2.9,"Pfizer
2.9","Goleta, CA","Goleta, CA",5001 to 10000 employees,2018,Company - Public,Security Services,Business Services,$1 to $2 billion (USD),"Reynolds American, MassMutual",0,0,93,132,112.5,"Pfizer
",CA,1,2,0,0,0,1,1
Lead Data Scientist,$29-$51 Per Hour(Glassdoor est.),"Lead Data Scientist
Location: San Francisco, CA

We are looking for a lead data scientist to join our analytics team. Responsibilities include building models, cleaning data and communicating insights. Required skills: SQL, statistics.",3.7,"University of Maryland Medical System
3.7","San Francisco, CA","San Francisco, CA",10000+ employees,1882,Nonprofit Organization,IT Services,Information Technology,$1 to $2 billion (USD),-1,1,0,58,102,80.0,"University of Maryland Medical System
",CA,1,138,0,0,0,0,0
Lead Data Scientist,$81K-$143K (Glassdoor est.),"Lead Data Scientist
Location: Tampa, FL

We are looking for a lead data scientist to join our analytics team. Responsibilities include building models, cleaning data and communicating insights. Required skills: Spark, AWS, SQL.",3.3,"Takeda
3.3","Tampa, FL","Tampa, FL",10000+ employees,1891,Company - Public,IT Services,Information Technology,Unknown / Non-Applicable,-1,0,0,81,143,112.0,"Takeda
",FL,1,129,0,0,1,1,0
Director of Data Science,$143K-$216K (Glassdoor est.),"Director of Data Science
Location: Chicago, IL

We are looking for a director of data science to join our analytics team. Responsibilities include building models, cleaning data and communicating insights. Required skills: Python, Spark, SQL.",2.8,"Numerator
2.8","Chicago, IL","Chicago, IL",51 to 200 employees,1949,Government,Internet,Information Technology,Unknown / Non-Applicable,-1,0,0,143,216,179.5,"Numerator
",IL,1,71,1,0,1,0,0
Machine Learning Engineer,$106K-$173K (Glassdoor est.),"Machine Learning Engineer
Location: New York, NY

We are looking for a machine learning engineer to join our analytics team. Responsibilities include building models, cleaning data and communicating insights. Required skills: Excel, SQL.",4.6,"Tecolote Research
4.6","New York, NY","Clearwater, FL",201 to 500 employees,-1,Government,Advertising & Marketing,Business Services,$10+ billion (USD),-1,0,0,106,173,139.5,"Tecolote Research
",NY,0,-1,0,0,0,0,1
Senior Data Scientist,$126K-$188K (Glassdoor est.),"Senior Data Scientist
Location: New York, NY

We are looking for a senior data scientist to join our analytics team. Responsibilities include building models, cleaning data and communicating insights. Required skills: Python, SQL.",3.4,"Tecolote Research
3.4","New York, NY","Arlington, VA",5001 to 10000 employees,2008,Other Organization,Internet,Information Technology,$1 to $2 billion (USD),-1,0,0,126,188,157.0,"Tecolote Research
",NY,0,12,1,0,0,0,0
Research Scientist,$85K-$124K (Glassdoor est.),"Research Scientist
Location: Linthicum, MD

We are looking for a research scientist to join our analytics team. Responsibilities include building models, cleaning data and communicating insights. Required skills: Python, SQL.",3.5,"Liberty Mutual
3.5","Linthicum, MD","Baltimore, MD",1 to 50 employees,1905,Company - Public,Computer Hardware & Software,Information Technology,$1 to $2 billion (USD),"ClearOne Advantage, Amazon",0,0,85,124,104.5,"Liberty Mutual
",MD,0,115,1,0,0,0,0
Data Scientist,$107K-$191K (Glassdoor est.),"Data Scientist
Location: Goleta, CA

We are looking for a data scientist to join our analytics team. Responsibilities include building models, cleaning data and communicating insights. Required skills: Python, Spark, Excel, SQL.",3.5,"IBM
3.5","Goleta, CA","San Jose, CA",5001 to 10000 employees,1986,Company - Private,Internet,Information Technology,$10+ billion (USD),"PNNL, Liberty Mutual",0,0,107,191,149.0,"IBM
",CA,1,34,1,0,1,0,1
Data Scientist,$75K-$128K (Glassdoor est.),"Data Scientist
Location: Arlington, VA

We are looking for a data scientist to join our analytics team. Responsibilities include building models, cleaning data and communicating insights. Required skills: AWS, SQL.",3.3,"University of Maryland Medical System
3.3","Arlington, VA","Arlington, VA",1001 to 5000 employees,1869,Subsidiary or Business Segment,Energy,"Oil, Gas, Energy & Utilities",$50 to $100 million (USD),"CyrusOne, Amazon",0,0,75,128,101.5,"University of Maryland Medical System
",VA,1,151,0,0,0,1,0
Senior Data Scientist,$88K-$145K (Glassdoor est.),"Senior Data Scientist
Location: San Francisco, CA

We are looking for a senior data scientist to join our analytics team. Responsibilities include building models, cleaning data and communicating insights. Required skills: SQL, statistics.",3.0,"PNNL
3.0","San Francisco, CA","New York, NY",5001 to 10000 employees,1999,Government,Advertising & Marketing,Business Services,$500 million to $1 billion (USD),-1,0,0,88,145,116.5,"PNNL
",CA,0,21,0,0,0,0,0
Director of Data Science,$143K-$213K (Glassdoor est.),"Director of Data Science
Location: Austin, TX

We are looking for a director of data science to join our analytics team. Responsibilities include building models, cleaning data and communicating insights. Required skills: SQL, statistics.",3.8,"Walmart
3.8","Austin, TX","Dallas, TX",10000+ employees,2007,Subsidiary or Business Segment,Health Care Services & Hospitals,Health Care,$10 to $25 million (USD),-1,0,0,143,213,178.0,"Walmart
",TX,1,13,0,0,0,0,0
Senior Data Scientist,$115K-$198K (Glassdoor est.),"Senior Data Scientist
Location: San Jose, CA

We are looking for a senior data scientist to join our analytics team. Responsibilities include building models, cleaning data and communicating insights. Required skills: Python, Excel, SQL.",-1.0,Affinity Solutions,"San Jose, CA","Dallas, TX",201 to 500 employees,1863,Other Organization,Health Care Services & Hospitals,Health Care,$500 million to $1 billion (USD),-1,0,0,115,198,156.5,Affinity Solutions,CA,0,157,1,0,0,0,1
Data Engineer,$58K-$97K (Glassdoor est.),"Data Engineer
Location: Arlington, VA

We are looking for a data engineer to join our analytics team. Responsibilities include building models, cleaning data and communicating insights. Required skills: AWS, SQL.",3.7,"Gallup
3.7","Arlington, VA","Arlington, VA",201 to 500 employees,1913,Nonprofit Organization,Aerospace & Defense,Aerospace & Defense,$1 to $2 billion (USD),"Walmart, Guardian Life",0,0,58,97,77.5,"Gallup
",VA,1,107,0,0,0,1,0
Data Engineer,$89K-$130K (Glassdoor est.),"Data Engineer
Location: New York, NY

We are looking for a data engineer to join our analytics team. Responsibilities include building models, cleaning data and communicating insights. Required skills: Python, Excel, SQL.",4.5,"PNNL
4.5","New York, NY","New York, NY",51 to 200 employees,-1,Company - Public,Health Care Services & Hospitals,Health Care,$50 to $100 million (USD),-1,0,0,89,130,109.5,"PNNL
",NY,1,-1,1,0,0,0,1
Data Scientist,$48K-$70K (Glassdoor est.),"Data Scientist
Location: Arlington, VA

We are looking for a data scientist to join our analytics team. Responsibilities include building models, cleaning data and communicating insights. Required skills: Spark, AWS, Excel, SQL.",3.3,"Liberty Mutual
3.3","Arlington, VA","Arlington, VA",201 to 500 employees,1939,Company - Private,Energy,"Oil, Gas, Energy & Utilities",$1 to $2 billion (USD),-1,0,0,48,70,59.0,"Liberty Mutual
",VA,1,81,0,0,1,1,1
Data Analyst,$53K-$80K (Glassdoor est.),"Data Analyst
Location: Arlington, VA

We are looking for a data analyst to join our analytics team. Responsibilities include building models, cleaning data and communicating insights. Required skills: SQL, statistics.",4.3,"MassMutual
4.3","Arlington, VA","Arlington, VA",1001 to 5000 employees,1908,Nonprofit Organization,Security Services,Business Services,Unknown / Non-Applicable,-1,0,0,53,80,66.5,"MassMutual
",VA,1,112,0,0,0,0,0
Research Scientist,$84K-$142K (Glassdoor est.),"Research Scientist
Location: Seattle, WA

We are looking for a research scientist to join our analytics team. Responsibilities include building models, cleaning data and communicating insights. Required skills: Excel, SQL.",4.9,"Logic20/20
4.9","Seattle, WA","Richland, WA",1 to 50 employees,1965,Company - Public,Insurance Carriers,Insurance,$10 to $25 million (USD),-1,0,0,84,142,113.0,"Logic20/20
",WA,1,55,0,0,0,0,1
Data Scientist,$22-$36 Per Hour(Glassdoor est.),"Data Scientist
Location: Austin, TX

We are looking for a data scientist to join our analytics team. Responsibilities include building models, cleaning data and communicating insights. Required skills: Excel, SQL.",4.0,"PNNL
4.0","Austin, TX","Dallas, TX",5001 to 10000 employees,1915,Other Organization,Insurance Carriers,Insurance,Unknown / Non-Applicable,"Tecolote Research, Blue Cross Blue Shield",1,0,44,72,58.0,"PNNL
",TX,1,105,0,0,0,0,1
Data Engineer,$96K-$158K (Glassdoor est.),"Data Engineer
Location: Tampa, FL

We are looking for a data engineer to join our analytics team. Responsibilities include building models, cleaning data and communicating insights. Required skills: Python, SQL.",2.9,"Rochester Regional Health
2.9","Tampa, FL","Tampa, FL",201 to 500 employees,1951,Company - Private,Advertising & Marketing,Business Services,$500 million to $1 billion (USD),-1,0,0,96,158,127.0,"Rochester Regional Health
",FL,1,69,1,0,0,0,0
Data Scientist,$105K-$166K (Glassdoor est.),"Data Scientist
Location: Richland, WA

We are looking for a data scientist to join our analytics team. Responsibilities include building models, cleaning data and communicating insights. Required skills: Python, Spark, Excel, SQL.",3.5,"Lockheed Martin
3.5","Richland, WA","Clearwater, FL",51 to 200 employees,1867,Government,Biotech & Pharmaceuticals,Biotech & Pharmaceuticals,$500 million to $1 billion (USD),"Visa, University of Maryland Medical System",0,0,105,166,135.5,"Lockheed Martin
",WA,0,153,1,0,1,0,1
Machine Learning Engineer,$106K-$187K (Glassdoor est.),"Machine Learning Engineer
Location: Austin, TX

We are looking for a machine learning engineer to join our analytics team. Responsibilities include building models, cleaning data and communicating insights. Required skills: Excel, SQL.",4.3,"Guardian Life
4.3","Austin, TX","Dallas, TX",1001 to 5000 employees,1975,Company - Public,Biotech & Pharmaceuticals,Biotech & Pharmaceuticals,Unknown / Non-Applicable,-1,0,0,106,187,146.5,"Guardian Life
",TX,1,45,0,0,0,0,1
Data Scientist,$34-$50 Per Hour(Glassdoor est.),"Data Scientist
Location: Boston, MA

We are looking for a data scientist to join our analytics team. Responsibilities include building models, cleaning data and communicating insights. Required skills: Spark, SQL.",3.1,"CyrusOne
3.1","Boston, MA","Boston, MA",201 to 500 employees,1909,Other Organization,Insurance Carriers,Insurance,$100 to $500 million (USD),"KnowBe4, Novartis",1,0,68,100,84.0,"CyrusOne
",MA,1,111,0,0,1,0,0
Senior Data Scientist,$81K-$141K (Glassdoor est.),"Senior Data Scientist
Location: Richland, WA

We are looking for a senior data scientist to join our analytics team. Responsibilities include building models, cleaning data and communicating insights. Required skills: AWS, Excel, SQL.",2.9,"Blue Cross Blue Shield
2.9","Richland, WA","Richland, WA",501 to 1000 employees,-1,Other Organization,Biotech & Pharmaceuticals,Biotech & Pharmaceuticals,$10+ billion (USD),-1,0,0,81,141,111.0,"Blue Cross Blue Shield
",WA,1,-1,0,0,0,1,1
Research Scientist,$97K-$145K (Glassdoor est.),"Research Scientist
Location: San Francisco, CA

We are looking for a research scientist to join our analytics team. Responsibilities include building models, cleaning data and communicating insights. Required skills: AWS, SQL.",3.9,"Reynolds American
3.9","San Francisco, CA","San Francisco, CA",1 to 50 employees,1983,Subsidiary or Business Segment,Aerospace & Defense,Aerospace & Defense,$10 to $25 million (USD),-1,0,0,97,145,121.0,"Reynolds American
",CA,1,37,0,0,0,1,0
Data Engineer,$55K-$96K (Glassdoor est.),"Data Engineer
Location: Seattle, WA

We are looking for a data engineer to join our analytics team. Responsibilities include building models, cleaning data and communicating insights. Required skills: Python, Excel, SQL.",3.6,"Pfizer
3.6","Seattle, WA","Seattle, WA",1 to 50 employees,1845,Government,Internet,Information Technology,$100 to $500 million (USD),-1,0,0,55,96,75.5,"Pfizer
",WA,1,175,1,0,0,0,1
Research Scientist,$87K-$127K (Glassdoor est.),"Research Scientist
Location: New York, NY

We are looking for a research scientist to join our analytics team. Responsibilities include building models, cleaning data and communicating insights. Required skills: AWS, SQL.",3.0,"Numerator
3.0","New York, NY","New York, NY",1001 to 5000 employees,1919,Company - Public,Energy,"Oil, Gas, Energy & Utilities",$1 to $2 billion (USD),"Visa, Pfizer",0,0,87,127,107.0,"Numerator
",NY,1,101,0,0,0,1,0
Data Engineer,$89K-$162K (Glassdoor est.),"Data Engineer
Location: Arlington, VA

We are looking for a data engineer to join our analytics team. Responsibilities include building models, cleaning data and communicating insights. Required skills: Python, Excel, SQL.",3.4,"CyrusOne
3.4","Arlington, VA","Goleta, CA",1 to 50 employees,1941,Company - Private,Security Services,Business Services,$1 to $2 billion (USD),"Affinity Solutions, Pfizer",0,0,89,162,125.5,"CyrusOne
",VA,0,79,1,0,0,0,1
Lead Data Scientist,$98K-$161K (Glassdoor est.),"Lead Data Scientist
Location: Clearwater, FL

We are looking for a lead data scientist to join our analytics team. Responsibilities include building models, cleaning data and communicating insights. Required skills: Spark, SQL.",3.8,"Amazon
3.8","Clearwater, FL","Albuquerque, NM",1 to 50 employees,2004,Other Organization,Insurance Carriers,Insurance,$10+ billion (USD),-1,0,0,98,161,129.5,"Amazon
",FL,0,16,0,0,1,0,0
Senior Data Scientist,$106K-$180K (Glassdoor est.),"Senior Data Scientist
Location: Chicago, IL

We are looking for a senior data scientist to join our analytics team. Responsibilities include building models, cleaning data and communicating insights. Required skills: AWS, Excel, SQL.",2.9,"Reynolds American
2.9","Chicago, IL","Chicago, IL",201 to 500 employees,1863,Company - Public,Health Care Services & Hospitals,Health Care,$10+ billion (USD),"MassMutual, Numerator",0,0,106,180,143.0,"Reynolds American
",IL,1,157,0,0,0,1,1
Data Analyst,$57K-$92K (Glassdoor est.),"Data Analyst
Location: Arlington, VA

We are looking for a data analyst to join our analytics team. Responsibilities include building models, cleaning data and communicating insights. Required skills: Python, Excel, SQL.",3.3,"Liberty Mutual
3.3","Arlington, VA","Arlington, VA",10000+ employees,1927,Other Organization,Insurance Carriers,Insurance,Unknown / Non-Applicable,-1,0,0,57,92,74.5,"Liberty Mutual
",VA,1,93,1,0,0,0,1
Research Scientist,$66K-$110K (Glassdoor est.),"Research Scientist
Location: Tampa, FL

We are looking for a research scientist to join our analytics team. Responsibilities include building models, cleaning data and communicating insights. Required skills: Python, Excel, SQL.",-1.0,Gallup,"Tampa, FL","Tampa, FL",5001 to 10000 employees,1880,Company - Private,Insurance Carriers,Insurance,$100 to $500 million (USD),-1,0,0,66,110,88.0,Gallup,FL,1,140,1,0,0,0,1
Data Scientist,$113K-$181K (Glassdoor est.),"Data Scientist
Location: San Francisco, CA

We are looking for a data scientist to join our analytics team. Responsibilities include building models, cleaning data and communicating insights. Required skills: AWS, Excel, SQL.",2.8,"Guardian Life
2.8","San Francisco, CA","Albuquerque, NM",1 to 50 employees,-1,Nonprofit Organization,Computer Hardware & Software,Information Technology,$50 to $100 million (USD),"Pfizer, Logic20/20",0,0,113,181,147.0,"Guardian Life
",CA,0,-1,0,0,0,1,1
Healthcare Data Scientist,$86K-$161K (Glassdoor est.),"Healthcare Data Scientist
Location: Seattle, WA

We are looking for a healthcare data scientist to join our analytics team. Responsibilities include building models, cleaning data and communicating insights. Required skills: Python, Excel, SQL.",3.7,"Amazon
3.7","Seattle, WA","Seattle, WA",501 to 1000 employees,1976,Other Organization,Internet,Information Technology,$500 million to $1 billion (USD),"Pfizer, Gallup",0,0,86,161,123.5,"Amazon
",WA,1,44,1,0,0,0,1
Data Analyst,$51K-$89K (Glassdoor est.),"Data Analyst
Location: Chicago, IL

We are looking for a data analyst to join our analytics team. Responsibilities include building models, cleaning data and communicating insights. Required skills: Spark, Excel, SQL.",3.1,"Amazon
3.1","Chicago, IL","Chicago, IL",51 to 200 employees,1907,Subsidiary or Business Segment,Energy,"Oil, Gas, Energy & Utilities",$1 to $5 million (USD),"Lockheed Martin, Novartis",0,0,51,89,70.0,"Amazon
",IL,1,113,0,0,1,0,1
Data Analyst,$50K-$75K (Glassdoor est.),"Data Analyst
Location: Boston, MA

We are looking for a data analyst to join our analytics team. Responsibilities include building models, cleaning data and communicating insights. Required skills: Python, AWS, SQL.",3.5,"Visa
3.5","Boston, MA","Albuquerque, NM",51 to 200 employees,1953,Company - Public,Advertising & Marketing,Business Services,$1 to $5 million (USD),-1,0,0,50,75,62.5,"Visa
",MA,0,67,1,0,0,1,0
Machine Learning Engineer,$143K-$225K (Glassdoor est.),"Machine Learning Engineer
Location: San Jose, CA

We are looking for a machine learning engineer to join our analytics team. Responsibilities include building models, cleaning data and communicating insights. Required skills: Python, AWS, Excel, SQL.",3.5,"Logic20/20
3.5","San Jose, CA","San Francisco, CA",51 to 200 employees,1960,Other Organization,Energy,"Oil, Gas, Energy & Utilities",$1 to $2 billion (USD),-1,0,0,143,225,184.0,"Logic20/20
",CA,1,60,1,0,0,1,1
Healthcare Data Scientist,$64K-$111K (Glassdoor est.),"Healthcare Data Scientist
Location: San Jose, CA

We are looking for a healthcare data scientist to join our analytics team. Responsibilities include building models, cleaning data and communicating insights. Required skills: Python, SQL.",3.0,"Affinity Solutions
3.0","San Jose, CA","San Jose, CA",1 to 50 employees,1859,Company - Private,Biotech & Pharmaceuticals,Biotech & Pharmaceuticals,Unknown / Non-Applicable,-1,0,0,64,111,87.5,"Affinity Solutions
",CA,1,161,1,0,0,0,0
Data Engineer,$82K-$138K (Glassdoor est.),"Data Engineer
Location: Goleta, CA

We are looking for a data engineer to join our analytics team. Responsibilities include building models, cleaning data and communicating insights. Required skills: Excel, SQL.",4.8,"Takeda
4.8","Goleta, CA","San Jose, CA",10000+ employees,1934,Company - Private,Biotech & Pharmaceuticals,Biotech & Pharmaceuticals,$10 to $25 million (USD),"PNNL, Affinity Solutions",0,0,82,138,110.0,"Takeda
",CA,1,86,0,0,0,0,1
Research Scientist,$134K-$189K (Glassdoor est.),"Research Scientist
Location: Arlington, VA

We are looking for a research scientist to join our analytics team. Responsibilities include building models, cleaning data and communicating insights. Required skills: SQL, statistics.",4.6,"Lockheed Martin
4.6","Arlington, VA","Arlington, VA",201 to 500 employees,1934,Company - Private,Aerospace & Defense,Aerospace & Defense,Unknown / Non-Applicable,-1,0,0,134,189,161.5,"Lockheed Martin
",VA,1,86,0,0,0,0,0
Data Scientist,$80K-$141K (Glassdoor est.),"Data Scientist
Location: Boston, MA

We are looking for a data scientist to join our analytics team. Responsibilities include building models, cleaning data and communicating insights. Required skills: Spark, SQL.",4.2,"University of Maryland Medical System
4.2","Boston, MA","Boston, MA",201 to 500 employees,-1,Company - Public,IT Services,Information Technology,$100 to $500 million (USD),-1,0,0,80,141,110.5,"University of Maryland Medical System
",MA,0,-1,0,0,1,0,0
Data Scientist,$104K-$201K (Glassdoor est.),"Data Scientist
Location: Albuquerque, NM

We are looking for a data scientist to join our analytics team. Responsibilities include building models, cleaning data and communicating insights. Required skills: Python, SQL.",3.3,"Tecolote Research
3.3","Albuquerque, NM","Albuquerque, NM",5001 to 10000 employees,1960,Nonprofit Organization,Insurance Carriers,Insurance,$10+ billion (USD),"Liberty Mutual, Affinity Solutions",0,0,104,201,152.5,"Tecolote Research
",NM,1,60,1,0,0,0,0
Data Scientist,$94K-$154K (Glassdoor est.),"Data Scientist
Location: Seattle, WA

We are looking for a data scientist to join our analytics team. Responsibilities include building models, cleaning data and communicating insights. Required skills: Python, AWS, Excel, SQL.",2.6,"MassMutual
2.6","Seattle, WA","Albuquerque, NM",1 to 50 employees,2010,Company - Private,Aerospace & Defense,Aerospace & Defense,$500 million to $1 billion (USD),-1,0,0,94,154,124.0,"MassMutual
",WA,0,10,1,0,0,1,1
Senior Data Scientist,$88K-$128K (Glassdoor est.),"Senior Data Scientist
Location: Richland, WA

We are looking for a senior data scientist to join our analytics team. Responsibilities include building models, cleaning data and communicating insights. Required skills: Python, Excel, SQL.",3.6,"Amazon
3.6","Richland, WA","Seattle, WA",1001 to 5000 employees,1840,Company - Private,Energy,"Oil, Gas, Energy & Utilities",$100 to $500 million (USD),-1,0,0,88,128,108.0,"Amazon
",WA,1,180,1,0,0,0,1
Data Scientist,$93K-$156K (Glassdoor est.),"Data Scientist
Location: San Francisco, CA

We are looking for a data scientist to join our analytics team. Responsibilities include building models, cleaning data and communicating insights. Required skills: Excel, SQL.",3.2,"KnowBe4
3.2","San Francisco, CA","San Jose, CA",201 to 500 employees,1896,Subsidiary or Business Segment,Internet,Information Technology,$10+ billion (USD),-1,0,0,93,156,124.5,"KnowBe4
",CA,0,124,0,0,0,0,1
Data Scientist,$25-$36 Per Hour(Glassdoor est.),"Data Scientist
Location: Dallas, TX

We are looking for a data scientist to join our analytics team. Responsibilities include building models, cleaning data and communicating insights. Required skills: Spark, Excel, SQL.",3.9,"University of Maryland Medical System
3.9","Dallas, TX","Austin, TX",201 to 500 employees,1908,Company - Private,Aerospace & Defense,Aerospace & Defense,$500 million to $1 billion (USD),-1,1,0,50,72,61.0,"University of Maryland Medical System
",TX,1,112,0,0,1,0,1
Data Analyst,$78K-$117K (Glassdoor est.),"Data Analyst
Location: Chicago, IL

We are looking for a data analyst to join our analytics team. Responsibilities include building models, cleaning data and communicating insights. Required skills: Python, Excel, SQL.",3.6,"Pfizer
3.6","Chicago, IL","Chicago, IL",1 to 50 employees,1896,Subsidiary or Business Segment,Aerospace & Defense,Aerospace & Defense,$1 to $2 billion (USD),"Rochester Regional Health, Guardian Life",0,0,78,117,97.5,"Pfizer
",IL,1,124,1,0,0,0,1
Lead Data Scientist,$77K-$139K (Glassdoor est.),"Lead Data Scientist
Location: New York, NY

We are looking for a lead data scientist to join our analytics team. Responsibilities include building models, cleaning data and communicating insights. Required skills: Spark, Excel, SQL.",2.8,"Novartis
2.8","New York, NY","New York, NY",10000+ employees,1857,Other Organization,Health Care Services & Hospitals,Health Care,$1 to $2 billion (USD),-1,0,0,77,139,108.0,"Novartis
",NY,1,163,0,0,1,0,1
Data Scientist,$73K-$124K (Glassdoor est.),"Data Scientist
Location: Chicago, IL

We are looking for a data scientist to join our analytics team. Responsibilities include building models, cleaning data and communicating insights. Required skills: Python, SQL.",4.2,"MassMutual
4.2","Chicago, IL","Arlington, VA",10000+ employees,1883,Company - Public,Biotech & Pharmaceuticals,Biotech & Pharmaceuticals,Unknown / Non-Applicable,-1,0,0,73,124,98.5,"MassMutual
",IL,0,137,1,0,0,0,0
Senior Data Scientist,$99K-$165K (Glassdoor est.),"Senior Data Scientist
Location: Austin, TX

We are looking for a senior data scientist to join our analytics team. Responsibilities include building models, cleaning data and communicating insights. Required skills: AWS, SQL.",4.6,"Logic20/20
4.6","Austin, TX","Austin, TX",1001 to 5000 employees,1854,Other Organization,Health Care Services & Hospitals,Health Care,$1 to $2 billion (USD),-1,0,0,99,165,132.0,"Logic20/20
",TX,1,166,0,0,0,1,0
Data Scientist,$94K-$144K (Glassdoor est.),"Data Scientist
Location: New York, NY

We are looking for a data scientist to join our analytics team. Responsibilities include building models, cleaning data and communicating insights. Required skills: Python, AWS, SQL.",3.6,"Visa
3.6","New York, NY","Albuquerque, NM",10000+ employees,1913,Subsidiary or Business Segment,Insurance Carriers,Insurance,$50 to $100 million (USD),"Logic20/20, Blue Cross Blue Shield",0,0,94,144,119.0,"Visa
",NY,0,107,1,0,0,1,0
Research Scientist,$56K-$95K (Glassdoor est.),"Research Scientist
Location: Albuquerque, NM

We are looking for a research scientist to join our analytics team. Responsibilities include building models, cleaning data and communicating insights. Required skills: Excel, SQL.",2.8,"Liberty Mutual
2.8","Albuquerque, NM","Albuquerque, NM",5001 to 10000 employees,1844,Company - Public,Health Care Services & Hospitals,Health Care,Unknown / Non-Applicable,-1,0,0,56,95,75.5,"Liberty Mutual
",NM,1,176,0,0,0,0,1
Senior Data Scientist,$78K-$137K (Glassdoor est.),"Senior Data Scientist
Location: Clearwater, FL

We are looking for a senior data scientist to join our analytics team. Responsibilities include building models, cleaning data and communicating insights. Required skills: SQL, statistics.",3.9,"University of Maryland Medical System
3.9","Clearwater, FL","Goleta, CA",51 to 200 employees,1882,Nonprofit Organization,Advertising & Marketing,Business Services,Unknown / Non-Applicable,"Walmart, ClearOne Advantage",0,0,78,137,107.5,"University of Maryland Medical System
",FL,0,138,0,0,0,0,0
Data Analyst,$50K-$88K (Glassdoor est.),"Data Analyst
Location: New York, NY

We are looking for a data analyst to join our analytics team. Responsibilities include building models, cleaning data and communicating insights. Required skills: Spark, Excel, SQL.",4.3,"Gallup
4.3","New York, NY","Dallas, TX",201 to 500 employees,1902,Other Organization,IT Services,Information Technology,$1 to $5 million (USD),-1,0,0,50,88,69.0,"Gallup
",NY,0,118,0,0,1,0,1
Data Scientist,$59K-$97K (Glassdoor est.),"Data Scientist
Location: Cambridge, MA

We are looking for a data scientist to join our analytics team. Responsibilities include building models, cleaning data and communicating insights. Required skills: Spark, SQL.",3.7,"Takeda
3.7","Cambridge, MA","Boston, MA",201 to 500 employees,1830,Government,Energy,"Oil, Gas, Energy & Utilities",$1 to $5 million (USD),-1,0,0,59,97,78.0,"Takeda
",MA,1,190,0,0,1,0,0
Research Scientist,$59K-$95K (Glassdoor est.),"Research Scientist
Location: New York, NY

We are looking for a research scientist to join our analytics team. Responsibilities include building models, cleaning data and communicating insights. Required skills: Python, AWS, SQL.",3.6,"PNNL
3.6","New York, NY","New York, NY",51 to 200 employees,1833,Company - Public,Energy,"Oil, Gas, Energy & Utilities",Unknown / Non-Applicable,-1,0,0,59,95,77.0,"PNNL
",NY,1,187,1,0,0,1,0
Data Scientist,$81K-$132K (Glassdoor est.),"Data Scientist
Location: Cambridge, MA

We are looking for a data scientist to join our analytics team. Responsibilities include building models, cleaning data and communicating insights. Required skills: SQL, statistics.",2.9,"ClearOne Advantage
2.9","Cambridge, MA","Albuquerque, NM",1 to 50 employees,1909,Other Organization,Computer Hardware & Software,Information Technology,$100 to $500 million (USD),-1,0,0,81,132,106.5,"ClearOne Advantage
",MA,0,111,0,0,0,0,0
Data Scientist,$112K-$155K (Glassdoor est.),"Data Scientist
Location: Tampa, FL

We are looking for a data scientist to join our analytics team. Responsibilities include building models, cleaning data and communicating insights. Required skills: SQL, statistics.",3.9,"ClearOne Advantage
3.9","Tampa, FL","Clearwater, FL",5001 to 10000 employees,2018,Company - Private,Advertising & Marketing,Business Services,$1 to $2 billion (USD),-1,0,0,112,155,133.5,"ClearOne Advantage
",FL,1,2,0,0,0,0,0
Research Scientist,$104K-$170K (Glassdoor est.),"Research Scientist
Location: Dallas, TX

We are looking for a research scientist to join our analytics team. Responsibilities include building models, cleaning data and communicating insights. Required skills: Spark, Excel, SQL.",3.9,"Rochester Regional Health
3.9","Dallas, TX","Chicago, IL",201 to 500 employees,1886,Company - Public,Security Services,Business Services,$1 to $5 million (USD),-1,0,0,104,170,137.0,"Rochester Regional Health
",TX,0,134,0,0,1,0,1
Data Analyst,$82K-$123K (Glassdoor est.),"Data Analyst
Location: San Jose, CA

We are looking for a data analyst to join our analytics team. Responsibilities include building models, cleaning data and communicating insights. Required skills: Python, SQL.",4.0,"MassMutual
4.0","San Jose, CA","Arlington, VA",5001 to 10000 employees,1873,Other Organization,Biotech & Pharmaceuticals,Biotech & Pharmaceuticals,$50 to $100 million (USD),-1,0,0,82,123,102.5,"MassMutual
",CA,0,147,1,0,0,0,0
Data Scientist,$85K-$144K (Glassdoor est.),"Data Scientist
Location: San Jose, CA

We are looking for a data scientist to join our analytics team. Responsibilities include building models, cleaning data and communicating insights. Required skills: Python, Excel, SQL.",3.5,"Lockheed Martin
3.5","San Jose, CA","Goleta, CA",51 to 200 employees,-1,Company - Public,IT Services,Information Technology,$500 million to $1 billion (USD),-1,0,0,85,144,114.5,"Lockheed Martin
",CA,1,-1,1,0,0,0,1
Research Scientist,$137K-$186K (Glassdoor est.),"Research Scientist
Location: Tampa, FL

We are looking for a research scientist to join our analytics team. Responsibilities include building models, cleaning data and communicating insights. Required skills: SQL, statistics.",3.3,"Amazon
3.3","Tampa, FL","Seattle, WA",5001 to 10000 employees,1835,Government,Aerospace & Defense,Aerospace & Defense,$1 to $5 million (USD),-1,0,0,137,186,161.5,"Amazon
",FL,0,185,0,0,0,0,0
Research Scientist,$110K-$160K (Glassdoor est.),"Research Scientist
Location: Clearwater, FL

We are looking for a research scientist to join our analytics team. Responsibilities include building models, cleaning data and communicating insights. Required skills: Python, Spark, SQL.",-1.0,PNNL,"Clearwater, FL","Tampa, FL",1001 to 5000 employees,1864,Government,Energy,"Oil, Gas, Energy & Utilities",Unknown / Non-Applicable,-1,0,0,110,160,135.0,PNNL,FL,1,156,1,0,1,0,0
Senior Data Scientist,$83K-$131K (Glassdoor est.),"Senior Data Scientist
Location: Tampa, FL

We are looking for a senior data scientist to join our analytics team. Responsibilities include building models, cleaning data and communicating insights. Required skills: Python, Spark, AWS, Excel, SQL.",3.7,"CyrusOne
3.7","Tampa, FL","Clearwater, FL",1001 to 5000 employees,1956,Other Organization,Security Services,Business Services,$500 million to $1 billion (USD),-1,0,0,83,131,107.0,"CyrusOne
",FL,1,64,1,0,1,1,1
Data Scientist,$78K-$120K (Glassdoor est.),"Data Scientist
Location: Chicago, IL

We are looking for a data scientist to join our analytics team. Responsibilities include building models, cleaning data and communicating insights. Required skills: Python, AWS, Excel, SQL.",2.9,"Takeda
2.9","Chicago, IL","Chicago, IL",201 to 500 employees,1887,Company - Public,Insurance Carriers,Insurance,$1 to $2 billion (USD),-1,0,0,78,120,99.0,"Takeda
",IL,1,133,1,0,0,1,1
Data Analyst,$66K-$111K (Glassdoor est.),"Data Analyst
Location: Boston, MA

We are looking for a data analyst to join our analytics team. Responsibilities include building models, cleaning data and communicating insights. Required skills: Python, Spark, SQL.",4.0,"University of Maryland Medical System
4.0","Boston, MA","Goleta, CA",201 to 500 employees,1937,Other Organization,IT Services,Information Technology,$500 million to $1 billion (USD),-1,0,0,66,111,88.5,"University of Maryland Medical System
",MA,0,83,1,0,1,0,0
Senior Data Scientist,$103K-$176K (Glassdoor est.),"Senior Data Scientist
Location: New York, NY

We are looking for a senior data scientist to join our analytics team. Responsibilities include building models, cleaning data and communicating insights. Required skills: Python, Excel, SQL.",3.4,"Affinity Solutions
3.4","New York, NY","Albuquerque, NM",51 to 200 employees,1864,Nonprofit Organization,Energy,"Oil, Gas, Energy & Utilities",$100 to $500 million (USD),-1,0,0,103,176,139.5,"Affinity Solutions
",NY,0,156,1,0,0,0,1
Senior Data Scientist,$63K-$106K (Glassdoor est.),"Senior Data Scientist
Location: Dallas, TX

We are looking for a senior data scientist to join our analytics team. Responsibilities include building models, cleaning data and communicating insights. Required skills: Excel, SQL.",-1.0,PNNL,"Dallas, TX","Richland, WA",1001 to 5000 employees,1972,Company - Public,Computer Hardware & Software,Information Technology,$500 million to $1 billion (USD),"Amazon, KnowBe4",0,0,63,106,84.5,PNNL,TX,0,48,0,0,0,0,1
Data Scientist,$94K-$150K (Glassdoor est.),"Data Scientist
Location: San Francisco, CA

We are looking for a data scientist to join our analytics team. Responsibilities include building models, cleaning data and communicating insights. Required skills: Excel, SQL.",4.3,"Affinity Solutions
4.3","San Francisco, CA","San Jose, CA",1 to 50 employees,1889,Government,IT Services,Information Technology,$500 million to $1 billion (USD),-1,0,0,94,150,122.0,"Affinity Solutions
",CA,1,131,0,0,0,0,1
Data Engineer,$95K-$131K (Glassdoor est.),"Data Engineer
Location: Albuquerque, NM

We are looking for a data engineer to join our analytics team. Responsibilities include building models, cleaning data and communicating insights. Required skills: Python, SQL.",4.8,"Takeda
4.8","Albuquerque, NM","Dallas, TX",5001 to 10000 employees,1884,Subsidiary or Business Segment,IT Services,Information Technology,$1 to $2 billion (USD),"Takeda, Amazon",0,0,95,131,113.0,"Takeda
",NM,0,136,1,0,0,0,0
Data Scientist,$71K-$118K (Glassdoor est.),"Data Scientist
Location: New York, NY

We are looking for a data scientist to join our analytics team. Responsibilities include building models, cleaning data and communicating insights. Required skills: Python, AWS, Excel, SQL.",2.6,"Liberty Mutual
2.6","New York, NY","New York, NY",51 to 200 employees,1963,Government,Advertising & Marketing,Business Services,$10 to $25 million (USD),-1,0,0,71,118,94.5,"Liberty Mutual
",NY,0,57,1,0,0,1,1
Machine Learning Engineer,$138K-$214K (Glassdoor est.),"Machine Learning Engineer
Location: Arlington, VA

We are looking for a machine learning engineer to join our analytics team. Responsibilities include building models, cleaning data and communicating insights. Required skills: SQL, statistics.",4.2,"Walmart
4.2","Arlington, VA","Chicago, IL",501 to 1000 employees,1840,Company - Public,Security Services,Business Services,$500 million to $1 billion (USD),"Rochester Regional Health, Walmart",0,0,138,214,176.0,"Walmart
",VA,0,180,0,0,0,0,0
Research Scientist,$80K-$132K (Glassdoor est.),"Research Scientist
Location: Dallas, TX

We are looking for a research scientist to join our analytics team. Responsibilities include building models, cleaning data and communicating insights. Required skills: SQL, statistics.",4.3,"Guardian Life
4.3","Dallas, TX","Arlington, VA",10000+ employees,1858,Subsidiary or Business Segment,Aerospace & Defense,Aerospace & Defense,$100 to $500 million (USD),"ClearOne Advantage, Tecolote Research",0,0,80,132,106.0,"Guardian Life
",TX,0,162,0,0,0,0,0
Data Scientist,$83K-$147K (Glassdoor est.),"Data Scientist
Location: San Francisco, CA

We are looking for a data scientist to join our analytics team. Responsibilities include building models, cleaning data and communicating insights. Required skills: Python, Spark, SQL.",3.4,"ClearOne Advantage
3.4","San Francisco, CA","San Francisco, CA",1001 to 5000 employees,2015,Company - Private,Computer Hardware & Software,Information Technology,$1 to $2 billion (USD),-1,0,0,83,147,115.0,"ClearOne Advantage
",CA,1,5,1,0,1,0,0
Machine Learning Engineer,$81K-$148K (Glassdoor est.),"Machine Learning Engineer
Location: Boston, MA

We are looking for a machine learning engineer to join our analytics team. Responsibilities include building models, cleaning data and communicating insights. Required skills: Spark, SQL.",4.0,"Reynolds American
4.0","Boston, MA","Boston, MA",1001 to 5000 employees,1846,Nonprofit Organization,Aerospace & Defense,Aerospace & Defense,$1 to $5 million (USD),-1,0,0,81,148,114.5,"Reynolds American
",MA,1,174,0,0,1,0,0
Data Scientist,$86K-$135K (Glassdoor est.),"Data Scientist
Location: New York, NY

We are looking for a data scientist to join our analytics team. Responsibilities include building models, cleaning data and communicating insights. Required skills: Python, Excel, SQL.",3.6,"MassMutual
3.6","New York, NY","Chicago, IL",1 to 50 employees,1880,Company - Private,Energy,"Oil, Gas, Energy & Utilities",$10+ billion (USD),-1,0,0,86,135,110.5,"MassMutual
",NY,0,140,1,0,0,0,1
Machine Learning Engineer,$84K-$146K (Glassdoor est.),"Machine Learning Engineer
Location: Chicago, IL

We are looking for a machine learning engineer to join our analytics team. Responsibilities include building models, cleaning data and communicating insights. Required skills: Python, Spark, Excel, SQL.",3.2,"PNNL
3.2","Chicago, IL","Chicago, IL",5001 to 10000 employees,1906,Company - Public,Aerospace & Defense,Aerospace & Defense,$10 to $25 million (USD),-1,0,0,84,146,115.0,"PNNL
",IL,0,114,1,0,1,0,1
Data Scientist,$90K-$149K (Glassdoor est.),"Data Scientist
Location: Goleta, CA

We are looking for a data scientist to join our analytics team. Responsibilities include building models, cleaning data and communicating insights. Required skills: AWS, Excel, SQL.",4.4,"PNNL
4.4","Goleta, CA","Goleta, CA",51 to 200 employees,2013,Government,Insurance Carriers,Insurance,$1 to $5 million (USD),"Novartis, Blue Cross Blue Shield",0,0,90,149,119.5,"PNNL
",CA,1,7,0,0,0,1,1
Research Scientist,$22-$39 Per Hour(Glassdoor est.),"Research Scientist
Location: Goleta, CA

We are looking for a research scientist to join our analytics team. Responsibilities include building models, cleaning data and communicating insights. Required skills: Python, Excel, SQL.",-1.0,Reynolds American,"Goleta, CA","Arlington, VA",1001 to 5000 employees,1843,Other Organization,Advertising & Marketing,Business Services,$10+ billion (USD),-1,1,0,44,78,61.0,Reynolds American,CA,0,177,1,0,0,0,1
Research Scientist,$30-$47 Per Hour(Glassdoor est.),"Research Scientist
Location: San Francisco, CA

We are looking for a research scientist to join our analytics team. Responsibilities include building models, cleaning data and communicating insights. Required skills: Python, AWS, Excel, SQL.",3.8,"Novartis
3.8","San Francisco, CA","Tampa, FL",5001 to 10000 employees,1907,Company - Public,Computer Hardware & Software,Information Technology,Unknown / Non-Applicable,-1,1,0,60,94,77.0,"Novartis
",CA,0,113,1,0,0,1,1
Data Scientist,$80K-$145K (Glassdoor est.),"Data Scientist
Location: Arlington, VA

We are looking for a data scientist to join our analytics team. Responsibilities include building models, cleaning data and communicating insights. Required skills: Python, SQL.",4.5,"Affinity Solutions
4.5","Arlington, VA","Arlington, VA",5001 to 10000 employees,1912,Company - Public,Energy,"Oil, Gas, Energy & Utilities",$100 to $500 million (USD),-1,0,0,80,145,112.5,"Affinity Solutions
",VA,1,108,1,0,0,0,0
Data Scientist,$110K-$173K (Glassdoor est.),"Data Scientist
Location: Linthicum, MD

We are looking for a data scientist to join our analytics team. Responsibilities include building models, cleaning data and communicating insights. Required skills: Excel, SQL.",3.1,"Logic20/20
3.1","Linthicum, MD","Cambridge, MA",51 to 200 employees,1935,Subsidiary or Business Segment,Energy,"Oil, Gas, Energy & Utilities",$100 to $500 million (USD),-1,0,0,110,173,141.5,"Logic20/20
",MD,0,85,0,0,0,0,1
Data Scientist,$86K-$139K (Glassdoor est.),"Data Scientist
Location: San Jose, CA

We are looking for a data scientist to join our analytics team. Responsibilities include building models, cleaning data and communicating insights. Required skills: SQL, statistics.",2.9,"PNNL
2.9","San Jose, CA","San Francisco, CA",501 to 1000 employees,1979,Company - Public,Advertising & Marketing,Business Services,$1 to $2 billion (USD),"ClearOne Advantage, Affinity Solutions",0,0,86,139,112.5,"PNNL
",CA,1,41,0,0,0,0,0
Research Scientist,$85K-$138K (Glassdoor est.),"Research Scientist
Location: Dallas, TX

We are looking for a research scientist to join our analytics team. Responsibilities include building models, cleaning data and communicating insights. Required skills: Python, Excel, SQL.",3.4,"MassMutual
3.4","Dallas, TX","Austin, TX",10000+ employees,1996,Company - Public,Biotech & Pharmaceuticals,Biotech & Pharmaceuticals,$10 to $25 million (USD),"Novartis, Numerator",0,0,85,138,111.5,"MassMutual
",TX,1,24,1,0,0,0,1
Lead Data Scientist,$107K-$180K (Glassdoor est.),"Lead Data Scientist
Location: Cambridge, MA

We are looking for a lead data scientist to join our analytics team. Responsibilities include building models, cleaning data and communicating insights. Required skills: Spark, Excel, SQL.",3.0,"Liberty Mutual
3.0","Cambridge, MA","Seattle, WA",1 to 50 employees,1972,Other Organization,IT Services,Information Technology,Unknown / Non-Applicable,-1,0,0,107,180,143.5,"Liberty Mutual
",MA,0,48,0,0,1,0,1
Lead Data Scientist,$100K-$180K (Glassdoor est.),"Lead Data Scientist
Location: New York, NY

We are looking for a lead data scientist to join our analytics team. Responsibilities include building models, cleaning data and communicating insights. Required skills: Python, SQL.",3.7,"Rochester Regional Health
3.7","New York, NY","New York, NY",5001 to 10000 employees,1847,Company - Private,Biotech & Pharmaceuticals,Biotech & Pharmaceuticals,$10 to $25 million (USD),"Walmart, Takeda",0,0,100,180,140.0,"Rochester Regional Health
",NY,1,173,1,0,0,0,0
Data Engineer,$93K-$135K (Glassdoor est.),"Data Engineer
Location: Arlington, VA

We are looking for a data engineer to join our analytics team. Responsibilities include building models, cleaning data and communicating insights. Required skills: Python, Excel, SQL.",3.7,"Rochester Regional Health
3.7","Arlington, VA","Arlington, VA",501 to 1000 employees,1997,Subsidiary or Business Segment,Security Services,Business Services,Unknown / Non-Applicable,"Walmart, IBM",0,0,93,135,114.0,"Rochester Regional Health
",VA,1,23,1,0,0,0,1
Data Scientist,$108K-$182K (Glassdoor est.),"Data Scientist
Location: Goleta, CA

We are looking for a data scientist to join our analytics team. Responsibilities include building models, cleaning data and communicating insights. Required skills: Python, Excel, SQL.",4.0,"Gallup
4.0","Goleta, CA","Goleta, CA",201 to 500 employees,1938,Nonprofit Organization,Insurance Carriers,Insurance,$100 to $500 million (USD),-1,0,0,108,182,145.0,"Gallup
",CA,1,82,1,0,0,0,1
Senior Data Scientist,$140K-$219K (Glassdoor est.),"Senior Data Scientist
Location: Clearwater, FL

We are looking for a senior data scientist to join our analytics team. Responsibilities include building models, cleaning data and communicating insights. Required skills: Python, Spark, SQL.",3.8,"Takeda
3.8","Clearwater, FL","Clearwater, FL",1001 to 5000 employees,2016,Company - Public,IT Services,Information Technology,Unknown / Non-Applicable,"Takeda, PNNL",0,0,140,219,179.5,"Takeda
",FL,1,4,1,0,1,0,0
Data Engineer,$66K-$104K (Glassdoor est.),"Data Engineer
Location: Albuquerque, NM

We are looking for a data engineer to join our analytics team. Responsibilities include building models, cleaning data and communicating insights. Required skills: Python, SQL.",3.3,"Guardian Life
3.3","Albuquerque, NM","Richland, WA",1001 to 5000 employees,1945,Other Organization,Biotech & Pharmaceuticals,Biotech & Pharmaceuticals,$100 to $500 million (USD),-1,0,0,66,104,85.0,"Guardian Life
",NM,0,75,1,0,0,0,0
Data Scientist,$91K-$133K (Glassdoor est.),"Data Scientist
Location: New York, NY

We are looking for a data scientist to join our analytics team. Responsibilities include building models, cleaning data and communicating insights. Required skills: SQL, statistics.",2.9,"MassMutual
2.9","New York, NY","New York, NY",51 to 200 employees,-1,Company - Private,Insurance Carriers,Insurance,Unknown / Non-Applicable,-1,0,0,91,133,112.0,"MassMutual
",NY,1,-1,0,0,0,0,0
Data Scientist,$77K-$119K (Glassdoor est.),"Data Scientist
Location: Boston, MA

We are looking for a data scientist to join our analytics team. Responsibilities include building models, cleaning data and communicating insights. Required skills: Python, SQL.",4.7,"Tecolote Research
4.7","Boston, MA","Cambridge, MA",10000+ employees,1947,Company - Private,Aerospace & Defense,Aerospace & Defense,$10+ billion (USD),"PNNL, Takeda",0,0,77,119,98.0,"Tecolote Research
",MA,1,73,1,0,0,0,0
Data Scientist,$96K-$152K (Glassdoor est.),"Data Scientist
Location: San Jose, CA

We are looking for a data scientist to join our analytics team. Responsibilities include building models, cleaning data and communicating insights. Required skills: Excel, SQL.",3.8,"KnowBe4
3.8","San Jose, CA","Boston, MA",51 to 200 employees,1929,Company - Private,Health Care Services & Hospitals,Health Care,$10+ billion (USD),"Pfizer, Affinity Solutions",0,0,96,152,124.0,"KnowBe4
",CA,0,91,0,0,0,0,1
Data Scientist,$110K-$166K (Glassdoor est.),"Data Scientist
Location: Goleta, CA

We are looking for a data scientist to join our analytics team. Responsibilities include building models, cleaning data and communicating insights. Required skills: Spark, AWS, Excel, SQL.",3.0,"Gallup
3.0","Goleta, CA","Arlington, VA",10000+ employees,1935,Nonprofit Organization,Insurance Carriers,Insurance,$100 to $500 million (USD),-1,0,0,110,166,138.0,"Gallup
",CA,0,85,0,0,1,1,1
Research Scientist,$76K-$131K (Glassdoor est.),"Research Scientist
Location: New York, NY

We are looking for a research scientist to join our analytics team. Responsibilities include building models, cleaning data and communicating insights. Required skills: Python, Spark, Excel, SQL.",4.0,"Guardian Life
4.0","New York, NY","New York, NY",51 to 200 employees,1929,Company - Public,Insurance Carriers,Insurance,$100 to $500 million (USD),"Guardian Life, Logic20/20",0,0,76,131,103.5,"Guardian Life
",NY,1,91,1,0,1,0,1
Lead Data Scientist,$111K-$152K (Glassdoor est.),"Lead Data Scientist
Location: Linthicum, MD

We are looking for a lead data scientist to join our analytics team. Responsibilities include building models, cleaning data and communicating insights. Required skills: Python, Excel, SQL.",4.1,"Amazon
4.1","Linthicum, MD","Albuquerque, NM",51 to 200 employees,1840,Nonprofit Organization,Aerospace & Defense,Aerospace & Defense,$1 to $5 million (USD),"Numerator, University of Maryland Medical System",0,0,111,152,131.5,"Amazon
",MD,0,180,1,0,0,0,1
Data Scientist,$77K-$111K (Glassdoor est.),"Data Scientist
Location: San Francisco, CA

We are looking for a data scientist to join our analytics team. Responsibilities include building models, cleaning data and communicating insights. Required skills: Python, Spark, SQL.",4.2,"PNNL
4.2","San Francisco, CA","Richland, WA",10000+ employees,1892,Company - Public,Aerospace & Defense,Aerospace & Defense,$100 to $500 million (USD),"CyrusOne, Reynolds American",0,0,77,111,94.0,"PNNL
",CA,0,128,1,0,1,0,0
Data Engineer,$98K-$151K (Glassdoor est.),"Data Engineer
Location: Albuquerque, NM

We are looking for a data engineer to join our analytics team. Responsibilities include building models, cleaning data and communicating insights. Required skills: AWS, Excel, SQL.",4.0,"Blue Cross Blue Shield
4.0","Albuquerque, NM","Albuquerque, NM",51 to 200 employees,1877,Government,Advertising & Marketing,Business Services,$500 million to $1 billion (USD),"MassMutual, Liberty Mutual",0,0,98,151,124.5,"Blue Cross Blue Shield
",NM,1,143,0,0,0,1,1
Data Scientist,$91K-$139K (Glassdoor est.),"Data Scientist
Location: Boston, MA

We are looking for a data scientist to join our analytics team. Responsibilities include building models, cleaning data and communicating insights. Required skills: Python, Excel, SQL.",4.6,"KnowBe4
4.6","Boston, MA","Arlington, VA",5001 to 10000 employees,1834,Other Organization,Security Services,Business Services,$500 million to $1 billion (USD),-1,0,0,91,139,115.0,"KnowBe4
",MA,0,186,1,0,0,0,1
Lead Data Scientist,$101K-$158K (Glassdoor est.),"Lead Data Scientist
Location: Boston, MA

We are looking for a lead data scientist to join our analytics team. Responsibilities include building models, cleaning data and communicating insights. Required skills: Spark, SQL.",3.9,"Liberty Mutual
3.9","Boston, MA","Cambridge, MA",201 to 500 employees,1832,Other Organization,Security Services,Business Services,$100 to $500 million (USD),"Liberty Mutual, KnowBe4",0,0,101,158,129.5,"Liberty Mutual
",MA,1,188,0,0,1,0,0
Data Analyst,$64K-$103K (Glassdoor est.),"Data Analyst
Location: New York, NY

We are looking for a data analyst to join our analytics team. Responsibilities include building models, cleaning data and communicating insights. Required skills: Python, SQL.",3.1,"ClearOne Advantage
3.1","New York, NY","Chicago, IL",5001 to 10000 employees,1972,Other Organization,IT Services,Information Technology,$10 to $25 million (USD),-1,0,0,64,103,83.5,"ClearOne Advantage
",NY,0,48,1,0,0,0,0
Data Scientist,$86K-$142K (Glassdoor est.),"Data Scientist
Location: San Jose, CA

We are looking for a data scientist to join our analytics team. Responsibilities include building models, cleaning data and communicating insights. Required skills: Spark, Excel, SQL.",3.4,"Lockheed Martin
3.4","San Jose, CA","San Jose, CA",51 to 200 employees,1915,Subsidiary or Business Segment,Security Services,Business Services,$1 to $2 billion (USD),-1,0,0,86,142,114.0,"Lockheed Martin
",CA,1,105,0,0,1,0,1
Data Engineer,$102K-$168K (Glassdoor est.),"Data Engineer
Location: Cambridge, MA

We are looking for a data engineer to join our analytics team. Responsibilities include building models, cleaning data and communicating insights. Required skills: Python, Excel, SQL.",3.9,"KnowBe4
3.9","Cambridge, MA","Boston, MA",1 to 50 employees,1911,Other Organization,Security Services,Business Services,$100 to $500 million (USD),"KnowBe4, Reynolds American",0,0,102,168,135.0,"KnowBe4
",MA,0,109,1,0,0,0,1
Data Scientist,$102K-$162K (Glassdoor est.),"Data Scientist
Location: San Francisco, CA

We are looking for a data scientist to join our analytics team. Responsibilities include building models, cleaning data and communicating insights. Required skills: Python, SQL.",3.0,"PNNL
3.0","San Francisco, CA","San Jose, CA",501 to 1000 employees,1991,Subsidiary or Business Segment,Energy,"Oil, Gas, Energy & Utilities",$1 to $2 billion (USD),-1,0,0,102,162,132.0,"PNNL
",CA,1,29,1,0,0,0,0
Machine Learning Engineer,$109K-$162K (Glassdoor est.),"Machine Learning Engineer
Location: San Jose, CA

We are looking for a machine learning engineer to join our analytics team. Responsibilities include building models, cleaning data and communicating insights. Required skills: Python, Excel, SQL.",4.9,"ClearOne Advantage
4.9","San Jose, CA","Goleta, CA",1 to 50 employees,1865,Company - Private,Biotech & Pharmaceuticals,Biotech & Pharmaceuticals,$100 to $500 million (USD),-1,0,0,109,162,135.5,"ClearOne Advantage
",CA,0,155,1,0,0,0,1
Data Scientist,$62K-$99K (Glassdoor est.),"Data Scientist
Location: Clearwater, FL

We are looking for a data scientist to join our analytics team. Responsibilities include building models, cleaning data and communicating insights. Required skills: Spark, AWS, Excel, SQL.",3.8,"CyrusOne
3.8","Clearwater, FL","Clearwater, FL",10000+ employees,1885,Company - Public,Internet,Information Technology,$10 to $25 million (USD),"ClearOne Advantage, Rochester Regional Health",0,0,62,99,80.5,"CyrusOne
",FL,1,135,0,0,1,1,1
Senior Data Scientist,$132K-$218K (Glassdoor est.),"Senior Data Scientist
Location: Boston, MA

We are looking for a senior data scientist to join our analytics team. Responsibilities include building models, cleaning data and communicating insights. Required skills: Python, AWS, SQL.",3.5,"IBM
3.5","Boston, MA","Boston, MA",1 to 50 employees,1930,Nonprofit Organization,IT Services,Information Technology,Unknown / Non-Applicable,"Reynolds American, Walmart",0,0,132,218,175.0,"IBM
",MA,1,90,1,0,0,1,0
Data Scientist,$58K-$96K (Glassdoor est.),"Data Scientist
Location: Tampa, FL

We are looking for a data scientist to join our analytics team. Responsibilities include building models, cleaning data and communicating insights. Required skills: SQL, statistics.",3.5,"ClearOne Advantage
3.5","Tampa, FL","Clearwater, FL",1001 to 5000 employees,1938,Company - Public,Biotech & Pharmaceuticals,Biotech & Pharmaceuticals,$100 to $500 million (USD),-1,0,0,58,96,77.0,"ClearOne Advantage
",FL,1,82,0,0,0,0,0
Data Scientist,$90K-$134K (Glassdoor est.),"Data Scientist
Location: Dallas, TX

We are looking for a data scientist to join our analytics team. Responsibilities include building models, cleaning data and communicating insights. Required skills: Python, SQL.",3.8,"Pfizer
3.8","Dallas, TX","Arlington, VA",1 to 50 employees,1961,Other Organization,Computer Hardware & Software,Information Technology,Unknown / Non-Applicable,"Tecolote Research, Blue Cross Blue Shield",0,0,90,134,112.0,"Pfizer
",TX,0,59,1,0,0,0,0
Data Scientist,$91K-$147K (Glassdoor est.),"Data Scientist
Location: Boston, MA

We are looking for a data scientist to join our analytics team. Responsibilities include building models, cleaning data and communicating insights. Required skills: Python, SQL.",2.9,"ClearOne Advantage
2.9","Boston, MA","Boston, MA",51 to 200 employees,1997,Company - Public,Advertising & Marketing,Business Services,$1 to $5 million (USD),"Pfizer, Reynolds American",0,0,91,147,119.0,"ClearOne Advantage
",MA,1,23,1,0,0,0,0
Data Scientist,$93K-$150K (Glassdoor est.),"Data Scientist
Location: Baltimore, MD

We are looking for a data scientist to join our analytics team. Responsibilities include building models, cleaning data and communicating insights. Required skills: Python, Excel, SQL.",3.8,"Affinity Solutions
3.8","Baltimore, MD","Linthicum, MD",1001 to 5000 employees,1899,Government,Health Care Services & Hospitals,Health Care,$1 to $5 million (USD),-1,0,0,93,150,121.5,"Affinity Solutions
",MD,1,121,1,0,0,0,1
Senior Data Scientist,$76K-$129K (Glassdoor est.),"Senior Data Scientist
Location: Cambridge, MA

We are looking for a senior data scientist to join our analytics team. Responsibilities include building models, cleaning data and communicating insights. Required skills: Python, SQL.",3.5,"Tecolote Research
3.5","Cambridge, MA","Cambridge, MA",501 to 1000 employees,1944,Government,Insurance Carriers,Insurance,Unknown / Non-Applicable,"Numerator, Takeda",0,0,76,129,102.5,"Tecolote Research
",MA,1,76,1,0,0,0,0
Data Engineer,$117K-$169K (Glassdoor est.),"Data Engineer
Location: New York, NY

We are looking for a data engineer to join our analytics team. Responsibilities include building models, cleaning data and communicating insights. Required skills: Python, AWS, SQL.",-1.0,Numerator,"New York, NY","New York, NY",1001 to 5000 employees,1931,Other Organization,Internet,Information Technology,$10+ billion (USD),-1,0,0,117,169,143.0,Numerator,NY,1,89,1,0,0,1,0
Data Scientist,$83K-$140K (Glassdoor est.),"Data Scientist
Location: San Francisco, CA

We are looking for a data scientist to join our analytics team. Responsibilities include building models, cleaning data and communicating insights. Required skills: Excel, SQL.",3.7,"IBM
3.7","San Francisco, CA","Goleta, CA",10000+ employees,1948,Nonprofit Organization,Health Care Services & Hospitals,Health Care,$100 to $500 million (USD),"Tecolote Research, ClearOne Advantage",0,0,83,140,111.5,"IBM
",CA,1,72,0,0,0,0,1
Lead Data Scientist,$125K-$222K (Glassdoor est.),"Lead Data Scientist
Location: San Francisco, CA

We are looking for a lead data scientist to join our analytics team. Responsibilities include building models, cleaning data and communicating insights. Required skills: Python, SQL.",3.4,"Pfizer
3.4","San Francisco, CA","Goleta, CA",201 to 500 employees,1837,Company - Private,Health Care Services & Hospitals,Health Care,$10+ billion (USD),"Pfizer, Guardian Life",0,0,125,222,173.5,"Pfizer
",CA,1,183,1,0,0,0,0
Data Scientist,$68K-$102K (Glassdoor est.),"Data Scientist
Location: Goleta, CA

We are looking for a data scientist to join our analytics team. Responsibilities include building models, cleaning data and communicating insights. Required skills: Spark, AWS, Excel, SQL.",2.7,"Walmart
2.7","Goleta, CA","Tampa, FL",51 to 200 employees,1927,Nonprofit Organization,Advertising & Marketing,Business Services,$1 to $2 billion (USD),-1,0,0,68,102,85.0,"Walmart
",CA,0,93,0,0,1,1,1
Data Analyst,$53K-$85K (Glassdoor est.),"Data Analyst
Location: New York, NY

We are looking for a data analyst to join our analytics team. Responsibilities include building models, cleaning data and communicating insights. Required skills: Python, Excel, SQL.",-1.0,Blue Cross Blue Shield,"New York, NY","Seattle, WA",201 to 500 employees,1997,Government,Aerospace & Defense,Aerospace & Defense,$10+ billion (USD),-1,0,0,53,85,69.0,Blue Cross Blue Shield,NY,0,23,1,0,0,0,1
Data Scientist,$56K-$99K (Glassdoor est.),"Data Scientist
Location: Seattle, WA

We are looking for a data scientist to join our analytics team. Responsibilities include building models, cleaning data and communicating insights. Required skills: Python, Excel, SQL.",3.2,"CyrusOne
3.2","Seattle, WA","Richland, WA",5001 to 10000 employees,1975,Company - Private,Computer Hardware & Software,Information Technology,Unknown / Non-Applicable,-1,0,0,56,99,77.5,"CyrusOne
",WA,1,45,1,0,0,0,1
Data Engineer,$112K-$198K (Glassdoor est.),"Data Engineer
Location: Goleta, CA

We are looking for a data engineer to join our analytics team. Responsibilities include building models, cleaning data and communicating insights. Required skills: Python, Spark, Excel, SQL.",3.9,"Reynolds American
3.9","Goleta, CA","Austin, TX",201 to 500 employees,1995,Company - Private,Internet,Information Technology,$1 to $5 million (USD),"Walmart, Blue Cross Blue Shield",0,0,112,198,155.0,"Reynolds American
",CA,0,25,1,0,1,0,1
Healthcare Data Scientist,$54K-$88K (Glassdoor est.),"Healthcare Data Scientist
Location: Boston, MA

We are looking for a healthcare data scientist to join our analytics team. Responsibilities include building models, cleaning data and communicating insights. Required skills: Excel, SQL.",3.7,"Tecolote Research
3.7","Boston, MA","Arlington, VA",10000+ employees,1862,Other Organization,IT Services,Information Technology,Unknown / Non-Applicable,-1,0,0,54,88,71.0,"Tecolote Research
",MA,0,158,0,0,0,0,1
Research Scientist,$36-$50 Per Hour(Glassdoor est.),"Research Scientist
Location: New York, NY

We are looking for a research scientist to join our analytics team. Responsibilities include building models, cleaning data and communicating insights. Required skills: Excel, SQL.",2.7,"Novartis
2.7","New York, NY","New York, NY",201 to 500 employees,1830,Nonprofit Organization,Biotech & Pharmaceuticals,Biotech & Pharmaceuticals,$1 to $2 billion (USD),-1,1,0,72,100,86.0,"Novartis
",NY,1,190,0,0,0,0,1
Healthcare Data Scientist,$70K-$113K (Glassdoor est.),"Healthcare Data Scientist
Location: Albuquerque, NM

We are looking for a healthcare data scientist to join our analytics team. Responsibilities include building models, cleaning data and communicating insights. Required skills: Python, AWS, Excel, SQL.",2.7,"IBM
2.7","Albuquerque, NM","San Jose, CA",5001 to 10000 employees,1908,Company - Public,IT Services,Information Technology,$10 to $25 million (USD),-1,0,0,70,113,91.5,"IBM
",NM,0,112,1,0,0,1,1
Lead Data Scientist,$92K-$150K (Glassdoor est.),"Lead Data Scientist
Location: New York, NY

We are looking for a lead data scientist to join our analytics team. Responsibilities include building models, cleaning data and communicating insights. Required skills: Spark, Excel, SQL.",3.3,"Liberty Mutual
3.3","New York, NY","New York, NY",1001 to 5000 employees,1988,Government,Computer Hardware & Software,Information Technology,$10+ billion (USD),-1,0,0,92,150,121.0,"Liberty Mutual
",NY,1,32,0,0,1,0,1
Data Engineer,$84K-$132K (Glassdoor est.),"Data Engineer
Location: Cambridge, MA

We are looking for a data engineer to join our analytics team. Responsibilities include building models, cleaning data and communicating insights. Required skills: Python, Excel, SQL.",3.2,"MassMutual
3.2","Cambridge, MA","Cambridge, MA",10000+ employees,1854,Nonprofit Organization,Computer Hardware & Software,Information Technology,$50 to $100 million (USD),-1,0,0,84,132,108.0,"MassMutual
",MA,1,166,1,0,0,0,1
Machine Learning Engineer,$117K-$188K (Glassdoor est.),"Machine Learning Engineer
Location: Cambridge, MA

We are looking for a machine learning engineer to join our analytics team. Responsibilities include building models, cleaning data and communicating insights. Required skills: Python, SQL.",2.8,"Guardian Life
2.8","Cambridge, MA","Arlington, VA",1 to 50 employees,2016,Subsidiary or Business Segment,Advertising & Marketing,Business Services,$100 to $500 million (USD),-1,0,0,117,188,152.5,"Guardian Life
",MA,0,4,1,0,0,0,0
Data Scientist,$90K-$162K (Glassdoor est.),"Data Scientist
Location: New York, NY

We are looking for a data scientist to join our analytics team. Responsibilities include building models, cleaning data and communicating insights. Required skills: SQL, statistics.",4.1,"Novartis
4.1","New York, NY","New York, NY",1 to 50 employees,1873,Subsidiary or Business Segment,Advertising & Marketing,Business Services,$50 to $100 million (USD),"Liberty Mutual, Rochester Regional Health",0,0,90,162,126.0,"Novartis
",NY,0,147,0,0,0,0,0
Data Scientist,$64K-$101K (Glassdoor est.),"Data Scientist
Location: Chicago, IL

We are looking for a data scientist to join our analytics team. Responsibilities include building models, cleaning data and communicating insights. Required skills: Python, SQL.",3.9,"University of Maryland Medical System
3.9","Chicago, IL","Chicago, IL",501 to 1000 employees,2005,Company - Public,Health Care Services & Hospitals,Health Care,$500 million to $1 billion (USD),-1,0,0,64,101,82.5,"University of Maryland Medical System
",IL,1,15,1,0,0,0,0
Data Engineer,$60K-$98K (Glassdoor est.),"Data Engineer
Location: Goleta, CA

We are looking for a data engineer to join our analytics team. Responsibilities include building models, cleaning data and communicating insights. Required skills: AWS, SQL.",3.4,"KnowBe4
3.4","Goleta, CA","Goleta, CA",10000+ employees,2003,Government,Energy,"Oil, Gas, Energy & Utilities",Unknown / Non-Applicable,-1,0,0,60,98,79.0,"KnowBe4
",CA,1,17,0,0,0,1,0
Data Scientist,$52K-$96K (Glassdoor est.),"Data Scientist
Location: Linthicum, MD

We are looking for a data scientist to join our analytics team. Responsibilities include building models, cleaning data and communicating insights. Required skills: Excel, SQL.",-1.0,Affinity Solutions,"Linthicum, MD","Richland, WA",1 to 50 employees,1977,Company - Public,Advertising & Marketing,Business Services,$10+ billion (USD),"Takeda, ClearOne Advantage",0,0,52,96,74.0,Affinity Solutions,MD,0,43,0,0,0,0,1
Data Scientist,$90K-$136K (Glassdoor est.),"Data Scientist
Location: Goleta, CA

We are looking for a data scientist to join our analytics team. Responsibilities include building models, cleaning data and communicating insights. Required skills: Python, AWS, SQL.",4.5,"Liberty Mutual
4.5","Goleta, CA","Goleta, CA",1001 to 5000 employees,1965,Nonprofit Organization,Health Care Services & Hospitals,Health Care,$10+ billion (USD),"Affinity Solutions, Gallup",0,0,90,136,113.0,"Liberty Mutual
",CA,1,55,1,0,0,1,0
Senior Data Scientist,$96K-$156K (Glassdoor est.),"Senior Data Scientist
Location: New York, NY

We are looking for a senior data scientist to join our analytics team. Responsibilities include building models, cleaning data and communicating insights. Required skills: Python, AWS, Excel, SQL.",3.6,"Affinity Solutions
3.6","New York, NY","New York, NY",201 to 500 employees,1940,Subsidiary or Business Segment,Internet,Information Technology,$10 to $25 million (USD),-1,0,0,96,156,126.0,"Affinity Solutions
",NY,1,80,1,0,0,1,1
Data Analyst,$25-$46 Per Hour(Glassdoor est.),"Data Analyst
Location: San Jose, CA

We are looking for a data analyst to join our analytics team. Responsibilities include building models, cleaning data and communicating insights. Required skills: Python, Spark, Excel, SQL.",3.8,"Takeda
3.8","San Jose, CA","San Jose, CA",201 to 500 employees,-1,Subsidiary or Business Segment,Energy,"Oil, Gas, Energy & Utilities",$1 to $2 billion (USD),-1,1,0,50,92,71.0,"Takeda
",CA,1,-1,1,0,1,0,1
Data Engineer,$92K-$153K (Glassdoor est.),"Data Engineer
Location: San Francisco, CA

We are looking for a data engineer to join our analytics team. Responsibilities include building models, cleaning data and communicating insights. Required skills: Python, SQL.",3.6,"Logic20/20
3.6","San Francisco, CA","Seattle, WA",1001 to 5000 employees,1873,Company - Private,Health Care Services & Hospitals,Health Care,$50 to $100 million (USD),-1,0,0,92,153,122.5,"Logic20/20
",CA,0,147,1,0,0,0,0
Data Scientist,$63K-$94K (Glassdoor est.),"Data Scientist
Location: Chicago, IL

We are looking for a data scientist to join our analytics team. Responsibilities include building models, cleaning data and communicating insights. Required skills: Excel, SQL.",4.0,"MassMutual
4.0","Chicago, IL","Clearwater, FL",5001 to 10000 employees,1992,Nonprofit Organization,IT Services,Information Technology,$10+ billion (USD),"Amazon, ClearOne Advantage",0,0,63,94,78.5,"MassMutual
",IL,0,28,0,0,0,0,1
Data Scientist,$52K-$96K (Glassdoor est.),"Data Scientist
Location: Richland, WA

We are looking for a data scientist to join our analytics team. Responsibilities include building models, cleaning data and communicating insights. Required skills: Python, SQL.",3.9,"University of Maryland Medical System
3.9","Richland, WA","San Jose, CA",501 to 1000 employees,1909,Other Organization,Biotech & Pharmaceuticals,Biotech & Pharmaceuticals,$1 to $2 billion (USD),-1,0,0,52,96,74.0,"University of Maryland Medical System
",WA,0,111,1,0,0,0,0
Machine Learning Engineer,$74K-$121K (Glassdoor est.),"Machine Learning Engineer
Location: New York, NY

We are looking for a machine learning engineer to join our analytics team. Responsibilities include building models, cleaning data and communicating insights. Required skills: AWS, Excel, SQL.",4.0,"Tecolote Research
4.0","New York, NY","New York, NY",51 to 200 employees,1861,Nonprofit Organization,Health Care Services & Hospitals,Health Care,$1 to $5 million (USD),-1,0,0,74,121,97.5,"Tecolote Research
",NY,1,159,0,0,0,1,1
Research Scientist,$96K-$169K (Glassdoor est.),"Research Scientist
Location: Chicago, IL

We are looking for a research scientist to join our analytics team. Responsibilities include building models, cleaning data and communicating insights. Required skills: Python, Excel, SQL.",3.0,"Gallup
3.0","Chicago, IL","Chicago, IL",5001 to 10000 employees,1852,Subsidiary or Business Segment,Aerospace & Defense,Aerospace & Defense,$100 to $500 million (USD),"PNNL, Takeda",0,0,96,169,132.5,"Gallup
",IL,1,168,1,0,0,0,1
Research Scientist,$82K-$133K (Glassdoor est.),"Research Scientist
Location: New York, NY

We are looking for a research scientist to join our analytics team. Responsibilities include building models, cleaning data and communicating insights. Required skills: AWS, Excel, SQL.",4.1,"Tecolote Research
4.1","New York, NY","New York, NY",1001 to 5000 employees,1872,Nonprofit Organization,Internet,Information Technology,$100 to $500 million (USD),-1,0,0,82,133,107.5,"Tecolote Research
",NY,1,148,0,0,0,1,1
Data Analyst,$89K-$132K (Glassdoor est.),"Data Analyst
Location: Chicago, IL

We are looking for a data analyst to join our analytics team. Responsibilities include building models, cleaning data and communicating insights. Required skills: SQL, statistics.",4.0,"Blue Cross Blue Shield
4.0","Chicago, IL","Boston, MA",201 to 500 employees,1861,Government,Computer Hardware & Software,Information Technology,$10 to $25 million (USD),-1,0,0,89,132,110.5,"Blue Cross Blue Shield
",IL,0,159,0,0,0,0,0
Research Scientist,$111K-$205K (Glassdoor est.),"Research Scientist
Location: San Jose, CA

We are looking for a research scientist to join our analytics team. Responsibilities include building models, cleaning data and communicating insights. Required skills: Python, Spark, AWS, Excel, SQL.",3.6,"IBM
3.6","San Jose, CA","San Jose, CA",51 to 200 employees,1858,Company - Private,Insurance Carriers,Insurance,$500 million to $1 billion (USD),-1,0,0,111,205,158.0,"IBM
",CA,1,162,1,0,1,1,1
Data Scientist,$103K-$168K (Glassdoor est.),"Data Scientist
Location: Seattle, WA

We are looking for a data scientist to join our analytics team. Responsibilities include building models, cleaning data and communicating insights. Required skills: Python, Spark, Excel, SQL.",4.2,"Tecolote Research
4.2","Seattle, WA","San Francisco, CA",501 to 1000 employees,1851,Company - Public,IT Services,Information Technology,Unknown / Non-Applicable,"Tecolote Research, Numerator",0,0,103,168,135.5,"Tecolote Research
",WA,0,169,1,0,1,0,1
Data Analyst,$51K-$77K (Glassdoor est.),"Data Analyst
Location: Cambridge, MA

We are looking for a data analyst to join our analytics team. Responsibilities include building models, cleaning data and communicating insights. Required skills: SQL, statistics.",4.6,"CyrusOne
4.6","Cambridge, MA","Tampa, FL",51 to 200 employees,1885,Other Organization,Security Services,Business Services,$10 to $25 million (USD),"Pfizer, Logic20/20",0,0,51,77,64.0,"CyrusOne
",MA,0,135,0,0,0,0,0
Data Engineer,$98K-$158K (Glassdoor est.),"Data Engineer
Location: Cambridge, MA

We are looking for a data engineer to join our analytics team. Responsibilities include building models, cleaning data and communicating insights. Required skills: Python, AWS, Excel, SQL.",4.1,"Rochester Regional Health
4.1","Cambridge, MA","Cambridge, MA",1 to 50 employees,1988,Company - Private,Security Services,Business Services,$1 to $2 billion (USD),-1,0,0,98,158,128.0,"Rochester Regional Health
",MA,1,32,1,0,0,1,1
Data Scientist,$72K-$121K (Glassdoor est.),"Data Scientist
Location: Boston, MA

We are looking for a data scientist to join our analytics team. Responsibilities include building models, cleaning data and communicating insights. Required skills: Python, Spark, AWS, Excel, SQL.",3.8,"Reynolds American
3.8","Boston, MA","Austin, TX",501 to 1000 employees,1835,Nonprofit Organization,Aerospace & Defense,Aerospace & Defense,$50 to $100 million (USD),"PNNL, Walmart",0,0,72,121,96.5,"Reynolds American
",MA,0,185,1,0,1,1,1
Senior Data Scientist,$138K-$201K (Glassdoor est.),"Senior Data Scientist
Location: Linthicum, MD

We are looking for a senior data scientist to join our analytics team. Responsibilities include building models, cleaning data and communicating insights. Required skills: Python, Spark, Excel, SQL.",3.6,"IBM
3.6","Linthicum, MD","Baltimore, MD",51 to 200 employees,2004,Subsidiary or Business Segment,Energy,"Oil, Gas, Energy & Utilities",$1 to $2 billion (USD),-1,0,0,138,201,169.5,"IBM
",MD,1,16,1,0,1,0,1
Healthcare Data Scientist,$114K-$190K (Glassdoor est.),"Healthcare Data Scientist
Location: Austin, TX

We are looking for a healthcare data scientist to join our analytics team. Responsibilities include building models, cleaning data and communicating insights. Required skills: Python, AWS, SQL.",4.5,"Walmart
4.5","Austin, TX","Chicago, IL",1001 to 5000 employees,-1,Subsidiary or Business Segment,IT Services,Information Technology,$50 to $100 million (USD),-1,0,0,114,190,152.0,"Walmart
",TX,0,-1,1,0,0,1,0
Machine Learning Engineer,$84K-$132K (Glassdoor est.),"Machine Learning Engineer
Location: New York, NY

We are looking for a machine learning engineer to join our analytics team. Responsibilities include building models, cleaning data and communicating insights. Required skills: Spark, Excel, SQL.",3.4,"Visa
3.4","New York, NY","New York, NY",10000+ employees,1836,Company - Public,Security Services,Business Services,$100 to $500 million (USD),-1,0,0,84,132,108.0,"Visa
",NY,1,184,0,0,1,0,1
Senior Data Scientist,$106K-$171K (Glassdoor est.),"Senior Data Scientist
Location: Goleta, CA

We are looking for a senior data scientist to join our analytics team. Responsibilities include building models, cleaning data and communicating insights. Required skills: Excel, SQL.",3.1,"Novartis
3.1","Goleta, CA","San Francisco, CA",5001 to 10000 employees,1947,Company - Public,Computer Hardware & Software,Information Technology,Unknown / Non-Applicable,"PNNL, Visa",0,0,106,171,138.5,"Novartis
",CA,1,73,0,0,0,0,1
Data Analyst,$108K-$176K (Glassdoor est.),"Data Analyst
Location: San Jose, CA

We are looking for a data analyst to join our analytics team. Responsibilities include building models, cleaning data and communicating insights. Required skills: Python, AWS, SQL.",3.0,"Amazon
3.0","San Jose, CA","Dallas, TX",1001 to 5000 employees,2014,Government,IT Services,Information Technology,$100 to $500 million (USD),-1,0,0,108,176,142.0,"Amazon
",CA,0,6,1,0,0,1,0
Data Engineer,$92K-$153K (Glassdoor est.),"Data Engineer
Location: Boston, MA

We are looking for a data engineer to join our analytics team. Responsibilities include building models, cleaning data and communicating insights. Required skills: Excel, SQL.",3.1,"Liberty Mutual
3.1","Boston, MA","San Francisco, CA",1001 to 5000 employees,1931,Government,Security Services,Business Services,$10 to $25 million (USD),-1,0,0,92,153,122.5,"Liberty Mutual
",MA,0,89,0,0,0,0,1
Director of Data Science,$24-$45 Per Hour(Glassdoor est.),"Director of Data Science
Location: New York, NY

We are looking for a director of data science to join our analytics team. Responsibilities include building models, cleaning data and communicating insights. Required skills: Python, SQL.",3.7,"IBM
3.7","New York, NY","Chicago, IL",501 to 1000 employees,1961,Company - Public,Advertising & Marketing,Business Services,$1 to $5 million (USD),"Amazon, Takeda",1,0,48,90,69.0,"IBM
",NY,0,59,1,0,0,0,0
Data Scientist,$106K-$167K (Glassdoor est.),"Data Scientist
Location: San Jose, CA

We are looking for a data scientist to join our analytics team. Responsibilities include building models, cleaning data and communicating insights. Required skills: Python, SQL.",3.5,"Pfizer
3.5","San Jose, CA","Goleta, CA",5001 to 10000 employees,1868,Subsidiary or Business Segment,Computer Hardware & Software,Information Technology,$1 to $5 million (USD),-1,0,0,106,167,136.5,"Pfizer
",CA,1,152,1,0,0,0,0
Data Analyst,$39K-$65K (Glassdoor est.),"Data Analyst
Location: Dallas, TX

We are looking for a data analyst to join our analytics team. Responsibilities include building models, cleaning data and communicating insights. Required skills: Excel, SQL.",3.2,"MassMutual
3.2","Dallas, TX","Dallas, TX",1 to 50 employees,1923,Company - Private,Energy,"Oil, Gas, Energy & Utilities",$1 to $2 billion (USD),"Reynolds American, Lockheed Martin",0,0,39,65,52.0,"MassMutual
",TX,1,97,0,0,0,0,1
Lead Data Scientist,$140K-$204K (Glassdoor est.),"Lead Data Scientist
Location: San Jose, CA

We are looking for a lead data scientist to join our analytics team. Responsibilities include building models, cleaning data and communicating insights. Required skills: Excel, SQL.",3.9,"KnowBe4
3.9","San Jose, CA","San Francisco, CA",201 to 500 employees,1905,Nonprofit Organization,Energy,"Oil, Gas, Energy & Utilities",$500 million to $1 billion (USD),-1,0,0,140,204,172.0,"KnowBe4
",CA,1,115,0,0,0,0,1
Data Scientist,$104K-$163K (Glassdoor est.),"Data Scientist
Location: Cambridge, MA

We are looking for a data scientist to join our analytics team. Responsibilities include building models, cleaning data and communicating insights. Required skills: Spark, AWS, SQL.",4.6,"Pfizer
4.6","Cambridge, MA","Cambridge, MA",1001 to 5000 employees,1908,Government,Advertising & Marketing,Business Services,$1 to $5 million (USD),"Tecolote Research, Visa",0,0,104,163,133.5,"Pfizer
",MA,1,112,0,0,1,1,0
Lead Data Scientist,$111K-$183K (Glassdoor est.),"Lead Data Scientist
Location: Chicago, IL

We are looking for a lead data scientist to join our analytics team. Responsibilities include building models, cleaning data and communicating insights. Required skills: Excel, SQL.",3.4,"University of Maryland Medical System
3.4","Chicago, IL","Boston, MA",201 to 500 employees,1961,Subsidiary or Business Segment,IT Services,Information Technology,$50 to $100 million (USD),-1,0,0,111,183,147.0,"University of Maryland Medical System
",IL,0,59,0,0,0,0,1
Data Analyst,$26-$46 Per Hour(Glassdoor est.),"Data Analyst
Location: Albuquerque, NM

We are looking for a data analyst to join our analytics team. Responsibilities include building models, cleaning data and communicating insights. Required skills: AWS, Excel, SQL.",3.1,"Visa
3.1","Albuquerque, NM","Albuquerque, NM",501 to 1000 employees,1895,Subsidiary or Business Segment,Internet,Information Technology,$10+ billion (USD),-1,1,0,52,92,72.0,"Visa
",NM,1,125,0,0,0,1,1
Research Scientist,$47K-$88K (Glassdoor est.),"Research Scientist
Location: Richland, WA

We are looking for a research scientist to join our analytics team. Responsibilities include building models, cleaning data and communicating insights. Required skills: Python, Excel, SQL.",3.7,"MassMutual
3.7","Richland, WA","Richland, WA",5001 to 10000 employees,1945,Subsidiary or Business Segment,Biotech & Pharmaceuticals,Biotech & Pharmaceuticals,Unknown / Non-Applicable,-1,0,0,47,88,67.5,"MassMutual
",WA,1,75,1,0,0,0,1
Senior Data Scientist,$107K-$177K (Glassdoor est.),"Senior Data Scientist
Location: Arlington, VA

We are looking for a senior data scientist to join our analytics team. Responsibilities include building models, cleaning data and communicating insights. Required skills: AWS, SQL.",4.2,"CyrusOne
4.2","Arlington, VA","Arlington, VA",5001 to 10000 employees,1991,Government,Insurance Carriers,Insurance,$1 to $2 billion (USD),-1,0,0,107,177,142.0,"CyrusOne
",VA,1,29,0,0,0,1,0
Data Analyst,$75K-$108K (Glassdoor est.),"Data Analyst
Location: Chicago, IL

We are looking for a data analyst to join our analytics team. Responsibilities include building models, cleaning data and communicating insights. Required skills: Excel, SQL.",2.8,"Rochester Regional Health
2.8","Chicago, IL","Chicago, IL",1001 to 5000 employees,-1,Subsidiary or Business Segment,Advertising & Marketing,Business Services,$10+ billion (USD),-1,0,0,75,108,91.5,"Rochester Regional Health
",IL,1,-1,0,0,0,0,1
Data Scientist,$83K-$140K (Glassdoor est.),"Data Scientist
Location: Chicago, IL

We are looking for a data scientist to join our analytics team. Responsibilities include building models, cleaning data and communicating insights. Required skills: Python, Excel, SQL.",4.7,"Pfizer
4.7","Chicago, IL","Linthicum, MD",1001 to 5000 employees,1883,Nonprofit Organization,Computer Hardware & Software,Information Technology,$10+ billion (USD),-1,0,0,83,140,111.5,"Pfizer
",IL,0,137,1,0,0,0,1
Senior Data Scientist,$69K-$110K (Glassdoor est.),"Senior Data Scientist
Location: Boston, MA

We are looking for a senior data scientist to join our analytics team. Responsibilities include building models, cleaning data and communicating insights. Required skills: Spark, AWS, SQL.",3.8,"Lockheed Martin
3.8","Boston, MA","Boston, MA",501 to 1000 employees,1852,Company - Private,Health Care Services & Hospitals,Health Care,$10+ billion (USD),"Affinity Solutions, IBM",0,0,69,110,89.5,"Lockheed Martin
",MA,1,168,0,0,1,1,0
Lead Data Scientist,$148K-$254K (Glassdoor est.),"Lead Data Scientist
Location: San Francisco, CA

We are looking for a lead data scientist to join our analytics team. Responsibilities include building models, cleaning data and communicating insights. Required skills: Python, AWS, SQL.",3.5,"Gallup
3.5","San Francisco, CA","San Jose, CA",10000+ employees,1881,Government,Advertising & Marketing,Business Services,$1 to $5 million (USD),-1,0,0,148,254,201.0,"Gallup
",CA,1,139,1,0,0,1,0
Research Scientist,$74K-$122K (Glassdoor est.),"Research Scientist
Location: San Jose, CA

We are looking for a research scientist to join our analytics team. Responsibilities include building models, cleaning data and communicating insights. Required skills: Spark, Excel, SQL.",3.3,"Rochester Regional Health
3.3","San Jose, CA","Baltimore, MD",51 to 200 employees,1905,Government,Biotech & Pharmaceuticals,Biotech & Pharmaceuticals,$100 to $500 million (USD),"CyrusOne, Tecolote Research",0,0,74,122,98.0,"Rochester Regional Health
",CA,0,115,0,0,1,0,1
Data Scientist,$119K-$191K (Glassdoor est.),"Data Scientist
Location: Boston, MA

We are looking for a data scientist to join our analytics team. Responsibilities include building models, cleaning data and communicating insights. Required skills: Python, SQL.",2.7,"Rochester Regional Health
2.7","Boston, MA","Cambridge, MA",1 to 50 employees,1878,Subsidiary or Business Segment,Insurance Carriers,Insurance,$1 to $2 billion (USD),-1,0,0,119,191,155.0,"Rochester Regional Health
",MA,1,142,1,0,0,0,0
Data Scientist,$114K-$182K (Glassdoor est.),"Data Scientist
Location: Baltimore, MD

We are looking for a data scientist to join our analytics team. Responsibilities include building models, cleaning data and communicating insights. Required skills: AWS, SQL.",3.2,"Pfizer
3.2","Baltimore, MD","Linthicum, MD",5001 to 10000 employees,1856,Company - Public,Biotech & Pharmaceuticals,Biotech & Pharmaceuticals,$1 to $2 billion (USD),"Blue Cross Blue Shield, KnowBe4",0,0,114,182,148.0,"Pfizer
",MD,1,164,0,0,0,1,0
Data Scientist,$79K-$127K (Glassdoor est.),"Data Scientist
Location: New York, NY

We are looking for a data scientist to join our analytics team. Responsibilities include building models, cleaning data and communicating insights. Required skills: Python, Spark, SQL.",2.9,"Affinity Solutions
2.9","New York, NY","New York, NY",5001 to 10000 employees,1854,Company - Private,Internet,Information Technology,$500 million to $1 billion (USD),"Rochester Regional Health, Walmart",0,0,79,127,103.0,"Affinity Solutions
",NY,1,166,1,0,1,0,0
Data Scientist,$110K-$182K (Glassdoor est.),"Data Scientist
Location: San Jose, CA

We are looking for a data scientist to join our analytics team. Responsibilities include building models, cleaning data and communicating insights. Required skills: SQL, statistics.",4.2,"Blue Cross Blue Shield
4.2","San Jose, CA","San Francisco, CA",1001 to 5000 employees,1856,Other Organization,Advertising & Marketing,Business Services,Unknown / Non-Applicable,-1,0,0,110,182,146.0,"Blue Cross Blue Shield
",CA,1,164,0,0,0,0,0
Data Scientist,$101K-$164K (Glassdoor est.),"Data Scientist
Location: Goleta, CA

We are looking for a data scientist to join our analytics team. Responsibilities include building models, cleaning data and communicating insights. Required skills: Excel, SQL.",-1.0,Novartis,"Goleta, CA","Clearwater, FL",501 to 1000 employees,1979,Other Organization,Advertising & Marketing,Business Services,$500 million to $1 billion (USD),"Reynolds American, PNNL",0,0,101,164,132.5,Novartis,CA,0,41,0,0,0,0,1
Data Scientist,$85K-$156K (Glassdoor est.),"Data Scientist
Location: New York, NY

We are looking for a data scientist to join our analytics team. Responsibilities include building models, cleaning data and communicating insights. Required skills: Excel, SQL.",5.0,"Logic20/20
5.0","New York, NY","New York, NY",51 to 200 employees,1899,Company - Private,Internet,Information Technology,$50 to $100 million (USD),"Rochester Regional Health, Numerator",0,0,85,156,120.5,"Logic20/20
",NY,1,121,0,0,0,0,1
Data Scientist,$107K-$183K (Glassdoor est.),"Data Scientist
Location: Tampa, FL

We are looking for a data scientist to join our analytics team. Responsibilities include building models, cleaning data and communicating insights. Required skills: Python, Spark, Excel, SQL.",4.0,"Guardian Life
4.0","Tampa, FL","Tampa, FL",51 to 200 employees,1837,Government,Energy,"Oil, Gas, Energy & Utilities",$100 to $500 million (USD),-1,0,0,107,183,145.0,"Guardian Life
",FL,1,183,1,0,1,0,1
Data Engineer,$105K-$172K (Glassdoor est.),"Data Engineer
Location: Goleta, CA

We are looking for a data engineer to join our analytics team. Responsibilities include building models, cleaning data and communicating insights. Required skills: Python, Excel, SQL.",3.8,"Affinity Solutions
3.8","Goleta, CA","Boston, MA",501 to 1000 employees,1890,Other Organization,Computer Hardware & Software,Information Technology,$1 to $5 million (USD),-1,0,0,105,172,138.5,"Affinity Solutions
",CA,0,130,1,0,0,0,1
Data Engineer,$80K-$150K (Glassdoor est.),"Data Engineer
Location: Seattle, WA

We are looking for a data engineer to join our analytics team. Responsibilities include building models, cleaning data and communicating insights. Required skills: Excel, SQL.",4.4,"PNNL
4.4","Seattle, WA","Seattle, WA",51 to 200 employees,1965,Company - Public,Biotech & Pharmaceuticals,Biotech & Pharmaceuticals,$1 to $2 billion (USD),"KnowBe4, Affinity Solutions",0,0,80,150,115.0,"PNNL
",WA,1,55,0,0,0,0,1
Lead Data Scientist,$116K-$209K (Glassdoor est.),"Lead Data Scientist
Location: Goleta, CA

We are looking for a lead data scientist to join our analytics team. Responsibilities include building models, cleaning data and communicating insights. Required skills: Excel, SQL.",4.7,"Tecolote Research
4.7","Goleta, CA","Goleta, CA",10000+ employees,1925,Government,Security Services,Business Services,$10 to $25 million (USD),-1,0,0,116,209,162.5,"Tecolote Research
",CA,1,95,0,0,0,0,1
Data Scientist,$46K-$77K (Glassdoor est.),"Data Scientist
Location: Linthicum, MD

We are looking for a data scientist to join our analytics team. Responsibilities include building models, cleaning data and communicating insights. Required skills: Spark, AWS, SQL.",4.0,"Gallup
4.0","Linthicum, MD","Linthicum, MD",10000+ employees,1854,Other Organization,Health Care Services & Hospitals,Health Care,$10+ billion (USD),-1,0,0,46,77,61.5,"Gallup
",MD,1,166,0,0,1,1,0
Director of Data Science,$149K-$217K (Glassdoor est.),"Director of Data Science
Location: San Francisco, CA

We are looking for a director of data science to join our analytics team. Responsibilities include building models, cleaning data and communicating insights. Required skills: Spark, AWS, Excel, SQL.",3.5,"Liberty Mutual
3.5","San Francisco, CA","Tampa, FL",501 to 1000 employees,-1,Subsidiary or Business Segment,Aerospace & Defense,Aerospace & Defense,$10 to $25 million (USD),-1,0,0,149,217,183.0,"Liberty Mutual
",CA,0,-1,0,0,1,1,1
Machine Learning Engineer,$88K-$145K (Glassdoor est.),"Machine Learning Engineer
Location: Cambridge, MA

We are looking for a machine learning engineer to join our analytics team. Responsibilities include building models, cleaning data and communicating insights. Required skills: Python, Excel, SQL.",3.1,"Rochester Regional Health
3.1","Cambridge, MA","Boston, MA",1001 to 5000 employees,1912,Nonprofit Organization,Energy,"Oil, Gas, Energy & Utilities",$500 million to $1 billion (USD),-1,0,0,88,145,116.5,"Rochester Regional Health
",MA,1,108,1,0,0,0,1
Director of Data Science,$138K-$213K (Glassdoor est.),"Director of Data Science
Location: Goleta, CA

We are looking for a director of data science to join our analytics team. Responsibilities include building models, cleaning data and communicating insights. Required skills: Python, AWS, Excel, SQL.",-1.0,Lockheed Martin,"Goleta, CA","Linthicum, MD",201 to 500 employees,2008,Subsidiary or Business Segment,Insurance Carriers,Insurance,Unknown / Non-Applicable,"Tecolote Research, Rochester Regional Health",0,0,138,213,175.5,Lockheed Martin,CA,0,12,1,0,0,1,1
Data Scientist,$116K-$185K (Glassdoor est.),"Data Scientist
Location: Arlington, VA

We are looking for a data scientist to join our analytics team. Responsibilities include building models, cleaning data and communicating insights. Required skills: AWS, Excel, SQL.",-1.0,University of Maryland Medical System,"Arlington, VA","New York, NY",10000+ employees,1917,Subsidiary or Business Segment,Security Services,Business Services,$500 million to $1 billion (USD),"ClearOne Advantage, Novartis",0,0,116,185,150.5,University of Maryland Medical System,VA,0,103,0,0,0,1,1
Data Analyst,$70K-$111K (Glassdoor est.),"Data Analyst
Location: Richland, WA

We are looking for a data analyst to join our analytics team. Responsibilities include building models, cleaning data and communicating insights. Required skills: Python, SQL.",3.2,"University of Maryland Medical System
3.2","Richland, WA","Chicago, IL",201 to 500 employees,1858,Other Organization,Security Services,Business Services,$1 to $5 million (USD),-1,0,0,70,111,90.5,"University of Maryland Medical System
",WA,0,162,1,0,0,0,0
Data Analyst,$63K-$111K (Glassdoor est.),"Data Analyst
Location: Goleta, CA

We are looking for a data analyst to join our analytics team. Responsibilities include building models, cleaning data and communicating insights. Required skills: Spark, SQL.",4.4,"Walmart
4.4","Goleta, CA","San Francisco, CA",501 to 1000 employees,1973,Other Organization,Security Services,Business Services,$1 to $2 billion (USD),"Tecolote Research, MassMutual",0,0,63,111,87.0,"Walmart
",CA,1,47,0,0,1,0,0
Data Analyst,$25K-$40K (Glassdoor est.),"Data Analyst
Location: Austin, TX

We are looking for a data analyst to join our analytics team. Responsibilities include building models, cleaning data and communicating insights. Required skills: Spark, AWS, SQL.",3.3,"Gallup
3.3","Austin, TX","New York, NY",51 to 200 employees,1858,Subsidiary or Business Segment,Computer Hardware & Software,Information Technology,$10+ billion (USD),-1,0,0,25,40,32.5,"Gallup
",TX,0,162,0,0,1,1,0
Senior Data Scientist,$84K-$121K (Glassdoor est.),"Senior Data Scientist
Location: Chicago, IL

We are looking for a senior data scientist to join our analytics team. Responsibilities include building models, cleaning data and communicating insights. Required skills: Spark, Excel, SQL.",2.4,"Tecolote Research
2.4","Chicago, IL","Chicago, IL",10000+ employees,2002,Company - Public,Biotech & Pharmaceuticals,Biotech & Pharmaceuticals,$10+ billion (USD),-1,0,0,84,121,102.5,"Tecolote Research
",IL,1,18,0,0,1,0,1
Lead Data Scientist,$108K-$175K (Glassdoor est.),"Lead Data Scientist
Location: Goleta, CA

We are looking for a lead data scientist to join our analytics team. Responsibilities include building models, cleaning data and communicating insights. Required skills: Python, SQL.",4.7,"Novartis
4.7","Goleta, CA","San Francisco, CA",5001 to 10000 employees,1920,Government,Insurance Carriers,Insurance,$1 to $5 million (USD),"Tecolote Research, CyrusOne",0,0,108,175,141.5,"Novartis
",CA,1,100,1,0,0,0,0
Data Analyst,$85K-$149K (Glassdoor est.),"Data Analyst
Location: Boston, MA

We are looking for a data analyst to join our analytics team. Responsibilities include building models, cleaning data and communicating insights. Required skills: Python, Spark, Excel, SQL.",4.1,"Rochester Regional Health
4.1","Boston, MA","Cambridge, MA",501 to 1000 employees,1897,Company - Public,Security Services,Business Services,Unknown / Non-Applicable,-1,0,0,85,149,117.0,"Rochester Regional Health
",MA,1,123,1,0,1,0,1
Machine Learning Engineer,$26-$40 Per Hour(Glassdoor est.),"Machine Learning Engineer
Location: Baltimore, MD

We are looking for a machine learning engineer to join our analytics team. Responsibilities include building models, cleaning data and communicating insights. Required skills: Spark, AWS, Excel, SQL.",4.3,"Novartis
4.3","Baltimore, MD","Baltimore, MD",5001 to 10000 employees,2015,Other Organization,IT Services,Information Technology,$1 to $5 million (USD),"Numerator, Tecolote Research",1,0,52,80,66.0,"Novartis
",MD,1,5,0,0,1,1,1
Data Scientist,$58K-$109K (Glassdoor est.),"Data Scientist
Location: Boston, MA

We are looking for a data scientist to join our analytics team. Responsibilities include building models, cleaning data and communicating insights. Required skills: Spark, Excel, SQL.",3.3,"Logic20/20
3.3","Boston, MA","Boston, MA",501 to 1000 employees,1907,Company - Public,Insurance Carriers,Insurance,$50 to $100 million (USD),-1,0,0,58,109,83.5,"Logic20/20
",MA,1,113,0,0,1,0,1
Senior Data Scientist,$95K-$149K (Glassdoor est.),"Senior Data Scientist
Location: Tampa, FL

We are looking for a senior data scientist to join our analytics team. Responsibilities include building models, cleaning data and communicating insights. Required skills: Excel, SQL.",3.7,"Guardian Life
3.7","Tampa, FL","Tampa, FL",501 to 1000 employees,1844,Subsidiary or Business Segment,Energy,"Oil, Gas, Energy & Utilities",$1 to $5 million (USD),-1,0,0,95,149,122.0,"Guardian Life
",FL,1,176,0,0,0,0,1
Data Scientist,$71K-$127K (Glassdoor est.),"Data Scientist
Location: New York, NY

We are looking for a data scientist to join our analytics team. Responsibilities include building models, cleaning data and communicating insights. Required skills: Python, AWS, SQL.",-1.0,Walmart,"New York, NY","Chicago, IL",501 to 1000 employees,1998,Nonprofit Organization,Internet,Information Technology,$1 to $2 billion (USD),"MassMutual, Visa",0,0,71,127,99.0,Walmart,NY,0,22,1,0,0,1,0
Data Scientist,$88K-$143K (Glassdoor est.),"Data Scientist
Location: San Jose, CA

We are looking for a data scientist to join our analytics team. Responsibilities include building models, cleaning data and communicating insights. Required skills: AWS, Excel, SQL.",3.3,"Walmart
3.3","San Jose, CA","Baltimore, MD",201 to 500 employees,1983,Nonprofit Organization,Energy,"Oil, Gas, Energy & Utilities",$50 to $100 million (USD),"Amazon, Gallup",0,0,88,143,115.5,"Walmart
",CA,0,37,0,0,0,1,1
Data Scientist,$62K-$95K (Glassdoor est.),"Data Scientist
Location: Chicago, IL

We are looking for a data scientist to join our analytics team. Responsibilities include building models, cleaning data and communicating insights. Required skills: SQL, statistics.",3.9,"Novartis
3.9","Chicago, IL","Clearwater, FL",5001 to 10000 employees,1940,Subsidiary or Business Segment,Health Care Services & Hospitals,Health Care,$500 million to $1 billion (USD),"IBM, Lockheed Martin",0,0,62,95,78.5,"Novartis
",IL,0,80,0,0,0,0,0
Data Engineer,$86K-$140K (Glassdoor est.),"Data Engineer
Location: San Jose, CA

We are looking for a data engineer to join our analytics team. Responsibilities include building models, cleaning data and communicating insights. Required skills: Python, Excel, SQL.",3.8,"IBM
3.8","San Jose, CA","San Jose, CA",1001 to 5000 employees,2003,Company - Public,IT Services,Information Technology,$10+ billion (USD),"KnowBe4, Guardian Life",0,0,86,140,113.0,"IBM
",CA,1,17,1,0,0,0,1
Data Engineer,$107K-$159K (Glassdoor est.),"Data Engineer
Location: Albuquerque, NM

We are looking for a data engineer to join our analytics team. Responsibilities include building models, cleaning data and communicating insights. Required skills: Python, SQL.",3.3,"Amazon
3.3","Albuquerque, NM","Albuquerque, NM",1001 to 5000 employees,1861,Government,Advertising & Marketing,Business Services,$10 to $25 million (USD),"Takeda, ClearOne Advantage",0,0,107,159,133.0,"Amazon
",NM,1,159,1,0,0,0,0
Lead Data Scientist,$108K-$157K (Glassdoor est.),"Lead Data Scientist
Location: Clearwater, FL

We are looking for a lead data scientist to join our analytics team. Responsibilities include building models, cleaning data and communicating insights. Required skills: Python, Excel, SQL.",4.0,"Liberty Mutual
4.0","Clearwater, FL","Boston, MA",1001 to 5000 employees,1923,Government,Insurance Carriers,Insurance,$10 to $25 million (USD),-1,0,0,108,157,132.5,"Liberty Mutual
",FL,0,97,1,0,0,0,1
Senior Data Scientist,$95K-$165K (Glassdoor est.),"Senior Data Scientist
Location: San Jose, CA

We are looking for a senior data scientist to join our analytics team. Responsibilities include building models, cleaning data and communicating insights. Required skills: Python, Spark, Excel, SQL.",3.8,"Amazon
3.8","San Jose, CA","San Francisco, CA",201 to 500 employees,1909,Company - Private,Security Services,Business Services,$10 to $25 million (USD),-1,0,0,95,165,130.0,"Amazon
",CA,1,111,1,0,1,0,1
Data Scientist,$91K-$155K (Glassdoor est.),"Data Scientist
Location: Cambridge, MA

We are looking for a data scientist to join our analytics team. Responsibilities include building models, cleaning data and communicating insights. Required skills: Python, SQL.",4.5,"Guardian Life
4.5","Cambridge, MA","New York, NY",501 to 1000 employees,1921,Other Organization,Aerospace & Defense,Aerospace & Defense,$50 to $100 million (USD),"Tecolote Research, Guardian Life",0,0,91,155,123.0,"Guardian Life
",MA,0,99,1,0,0,0,0
Data Scientist,$34K-$50K (Glassdoor est.),"Data Scientist
Location: New York, NY

We are looking for a data scientist to join our analytics team. Responsibilities include building models, cleaning data and communicating insights. Required skills: Python, Spark, Excel, SQL.",2.9,"CyrusOne
2.9","New York, NY","Dallas, TX",1 to 50 employees,1969,Other Organization,Health Care Services & Hospitals,Health Care,$50 to $100 million (USD),"PNNL, Gallup",0,0,34,50,42.0,"CyrusOne
",NY,0,51,1,0,1,0,1
Data Engineer,$92K-$166K (Glassdoor est.),"Data Engineer
Location: Tampa, FL

We are looking for a data engineer to join our analytics team. Responsibilities include building models, cleaning data and communicating insights. Required skills: Spark, SQL.",3.3,"Liberty Mutual
3.3","Tampa, FL","Clearwater, FL",51 to 200 employees,1852,Subsidiary or Business Segment,Aerospace & Defense,Aerospace & Defense,$1 to $2 billion (USD),-1,0,0,92,166,129.0,"Liberty Mutual
",FL,1,168,0,0,1,0,0
Data Scientist,$89K-$150K (Glassdoor est.),"Data Scientist
Location: New York, NY

We are looking for a data scientist to join our analytics team. Responsibilities include building models, cleaning data and communicating insights. Required skills: Python, AWS, Excel, SQL.",4.2,"University of Maryland Medical System
4.2","New York, NY","Cambridge, MA",10000+ employees,2000,Company - Private,Advertising & Marketing,Business Services,Unknown / Non-Applicable,-1,0,0,89,150,119.5,"University of Maryland Medical System
",NY,0,20,1,0,0,1,1
Healthcare Data Scientist,$59K-$102K (Glassdoor est.),"Healthcare Data Scientist
Location: New York, NY

We are looking for a healthcare data scientist to join our analytics team. Responsibilities include building models, cleaning data and communicating insights. Required skills: SQL, statistics.",4.1,"ClearOne Advantage
4.1","New York, NY","Austin, TX",1 to 50 employees,2013,Other Organization,Biotech & Pharmaceuticals,Biotech & Pharmaceuticals,$500 million to $1 billion (USD),-1,0,0,59,102,80.5,"ClearOne Advantage
",NY,0,7,0,0,0,0,0
Data Engineer,$59K-$99K (Glassdoor est.),"Data Engineer
Location: Boston, MA

We are looking for a data engineer to join our analytics team. Responsibilities include building models, cleaning data and communicating insights. Required skills: Excel, SQL.",5.0,"PNNL
5.0","Boston, MA","Cambridge, MA",5001 to 10000 employees,1887,Company - Private,Advertising & Marketing,Business Services,$1 to $2 billion (USD),"Walmart, Takeda",0,0,59,99,79.0,"PNNL
",MA,1,133,0,0,0,0,1
Senior Data Scientist,$94K-$155K (Glassdoor est.),"Senior Data Scientist
Location: Arlington, VA

We are looking for a senior data scientist to join our analytics team. Responsibilities include building models, cleaning data and communicating insights. Required skills: SQL, statistics.",3.9,"Logic20/20
3.9","Arlington, VA","Richland, WA",51 to 200 employees,1938,Company - Public,Aerospace & Defense,Aerospace & Defense,$10 to $25 million (USD),-1,0,0,94,155,124.5,"Logic20/20
",VA,0,82,0,0,0,0,0
Data Engineer,$98K-$166K (Glassdoor est.),"Data Engineer
Location: Austin, TX

We are looking for a data engineer to join our analytics team. Responsibilities include building models, cleaning data and communicating insights. Required skills: AWS, Excel, SQL.",3.9,"PNNL
3.9","Austin, TX","San Francisco, CA",10000+ employees,1952,Company - Private,Security Services,Business Services,$1 to $2 billion (USD),-1,0,0,98,166,132.0,"PNNL
",TX,0,68,0,0,0,1,1
Healthcare Data Scientist,$87K-$124K (Glassdoor est.),"Healthcare Data Scientist
Location: San Francisco, CA

We are looking for a healthcare data scientist to join our analytics team. Responsibilities include building models, cleaning data and communicating insights. Required skills: Python, SQL.",4.5,"Visa
4.5","San Francisco, CA","Albuquerque, NM",1001 to 5000 employees,2001,Company - Public,Aerospace & Defense,Aerospace & Defense,Unknown / Non-Applicable,"Numerator, Liberty Mutual",0,0,87,124,105.5,"Visa
",CA,0,19,1,0,0,0,0
Data Scientist,$122K-$168K (Glassdoor est.),"Data Scientist
Location: Cambridge, MA

We are looking for a data scientist to join our analytics team. Responsibilities include building models, cleaning data and communicating insights. Required skills: Python, Spark, Excel, SQL.",3.9,"MassMutual
3.9","Cambridge, MA","Boston, MA",1001 to 5000 employees,1845,Government,Aerospace & Defense,Aerospace & Defense,$10+ billion (USD),-1,0,0,122,168,145.0,"MassMutual
",MA,1,175,1,0,1,0,1
Senior Data Scientist,$110K-$192K (Glassdoor est.),"Senior Data Scientist
Location: Goleta, CA

We are looking for a senior data scientist to join our analytics team. Responsibilities include building models, cleaning data and communicating insights. Required skills: Python, SQL.",3.8,"Novartis
3.8","Goleta, CA","San Jose, CA",501 to 1000 employees,1925,Government,Security Services,Business Services,$100 to $500 million (USD),-1,0,0,110,192,151.0,"Novartis
",CA,1,95,1,0,0,0,0
Data Scientist,$124K-$183K (Glassdoor est.),"Data Scientist
Location: Seattle, WA

We are looking for a data scientist to join our analytics team. Responsibilities include building models, cleaning data and communicating insights. Required skills: SQL, statistics.",3.6,"Affinity Solutions
3.6","Seattle, WA","Seattle, WA",201 to 500 employees,1897,Government,Advertising & Marketing,Business Services,$1 to $2 billion (USD),"University of Maryland Medical System, Lockheed Martin",0,0,124,183,153.5,"Affinity Solutions
",WA,1,123,0,0,0,0,0
Research Scientist,$96K-$177K (Glassdoor est.),"Research Scientist
Location: San Jose, CA

We are looking for a research scientist to join our analytics team. Responsibilities include building models, cleaning data and communicating insights. Required skills: AWS, Excel, SQL.",3.7,"Visa
3.7","San Jose, CA","Austin, TX",501 to 1000 employees,1984,Other Organization,Energy,"Oil, Gas, Energy & Utilities",$500 million to $1 billion (USD),"Lockheed Martin, Affinity Solutions",0,0,96,177,136.5,"Visa
",CA,0,36,0,0,0,1,1
Research Scientist,$115K-$172K (Glassdoor est.),"Research Scientist
Location: New York, NY

We are looking for a research scientist to join our analytics team. Responsibilities include building models, cleaning data and communicating insights. Required skills: Python, Excel, SQL.",4.0,"MassMutual
4.0","New York, NY","New York, NY",1 to 50 employees,1877,Nonprofit Organization,Computer Hardware & Software,Information Technology,$50 to $100 million (USD),"Affinity Solutions, Tecolote Research",0,0,115,172,143.5,"MassMutual
",NY,1,143,1,0,0,0,1
Data Analyst,$15K-$7K (Glassdoor est.),"Data Analyst
Location: Baltimore, MD

We are looking for a data analyst to join our analytics team. Responsibilities include building models, cleaning data and communicating insights. Required skills: SQL, statistics.",3.1,"Gallup
3.1","Baltimore, MD","Linthicum, MD",5001 to 10000 employees,1978,Company - Public,Computer Hardware & Software,Information Technology,$10 to $25 million (USD),"IBM, Reynolds American",0,0,15,7,11.0,"Gallup
",MD,1,42,0,0,0,0,0
Senior Data Scientist,$93K-$150K (Glassdoor est.),"Senior Data Scientist
Location: Cambridge, MA

We are looking for a senior data scientist to join our analytics team. Responsibilities include building models, cleaning data and communicating insights. Required skills: Spark, AWS, Excel, SQL.",3.2,"Affinity Solutions
3.2","Cambridge, MA","Linthicum, MD",1001 to 5000 employees,1964,Company - Public,Health Care Services & Hospitals,Health Care,$10 to $25 million (USD),-1,0,0,93,150,121.5,"Affinity Solutions
",MA,0,56,0,0,1,1,1
Data Analyst,$52K-$82K (Glassdoor est.),"Data Analyst
Location: New York, NY

We are looking for a data analyst to join our analytics team. Responsibilities include building models, cleaning data and communicating insights. Required skills: Python, Spark, SQL.",3.6,"IBM
3.6","New York, NY","New York, NY",5001 to 10000 employees,1916,Other Organization,Computer Hardware & Software,Information Technology,$50 to $100 million (USD),"Affinity Solutions, Liberty Mutual",0,0,52,82,67.0,"IBM
",NY,1,104,1,0,1,0,0
Senior Data Scientist,$111K-$175K (Glassdoor est.),"Senior Data Scientist
Location: Goleta, CA

We are looking for a senior data scientist to join our analytics team. Responsibilities include building models, cleaning data and communicating insights. Required skills: Excel, SQL.",3.7,"Visa
3.7","Goleta, CA","Clearwater, FL",1001 to 5000 employees,1902,Subsidiary or Business Segment,Computer Hardware & Software,Information Technology,$100 to $500 million (USD),-1,0,0,111,175,143.0,"Visa
",CA,0,118,0,0,0,0,1
Senior Data Scientist,$81K-$136K (Glassdoor est.),"Senior Data Scientist
Location: New York, NY

We are looking for a senior data scientist to join our analytics team. Responsibilities include building models, cleaning data and communicating insights. Required skills: Python, Excel, SQL.",3.2,"Affinity Solutions
3.2","New York, NY","Baltimore, MD",1 to 50 employees,1879,Company - Private,Insurance Carriers,Insurance,$10+ billion (USD),-1,0,0,81,136,108.5,"Affinity Solutions
",NY,0,141,1,0,0,0,1
Data Engineer,$124K-$175K (Glassdoor est.),"Data Engineer
Location: Austin, TX

We are looking for a data engineer to join our analytics team. Responsibilities include building models, cleaning data and communicating insights. Required skills: SQL, statistics.",3.5,"Novartis
3.5","Austin, TX","Seattle, WA",1 to 50 employees,1927,Company - Private,Aerospace & Defense,Aerospace & Defense,$1 to $2 billion (USD),-1,0,0,124,175,149.5,"Novartis
",TX,0,93,0,0,0,0,0
Lead Data Scientist,$124K-$193K (Glassdoor est.),"Lead Data Scientist
Location: Seattle, WA

We are looking for a lead data scientist to join our analytics team. Responsibilities include building models, cleaning data and communicating insights. Required skills: Python, Excel, SQL.",3.1,"Novartis
3.1","Seattle, WA","Seattle, WA",51 to 200 employees,1852,Company - Private,Biotech & Pharmaceuticals,Biotech & Pharmaceuticals,$50 to $100 million (USD),"Logic20/20, Rochester Regional Health",0,0,124,193,158.5,"Novartis
",WA,0,168,1,0,0,0,1
Senior Data Scientist,$83K-$141K (Glassdoor est.),"Senior Data Scientist
Location: Goleta, CA

We are looking for a senior data scientist to join our analytics team. Responsibilities include building models, cleaning data and communicating insights. Required skills: Spark, SQL.",5.0,"KnowBe4
5.0","Goleta, CA","Seattle, WA",1001 to 5000 employees,1974,Company - Public,Aerospace & Defense,Aerospace & Defense,Unknown / Non-Applicable,-1,0,0,83,141,112.0,"KnowBe4
",CA,0,46,0,0,1,0,0
Data Analyst,$30K-$56K (Glassdoor est.),"Data Analyst
Location: San Francisco, CA

We are looking for a data analyst to join our analytics team. Responsibilities include building models, cleaning data and communicating insights. Required skills: AWS, Excel, SQL.",4.0,"Pfizer
4.0","San Francisco, CA","San Jose, CA",5001 to 10000 employees,-1,Company - Public,Biotech & Pharmaceuticals,Biotech & Pharmaceuticals,$1 to $2 billion (USD),"IBM, KnowBe4",0,0,30,56,43.0,"Pfizer
",CA,1,-1,0,0,0,1,1
Data Scientist,$79K-$122K (Glassdoor est.),"Data Scientist
Location: San Jose, CA

We are looking for a data scientist to join our analytics team. Responsibilities include building models, cleaning data and communicating insights. Required skills: Python, Spark, AWS, SQL.",4.0,"Visa
4.0","San Jose, CA","New York, NY",10000+ employees,-1,Nonprofit Organization,Computer Hardware & Software,Information Technology,$10+ billion (USD),-1,0,0,79,122,100.5,"Visa
",CA,0,-1,1,0,1,1,0
Lead Data Scientist,$120K-$181K (Glassdoor est.),"Lead Data Scientist
Location: Arlington, VA

We are looking for a lead data scientist to join our analytics team. Responsibilities include building models, cleaning data and communicating insights. Required skills: Spark, SQL.",3.3,"Walmart
3.3","Arlington, VA","Austin, TX",51 to 200 employees,-1,Nonprofit Organization,Internet,Information Technology,$500 million to $1 billion (USD),-1,0,0,120,181,150.5,"Walmart
",VA,0,-1,0,0,1,0,0
Data Scientist,$81K-$114K (Glassdoor est.),"Data Scientist
Location: Chicago, IL

We are looking for a data scientist to join our analytics team. Responsibilities include building models, cleaning data and communicating insights. Required skills: SQL, statistics.",4.6,"PNNL
4.6","Chicago, IL","Chicago, IL",501 to 1000 employees,1996,Subsidiary or Business Segment,Aerospace & Defense,Aerospace & Defense,$10+ billion (USD),-1,0,0,81,114,97.5,"PNNL
",IL,1,24,0,0,0,0,0
Data Analyst,$65K-$114K (Glassdoor est.),"Data Analyst
Location: Cambridge, MA

We are looking for a data analyst to join our analytics team. Responsibilities include building models, cleaning data and communicating insights. Required skills: AWS, Excel, SQL.",3.3,"Reynolds American
3.3","Cambridge, MA","Richland, WA",501 to 1000 employees,-1,Company - Public,Security Services,Business Services,$10 to $25 million (USD),"KnowBe4, PNNL",0,0,65,114,89.5,"Reynolds American
",MA,0,-1,0,0,0,1,1
Research Scientist,$93K-$159K (Glassdoor est.),"Research Scientist
Location: Austin, TX

We are looking for a research scientist to join our analytics team. Responsibilities include building models, cleaning data and communicating insights. Required skills: Excel, SQL.",4.0,"Visa
4.0","Austin, TX","Baltimore, MD",201 to 500 employees,1989,Nonprofit Organization,Biotech & Pharmaceuticals,Biotech & Pharmaceuticals,$1 to $5 million (USD),-1,0,0,93,159,126.0,"Visa
",TX,0,31,0,0,0,0,1
Senior Data Scientist,$111K-$193K (Glassdoor est.),"Senior Data Scientist
Location: Baltimore, MD

We are looking for a senior data scientist to join our analytics team. Responsibilities include building models, cleaning data and communicating insights. Required skills: AWS, SQL.",3.7,"MassMutual
3.7","Baltimore, MD","Chicago, IL",51 to 200 employees,1882,Other Organization,Health Care Services & Hospitals,Health Care,$10 to $25 million (USD),-1,0,0,111,193,152.0,"MassMutual
",MD,0,138,0,0,0,1,0
Data Analyst,$46K-$71K (Glassdoor est.),"Data Analyst
Location: New York, NY

We are looking for a data analyst to join our analytics team. Responsibilities include building models, cleaning data and communicating insights. Required skills: Python, Excel, SQL.",4.4,"ClearOne Advantage
4.4","New York, NY","New York, NY",1 to 50 employees,1904,Company - Public,Health Care Services & Hospitals,Health Care,$100 to $500 million (USD),-1,0,0,46,71,58.5,"ClearOne Advantage
",NY,1,116,1,0,0,0,1
Data Scientist,$97K-$134K (Glassdoor est.),"Data Scientist
Location: New York, NY

We are looking for a data scientist to join our analytics team. Responsibilities include building models, cleaning data and communicating insights. Required skills: Excel, SQL.",3.0,"University of Maryland Medical System
3.0","New York, NY","Richland, WA",51 to 200 employees,1847,Company - Private,Biotech & Pharmaceuticals,Biotech & Pharmaceuticals,$1 to $5 million (USD),-1,0,0,97,134,115.5,"University of Maryland Medical System
",NY,0,173,0,0,0,0,1
Data Scientist,$87K-$157K (Glassdoor est.),"Data Scientist
Location: San Jose, CA

We are looking for a data scientist to join our analytics team. Responsibilities include building models, cleaning data and communicating insights. Required skills: Excel, SQL.",3.4,"CyrusOne
3.4","San Jose, CA","San Francisco, CA",10000+ employees,1957,Subsidiary or Business Segment,Biotech & Pharmaceuticals,Biotech & Pharmaceuticals,Unknown / Non-Applicable,-1,0,0,87,157,122.0,"CyrusOne
",CA,1,63,0,0,0,0,1
Machine Learning Engineer,$101K-$158K (Glassdoor est.),"Machine Learning Engineer
Location: Cambridge, MA

We are looking for a machine learning engineer to join our analytics team. Responsibilities include building models, cleaning data and communicating insights. Required skills: Python, Excel, SQL.",3.9,"Gallup
3.9","Cambridge, MA","Dallas, TX",1001 to 5000 employees,2015,Company - Private,Energy,"Oil, Gas, Energy & Utilities",$100 to $500 million (USD),"Novartis, Tecolote Research",0,0,101,158,129.5,"Gallup
",MA,0,5,1,0,0,0,1
Data Engineer,$76K-$125K (Glassdoor est.),"Data Engineer
Location: Richland, WA

We are looking for a data engineer to join our analytics team. Responsibilities include building models, cleaning data and communicating insights. Required skills: Python, SQL.",4.9,"Gallup
4.9","Richland, WA","Richland, WA",51 to 200 employees,1834,Company - Private,Aerospace & Defense,Aerospace & Defense,$100 to $500 million (USD),"Tecolote Research, ClearOne Advantage",0,0,76,125,100.5,"Gallup
",WA,1,186,1,0,0,0,0
Senior Data Scientist,$126K-$185K (Glassdoor est.),"Senior Data Scientist
Location: Dallas, TX

We are looking for a senior data scientist to join our analytics team. Responsibilities include building models, cleaning data and communicating insights. Required skills: Python, SQL.",3.0,"Visa
3.0","Dallas, TX","Richland, WA",501 to 1000 employees,1987,Nonprofit Organization,Insurance Carriers,Insurance,$1 to $2 billion (USD),"Blue Cross Blue Shield, MassMutual",0,0,126,185,155.5,"Visa
",TX,0,33,1,0,0,0,0
Director of Data Science,Employer Provided Salary:$121K-$232K,"Director of Data Science
Location: New York, NY

We are looking for a director of data science to join our analytics team. Responsibilities include building models, cleaning data and communicating insights. Required skills: Python, SQL.",3.7,"IBM
3.7","New York, NY","New York, NY",5001 to 10000 employees,1978,Subsidiary or Business Segment,Computer Hardware & Software,Information Technology,$10+ billion (USD),-1,0,1,121,232,176.5,"IBM
",NY,1,42,1,0,0,0,0
Senior Data Scientist,Employer Provided Salary:$65K-$106K,"Senior Data Scientist
Location: New York, NY

We are looking for a senior data scientist to join our analytics team. Responsibilities include building models, cleaning data and communicating insights. Required skills: Spark, AWS, Excel, SQL.",3.7,"Blue Cross Blue Shield
3.7","New York, NY","New York, NY",501 to 1000 employees,1914,Government,Advertising & Marketing,Business Services,$1 to $2 billion (USD),-1,0,1,65,106,85.5,"Blue Cross Blue Shield
",NY,1,106,0,0,1,1,1
Data Scientist,$77K-$132K (Glassdoor est.),"Data Scientist
Location: Linthicum, MD

We are looking for a data scientist to join our analytics team. Responsibilities include building models, cleaning data and communicating insights. Required skills: SQL, statistics.",3.8,"Affinity Solutions
3.8","Linthicum, MD","Boston, MA",1 to 50 employees,1989,Government,IT Services,Information Technology,$10 to $25 million (USD),-1,0,0,77,132,104.5,"Affinity Solutions
",MD,0,31,0,0,0,0,0
Data Analyst,$58K-$99K (Glassdoor est.),"Data Analyst
Location: New York, NY

We are looking for a data analyst to join our analytics team. Responsibilities include building models, cleaning data and communicating insights. Required skills: Python, SQL.",4.0,"Rochester Regional Health
4.0","New York, NY","Chicago, IL",501 to 1000 employees,1831,Government,Energy,"Oil, Gas, Energy & Utilities",$50 to $100 million (USD),"Guardian Life, Liberty Mutual",0,0,58,99,78.5,"Rochester Regional Health
",NY,0,189,1,0,0,0,0
Data Scientist,$71K-$117K (Glassdoor est.),"Data Scientist
Location: Seattle, WA

We are looking for a data scientist to join our analytics team. Responsibilities include building models, cleaning data and communicating insights. Required skills: Spark, Excel, SQL.",4.3,"PNNL
4.3","Seattle, WA","Baltimore, MD",5001 to 10000 employees,1918,Other Organization,Biotech & Pharmaceuticals,Biotech & Pharmaceuticals,$100 to $500 million (USD),"Blue Cross Blue Shield, CyrusOne",0,0,71,117,94.0,"PNNL
",WA,0,102,0,0,1,0,1
Data Engineer,$92K-$153K (Glassdoor est.),"Data Engineer
Location: Chicago, IL

We are looking for a data engineer to join our analytics team. Responsibilities include building models, cleaning data and communicating insights. Required skills: Python, Spark, SQL.",4.2,"Pfizer
4.2","Chicago, IL","Chicago, IL",1 to 50 employees,1978,Company - Private,Biotech & Pharmaceuticals,Biotech & Pharmaceuticals,$50 to $100 million (USD),-1,0,0,92,153,122.5,"Pfizer
",IL,1,42,1,0,1,0,0
Senior Data Scientist,$113K-$205K (Glassdoor est.),"Senior Data Scientist
Location: Dallas, TX

We are looking for a senior data scientist to join our analytics team. Responsibilities include building models, cleaning data and communicating insights. Required skills: Excel, SQL.",2.3,"Tecolote Research
2.3","Dallas, TX","Austin, TX",501 to 1000 employees,1922,Company - Private,Aerospace & Defense,Aerospace & Defense,$10+ billion (USD),-1,0,0,113,205,159.0,"Tecolote Research
",TX,1,98,0,0,0,0,1
Data Engineer,$92K-$138K (Glassdoor est.),"Data Engineer
Location: Cambridge, MA

We are looking for a data engineer to join our analytics team. Responsibilities include building models, cleaning data and communicating insights. Required skills: Python, AWS, Excel, SQL.",4.6,"MassMutual
4.6","Cambridge, MA","Boston, MA",51 to 200 employees,1906,Company - Public,Insurance Carriers,Insurance,$50 to $100 million (USD),-1,0,0,92,138,115.0,"MassMutual
",MA,1,114,1,0,0,1,1
Research Scientist,$82K-$130K (Glassdoor est.),"Research Scientist
Location: Seattle, WA

We are looking for a research scientist to join our analytics team. Responsibilities include building models, cleaning data and communicating insights. Required skills: Spark, Excel, SQL.",4.9,"Tecolote Research
4.9","Seattle, WA","Richland, WA",1 to 50 employees,1994,Subsidiary or Business Segment,Aerospace & Defense,Aerospace & Defense,$10+ billion (USD),"Pfizer, Liberty Mutual",0,0,82,130,106.0,"Tecolote Research
",WA,1,26,0,0,1,0,1
Data Engineer,$97K-$170K (Glassdoor est.),"Data Engineer
Location: New York, NY

We are looking for a data engineer to join our analytics team. Responsibilities include building models, cleaning data and communicating insights. Required skills: Python, SQL.",3.5,"Guardian Life
3.5","New York, NY","Dallas, TX",501 to 1000 employees,1855,Company - Private,Energy,"Oil, Gas, Energy & Utilities",Unknown / Non-Applicable,-1,0,0,97,170,133.5,"Guardian Life
",NY,0,165,1,0,0,0,0
Data Engineer,$56K-$92K (Glassdoor est.),"Data Engineer
Location: Arlington, VA

We are looking for a data engineer to join our analytics team. Responsibilities include building models, cleaning data and communicating insights. Required skills: Python, SQL.",3.7,"ClearOne Advantage
3.7","Arlington, VA","Arlington, VA",51 to 200 employees,1877,Other Organization,Aerospace & Defense,Aerospace & Defense,Unknown / Non-Applicable,-1,0,0,56,92,74.0,"ClearOne Advantage
",VA,1,143,1,0,0,0,0
Data Scientist,Employer Provided Salary:$99K-$160K,"Data Scientist
Location: San Francisco, CA

We are looking for a data scientist to join our analytics team. Responsibilities include building models, cleaning data and communicating insights. Required skills: AWS, SQL.",4.4,"CyrusOne
4.4","San Francisco, CA","San Francisco, CA",501 to 1000 employees,2014,Company - Private,Security Services,Business Services,$10+ billion (USD),-1,0,1,99,160,129.5,"CyrusOne
",CA,1,6,0,0,0,1,0
Healthcare Data Scientist,$52K-$83K (Glassdoor est.),"Healthcare Data Scientist
Location: Chicago, IL

We are looking for a healthcare data scientist to join our analytics team. Responsibilities include building models, cleaning data and communicating insights. Required skills: AWS, Excel, SQL.",4.2,"Tecolote Research
4.2","Chicago, IL","Chicago, IL",51 to 200 employees,1920,Other Organization,Internet,Information Technology,$100 to $500 million (USD),"Liberty Mutual, Amazon",0,0,52,83,67.5,"Tecolote Research
",IL,1,100,0,0,0,1,1
Data Analyst,$45K-$81K (Glassdoor est.),"Data Analyst
Location: Austin, TX

We are looking for a data analyst to join our analytics team. Responsibilities include building models, cleaning data and communicating insights. Required skills: Excel, SQL.",3.7,"Lockheed Martin
3.7","Austin, TX","Austin, TX",501 to 1000 employees,-1,Government,Energy,"Oil, Gas, Energy & Utilities",$10+ billion (USD),-1,0,0,45,81,63.0,"Lockheed Martin
",TX,1,-1,0,0,0,0,1
Research Scientist,$90K-$144K (Glassdoor est.),"Research Scientist
Location: Boston, MA

We are looking for a research scientist to join our analytics team. Responsibilities include building models, cleaning data and communicating insights. Required skills: Python, Excel, SQL.",3.9,"Blue Cross Blue Shield
3.9","Boston, MA","Boston, MA",51 to 200 employees,1840,Nonprofit Organization,Energy,"Oil, Gas, Energy & Utilities",$10 to $25 million (USD),-1,0,0,90,144,117.0,"Blue Cross Blue Shield
",MA,1,180,1,0,0,0,1
Senior Data Scientist,$123K-$194K (Glassdoor est.),"Senior Data Scientist
Location: New York, NY

We are looking for a senior data scientist to join our analytics team. Responsibilities include building models, cleaning data and communicating insights. Required skills: Python, AWS, Excel, SQL.",3.7,"Lockheed Martin
3.7","New York, NY","New York, NY",5001 to 10000 employees,1853,Government,Health Care Services & Hospitals,Health Care,$100 to $500 million (USD),-1,0,0,123,194,158.5,"Lockheed Martin
",NY,0,167,1,0,0,1,1
Data Engineer,$100K-$151K (Glassdoor est.),"Data Engineer
Location: San Jose, CA

We are looking for a data engineer to join our analytics team. Responsibilities include building models, cleaning data and communicating insights. Required skills: Python, Excel, SQL.",2.9,"Novartis
2.9","San Jose, CA","Cambridge, MA",501 to 1000 employees,1926,Company - Private,IT Services,Information Technology,Unknown / Non-Applicable,-1,0,0,100,151,125.5,"Novartis
",CA,0,94,1,0,0,0,1
Director of Data Science,$186K-$272K (Glassdoor est.),"Director of Data Science
Location: Goleta, CA

We are looking for a director of data science to join our analytics team. Responsibilities include building models, cleaning data and communicating insights. Required skills: Python, Spark, SQL.",3.8,"ClearOne Advantage
3.8","Goleta, CA","Boston, MA",1 to 50 employees,1860,Nonprofit Organization,Energy,"Oil, Gas, Energy & Utilities",$1 to $5 million (USD),-1,0,0,186,272,229.0,"ClearOne Advantage
",CA,0,160,1,0,1,0,0
Data Engineer,$88K-$134K (Glassdoor est.),"Data Engineer
Location: New York, NY

We are looking for a data engineer to join our analytics team. Responsibilities include building models, cleaning data and communicating insights. Required skills: SQL, statistics.",4.2,"Novartis
4.2","New York, NY","New York, NY",10000+ employees,1934,Nonprofit Organization,Computer Hardware & Software,Information Technology,$1 to $5 million (USD),-1,0,0,88,134,111.0,"Novartis
",NY,1,86,0,0,0,0,0
Data Analyst,$60K-$101K (Glassdoor est.),"Data Analyst
Location: Chicago, IL

We are looking for a data analyst to join our analytics team. Responsibilities include building models, cleaning data and communicating insights. Required skills: Excel, SQL.",3.9,"IBM
3.9","Chicago, IL","Chicago, IL",201 to 500 employees,1886,Company - Public,Computer Hardware & Software,Information Technology,$1 to $2 billion (USD),"Gallup, Visa",0,0,60,101,80.5,"IBM
",IL,1,134,0,0,0,0,1
Data Scientist,$83K-$149K (Glassdoor est.),"Data Scientist
Location: Goleta, CA

We are looking for a data scientist to join our analytics team. Responsibilities include building models, cleaning data and communicating insights. Required skills: Spark, AWS, SQL.",3.9,"IBM
3.9","Goleta, CA","Richland, WA",51 to 200 employees,1872,Government,Insurance Carriers,Insurance,$10+ billion (USD),"Logic20/20, Amazon",0,0,83,149,116.0,"IBM
",CA,0,148,0,0,1,1,0
Data Analyst,$66K-$94K (Glassdoor est.),"Data Analyst
Location: San Francisco, CA

We are looking for a data analyst to join our analytics team. Responsibilities include building models, cleaning data and communicating insights. Required skills: Python, AWS, SQL.",4.1,"Logic20/20
4.1","San Francisco, CA","Goleta, CA",1001 to 5000 employees,1844,Company - Public,Aerospace & Defense,Aerospace & Defense,$1 to $2 billion (USD),"PNNL, Blue Cross Blue Shield",0,0,66,94,80.0,"Logic20/20
",CA,0,176,1,0,0,1,0
Data Engineer,$81K-$146K (Glassdoor est.),"Data Engineer
Location: Baltimore, MD

We are looking for a data engineer to join our analytics team. Responsibilities include building models, cleaning data and communicating insights. Required skills: SQL, statistics.",3.8,"Guardian Life
3.8","Baltimore, MD","Linthicum, MD",51 to 200 employees,1978,Government,Internet,Information Technology,$1 to $5 million (USD),-1,0,0,81,146,113.5,"Guardian Life
",MD,1,42,0,0,0,0,0
Data Scientist,$102K-$175K (Glassdoor est.),"Data Scientist
Location: Cambridge, MA

We are looking for a data scientist to join our analytics team. Responsibilities include building models, cleaning data and communicating insights. Required skills: Python, AWS, Excel, SQL.",3.9,"MassMutual
3.9","Cambridge, MA","Baltimore, MD",51 to 200 employees,1947,Company - Public,Security Services,Business Services,$100 to $500 million (USD),-1,0,0,102,175,138.5,"MassMutual
",MA,0,73,1,0,0,1,1
Senior Data Scientist,$106K-$177K (Glassdoor est.),"Senior Data Scientist
Location: Boston, MA

We are looking for a senior data scientist to join our analytics team. Responsibilities include building models, cleaning data and communicating insights. Required skills: Excel, SQL.",3.8,"Takeda
3.8","Boston, MA","Seattle, WA",1 to 50 employees,1999,Subsidiary or Business Segment,Biotech & Pharmaceuticals,Biotech & Pharmaceuticals,$50 to $100 million (USD),-1,0,0,106,177,141.5,"Takeda
",MA,0,21,0,0,0,0,1
Data Analyst,$56K-$86K (Glassdoor est.),"Data Analyst
Location: Clearwater, FL

We are looking for a data analyst to join our analytics team. Responsibilities include building models, cleaning data and communicating insights. Required skills: Python, SQL.",3.0,"ClearOne Advantage
3.0","Clearwater, FL","Seattle, WA",5001 to 10000 employees,1876,Nonprofit Organization,Insurance Carriers,Insurance,$1 to $2 billion (USD),"Takeda, Pfizer",0,0,56,86,71.0,"ClearOne Advantage
",FL,0,144,1,0,0,0,0
Senior Data Scientist,$95K-$143K (Glassdoor est.),"Senior Data Scientist
Location: Albuquerque, NM

We are looking for a senior data scientist to join our analytics team. Responsibilities include building models, cleaning data and communicating insights. Required skills: Python, Excel, SQL.",3.6,"Tecolote Research
3.6","Albuquerque, NM","Albuquerque, NM",201 to 500 employees,1859,Other Organization,Energy,"Oil, Gas, Energy & Utilities",$50 to $100 million (USD),-1,0,0,95,143,119.0,"Tecolote Research
",NM,1,161,1,0,0,0,1
Data Scientist,$77K-$136K (Glassdoor est.),"Data Scientist
Location: Linthicum, MD

We are looking for a data scientist to join our analytics team. Responsibilities include building models, cleaning data and communicating insights. Required skills: Python, Excel, SQL.",3.5,"Amazon
3.5","Linthicum, MD","San Francisco, CA",10000+ employees,1904,Nonprofit Organization,Security Services,Business Services,$10 to $25 million (USD),-1,0,0,77,136,106.5,"Amazon
",MD,0,116,1,0,0,0,1
Research Scientist,$83K-$134K (Glassdoor est.),"Research Scientist
Location: Chicago, IL

We are looking for a research scientist to join our analytics team. Responsibilities include building models, cleaning data and communicating insights. Required skills: Python, SQL.",5.0,"Amazon
5.0","Chicago, IL","Albuquerque, NM",5001 to 10000 employees,1920,Company - Private,Advertising & Marketing,Business Services,Unknown / Non-Applicable,"Numerator, Novartis",0,0,83,134,108.5,"Amazon
",IL,0,100,1,0,0,0,0
Data Scientist,$90K-$159K (Glassdoor est.),"Data Scientist
Location: Albuquerque, NM

We are looking for a data scientist to join our analytics team. Responsibilities include building models, cleaning data and communicating insights. Required skills: Spark, AWS, SQL.",2.9,"Blue Cross Blue Shield
2.9","Albuquerque, NM","Arlington, VA",201 to 500 employees,1973,Other Organization,Advertising & Marketing,Business Services,$1 to $5 million (USD),"Guardian Life, Visa",0,0,90,159,124.5,"Blue Cross Blue Shield
",NM,0,47,0,0,1,1,0
Healthcare Data Scientist,$56K-$97K (Glassdoor est.),"Healthcare Data Scientist
Location: Boston, MA

We are looking for a healthcare data scientist to join our analytics team. Responsibilities include building models, cleaning data and communicating insights. Required skills: Python, Excel, SQL.",3.8,"Rochester Regional Health
3.8","Boston, MA","Tampa, FL",5001 to 10000 employees,1866,Subsidiary or Business Segment,Biotech & Pharmaceuticals,Biotech & Pharmaceuticals,Unknown / Non-Applicable,-1,0,0,56,97,76.5,"Rochester Regional Health
",MA,0,154,1,0,0,0,1
Data Engineer,$90K-$158K (Glassdoor est.),"Data Engineer
Location: San Francisco, CA

We are looking for a data engineer to join our analytics team. Responsibilities include building models, cleaning data and communicating insights. Required skills: Python, Excel, SQL.",3.9,"Walmart
3.9","San Francisco, CA","Goleta, CA",5001 to 10000 employees,2014,Government,Security Services,Business Services,$10 to $25 million (USD),-1,0,0,90,158,124.0,"Walmart
",CA,1,6,1,0,0,0,1
Data Scientist,$81K-$145K (Glassdoor est.),"Data Scientist
Location: Boston, MA

We are looking for a data scientist to join our analytics team. Responsibilities include building models, cleaning data and communicating insights. Required skills: AWS, Excel, SQL.",3.5,"Walmart
3.5","Boston, MA","Boston, MA",10000+ employees,1931,Other Organization,Advertising & Marketing,Business Services,Unknown / Non-Applicable,-1,0,0,81,145,113.0,"Walmart
",MA,1,89,0,0,0,1,1
Machine Learning Engineer,$96K-$157K (Glassdoor est.),"Machine Learning Engineer
Location: New York, NY

We are looking for a machine learning engineer to join our analytics team. Responsibilities include building models, cleaning data and communicating insights. Required skills: Python, Excel, SQL.",3.6,"Visa
3.6","New York, NY","New York, NY",1 to 50 employees,2011,Company - Public,Energy,"Oil, Gas, Energy & Utilities",$10 to $25 million (USD),-1,0,0,96,157,126.5,"Visa
",NY,1,9,1,0,0,0,1
Data Analyst,$74K-$106K (Glassdoor est.),"Data Analyst
Location: Chicago, IL

We are looking for a data analyst to join our analytics team. Responsibilities include building models, cleaning data and communicating insights. Required skills: Excel, SQL.",4.9,"KnowBe4
4.9","Chicago, IL","Chicago, IL",1001 to 5000 employees,2016,Nonprofit Organization,Security Services,Business Services,Unknown / Non-Applicable,"CyrusOne, PNNL",0,0,74,106,90.0,"KnowBe4
",IL,1,4,0,0,0,0,1
Senior Data Scientist,$116K-$177K (Glassdoor est.),"Senior Data Scientist
Location: New York, NY

We are looking for a senior data scientist to join our analytics team. Responsibilities include building models, cleaning data and communicating insights. Required skills: Spark, SQL.",3.9,"University of Maryland Medical System
3.9","New York, NY","New York, NY",1001 to 5000 employees,1870,Company - Private,Advertising & Marketing,Business Services,$1 to $2 billion (USD),-1,0,0,116,177,146.5,"University of Maryland Medical System
",NY,1,150,0,0,1,0,0
Research Scientist,$80K-$143K (Glassdoor est.),"Research Scientist
Location: Cambridge, MA

We are looking for a research scientist to join our analytics team. Responsibilities include building models, cleaning data and communicating insights. Required skills: SQL, statistics.",4.3,"Logic20/20
4.3","Cambridge, MA","Dallas, TX",1 to 50 employees,1858,Nonprofit Organization,Computer Hardware & Software,Information Technology,$50 to $100 million (USD),"Liberty Mutual, Rochester Regional Health",0,0,80,143,111.5,"Logic20/20
",MA,0,162,0,0,0,0,0
Data Analyst,$65K-$116K (Glassdoor est.),"Data Analyst
Location: New York, NY

We are looking for a data analyst to join our analytics team. Responsibilities include building models, cleaning data and communicating insights. Required skills: Python, AWS, Excel, SQL.",3.7,"Tecolote Research
3.7","New York, NY","Cambridge, MA",51 to 200 employees,1937,Other Organization,Energy,"Oil, Gas, Energy & Utilities",$10+ billion (USD),-1,0,0,65,116,90.5,"Tecolote Research
",NY,0,83,1,0,0,1,1
Research Scientist,$69K-$122K (Glassdoor est.),"Research Scientist
Location: Cambridge, MA

We are looking for a research scientist to join our analytics team. Responsibilities include building models, cleaning data and communicating insights. Required skills: SQL, statistics.",4.3,"MassMutual
4.3","Cambridge, MA","Cambridge, MA",51 to 200 employees,1881,Government,Health Care Services & Hospitals,Health Care,$100 to $500 million (USD),"Guardian Life, Affinity Solutions",0,0,69,122,95.5,"MassMutual
",MA,1,139,0,0,0,0,0
Director of Data Science,$128K-$216K (Glassdoor est.),"Director of Data Science
Location: New York, NY

We are looking for a director of data science to join our analytics team. Responsibilities include building models, cleaning data and communicating insights. Required skills: SQL, statistics.",3.4,"Blue Cross Blue Shield
3.4","New York, NY","New York, NY",1001 to 5000 employees,2013,Subsidiary or Business Segment,Aerospace & Defense,Aerospace & Defense,Unknown / Non-Applicable,-1,0,0,128,216,172.0,"Blue Cross Blue Shield
",NY,1,7,0,0,0,0,0
Data Analyst,$76K-$131K (Glassdoor est.),"Data Analyst
Location: Seattle, WA

We are looking for a data analyst to join our analytics team. Responsibilities include building models, cleaning data and communicating insights. Required skills: Python, Excel, SQL.",2.8,"Logic20/20
2.8","Seattle, WA","Seattle, WA",10000+ employees,1929,Other Organization,Biotech & Pharmaceuticals,Biotech & Pharmaceuticals,$10+ billion (USD),-1,0,0,76,131,103.5,"Logic20/20
",WA,1,91,1,0,0,0,1
Data Analyst,$43K-$63K (Glassdoor est.),"Data Analyst
Location: Austin, TX

We are looking for a data analyst to join our analytics team. Responsibilities include building models, cleaning data and communicating insights. Required skills: SQL, statistics.",2.7,"IBM
2.7","Austin, TX","Arlington, VA",1 to 50 employees,-1,Nonprofit Organization,Internet,Information Technology,Unknown / Non-Applicable,"Lockheed Martin, Novartis",0,0,43,63,53.0,"IBM
",TX,0,-1,0,0,0,0,0
Senior Data Scientist,$110K-$178K (Glassdoor est.),"Senior Data Scientist
Location: Austin, TX

We are looking for a senior data scientist to join our analytics team. Responsibilities include building models, cleaning data and communicating insights. Required skills: Python, SQL.",3.8,"Amazon
3.8","Austin, TX","Austin, TX",1 to 50 employees,1864,Subsidiary or Business Segment,Advertising & Marketing,Business Services,Unknown / Non-Applicable,-1,0,0,110,178,144.0,"Amazon
",TX,0,156,1,0,0,0,0
Senior Data Scientist,$89K-$168K (Glassdoor est.),"Senior Data Scientist
Location: Tampa, FL

We are looking for a senior data scientist to join our analytics team. Responsibilities include building models, cleaning data and communicating insights. Required skills: Excel, SQL.",3.1,"Takeda
3.1","Tampa, FL","Tampa, FL",1 to 50 employees,1982,Other Organization,Computer Hardware & Software,Information Technology,$10 to $25 million (USD),-1,0,0,89,168,128.5,"Takeda
",FL,1,38,0,0,0,0,1
Data Analyst,$57K-$94K (Glassdoor est.),"Data Analyst
Location: San Jose, CA

We are looking for a data analyst to join our analytics team. Responsibilities include building models, cleaning data and communicating insights. Required skills: SQL, statistics.",4.9,"IBM
4.9","San Jose, CA","Goleta, CA",1 to 50 employees,1835,Company - Private,Energy,"Oil, Gas, Energy & Utilities",$100 to $500 million (USD),-1,0,0,57,94,75.5,"IBM
",CA,1,185,0,0,0,0,0
Senior Data Scientist,$82K-$143K (Glassdoor est.),"Senior Data Scientist
Location: Cambridge, MA

We are looking for a senior data scientist to join our analytics team. Responsibilities include building models, cleaning data and communicating insights. Required skills: AWS, SQL.",3.8,"Affinity Solutions
3.8","Cambridge, MA","Arlington, VA",5001 to 10000 employees,1876,Company - Private,Security Services,Business Services,$100 to $500 million (USD),-1,0,0,82,143,112.5,"Affinity Solutions
",MA,0,144,0,0,0,1,0
Data Scientist,$80K-$120K (Glassdoor est.),"Data Scientist
Location: San Francisco, CA

We are looking for a data scientist to join our analytics team. Responsibilities include building models, cleaning data and communicating insights. Required skills: Excel, SQL.",4.0,"IBM
4.0","San Francisco, CA","Seattle, WA",501 to 1000 employees,1942,Company - Private,Aerospace & Defense,Aerospace & Defense,$10+ billion (USD),-1,0,0,80,120,100.0,"IBM
",CA,0,78,0,0,0,0,1
Data Scientist,$91K-$142K (Glassdoor est.),"Data Scientist
Location: Cambridge, MA

We are looking for a data scientist to join our analytics team. Responsibilities include building models, cleaning data and communicating insights. Required skills: Python, SQL.",4.7,"Amazon
4.7","Cambridge, MA","Cambridge, MA",51 to 200 employees,1882,Other Organization,Energy,"Oil, Gas, Energy & Utilities",$50 to $100 million (USD),-1,0,0,91,142,116.5,"Amazon
",MA,1,138,1,0,0,0,0
Data Scientist,$72K-$127K (Glassdoor est.),"Data Scientist
Location: Dallas, TX

We are looking for a data scientist to join our analytics team. Responsibilities include building models, cleaning data and communicating insights. Required skills: Python, Excel, SQL.",3.8,"Amazon
3.8","Dallas, TX","Arlington, VA",1 to 50 employees,1998,Subsidiary or Business Segment,Advertising & Marketing,Business Services,$50 to $100 million (USD),-1,0,0,72,127,99.5,"Amazon
",TX,0,22,1,0,0,0,1
Director of Data Science,$111K-$210K (Glassdoor est.),"Director of Data Science
Location: New York, NY

We are looking for a director of data science to join our analytics team. Responsibilities include building models, cleaning data and communicating insights. Required skills: Python, AWS, SQL.",3.7,"MassMutual
3.7","New York, NY","New York, NY",51 to 200 employees,1844,Company - Public,Internet,Information Technology,Unknown / Non-Applicable,-1,0,0,111,210,160.5,"MassMutual
",NY,1,176,1,0,0,1,0
Director of Data Science,$136K-$213K (Glassdoor est.),"Director of Data Science
Location: San Francisco, CA

We are looking for a director of data science to join our analytics team. Responsibilities include building models, cleaning data and communicating insights. Required skills: Python, SQL.",4.0,"Pfizer
4.0","San Francisco, CA","Albuquerque, NM",1 to 50 employees,1878,Other Organization,IT Services,Information Technology,$50 to $100 million (USD),-1,0,0,136,213,174.5,"Pfizer
",CA,0,142,1,0,0,0,0
Healthcare Data Scientist,$52K-$84K (Glassdoor est.),"Healthcare Data Scientist
Location: New York, NY

We are looking for a healthcare data scientist to join our analytics team. Responsibilities include building models, cleaning data and communicating insights. Required skills: Excel, SQL.",2.6,"Pfizer
2.6","New York, NY","Richland, WA",5001 to 10000 employees,1920,Company - Public,Aerospace & Defense,Aerospace & Defense,$10+ billion (USD),"CyrusOne, Pfizer",0,0,52,84,68.0,"Pfizer
",NY,0,100,0,0,0,0,1
Director of Data Science,$147K-$253K (Glassdoor est.),"Director of Data Science
Location: Goleta, CA

We are looking for a director of data science to join our analytics team. Responsibilities include building models, cleaning data and communicating insights. Required skills: SQL, statistics.",3.4,"University of Maryland Medical System
3.4","Goleta, CA","New York, NY",5001 to 10000 employees,1915,Other Organization,IT Services,Information Technology,$500 million to $1 billion (USD),-1,0,0,147,253,200.0,"University of Maryland Medical System
",CA,0,105,0,0,0,0,0
Healthcare Data Scientist,$31-$54 Per Hour(Glassdoor est.),"Healthcare Data Scientist
Location: San Francisco, CA

We are looking for a healthcare data scientist to join our analytics team. Responsibilities include building models, cleaning data and communicating insights. Required skills: Excel, SQL.",3.2,"KnowBe4
3.2","San Francisco, CA","Goleta, CA",5001 to 10000 employees,1941,Company - Public,Insurance Carriers,Insurance,$10+ billion (USD),"Walmart, Amazon",1,0,62,108,85.0,"KnowBe4
",CA,1,79,0,0,0,0,1
Data Scientist,$25-$34 Per Hour(Glassdoor est.),"Data Scientist
Location: Austin, TX

We are looking for a data scientist to join our analytics team. Responsibilities include building models, cleaning data and communicating insights. Required skills: SQL, statistics.",3.5,"Logic20/20
3.5","Austin, TX","Austin, TX",5001 to 10000 employees,1833,Nonprofit Organization,Energy,"Oil, Gas, Energy & Utilities",$1 to $2 billion (USD),-1,1,0,50,68,59.0,"Logic20/20
",TX,0,187,0,0,0,0,0
Senior Data Scientist,$95K-$165K (Glassdoor est.),"Senior Data Scientist
Location: Seattle, WA

We are looking for a senior data scientist to join our analytics team. Responsibilities include building models, cleaning data and communicating insights. Required skills: AWS, SQL.",3.6,"KnowBe4
3.6","Seattle, WA","Albuquerque, NM",5001 to 10000 employees,1925,Nonprofit Organization,Advertising & Marketing,Business Services,$10+ billion (USD),-1,0,0,95,165,130.0,"KnowBe4
",WA,0,95,0,0,0,1,0
Research Scientist,$99K-$156K (Glassdoor est.),"Research Scientist
Location: San Jose, CA

We are looking for a research scientist to join our analytics team. Responsibilities include building models, cleaning data and communicating insights. Required skills: AWS, Excel, SQL.",4.2,"Liberty Mutual
4.2","San Jose, CA","San Francisco, CA",1 to 50 employees,1954,Government,Security Services,Business Services,Unknown / Non-Applicable,-1,0,0,99,156,127.5,"Liberty Mutual
",CA,0,66,0,0,0,1,1
Machine Learning Engineer,$101K-$155K (Glassdoor est.),"Machine Learning Engineer
Location: Chicago, IL

We are looking for a machine learning engineer to join our analytics team. Responsibilities include building models, cleaning data and communicating insights. Required skills: Python, Excel, SQL.",3.7,"Blue Cross Blue Shield
3.7","Chicago, IL","New York, NY",201 to 500 employees,1908,Company - Public,Aerospace & Defense,Aerospace & Defense,$500 million to $1 billion (USD),-1,0,0,101,155,128.0,"Blue Cross Blue Shield
",IL,0,112,1,0,0,0,1
Data Scientist,$128K-$192K (Glassdoor est.),"Data Scientist
Location: Chicago, IL

We are looking for a data scientist to join our analytics team. Responsibilities include building models, cleaning data and communicating insights. Required skills: Python, Excel, SQL.",3.9,"Affinity Solutions
3.9","Chicago, IL","Baltimore, MD",1001 to 5000 employees,1933,Other Organization,Insurance Carriers,Insurance,$1 to $2 billion (USD),-1,0,0,128,192,160.0,"Affinity Solutions
",IL,0,87,1,0,0,0,1
Data Scientist,$31-$51 Per Hour(Glassdoor est.),"Data Scientist
Location: Dallas, TX

We are looking for a data scientist to join our analytics team. Responsibilities include building models, cleaning data and communicating insights. Required skills: Python, SQL.",3.3,"Gallup
3.3","Dallas, TX","Clearwater, FL",501 to 1000 employees,1938,Other Organization,Energy,"Oil, Gas, Energy & Utilities",$100 to $500 million (USD),"Numerator, Reynolds American",1,0,62,102,82.0,"Gallup
",TX,0,82,1,0,0,0,0
Data Scientist,$98K-$156K (Glassdoor est.),"Data Scientist
Location: Goleta, CA

We are looking for a data scientist to join our analytics team. Responsibilities include building models, cleaning data and communicating insights. Required skills: Spark, Excel, SQL.",3.4,"IBM
3.4","Goleta, CA","Albuquerque, NM",501 to 1000 employees,1935,Government,IT Services,Information Technology,$10 to $25 million (USD),-1,0,0,98,156,127.0,"IBM
",CA,0,85,0,0,1,0,1
Data Engineer,$89K-$150K (Glassdoor est.),"Data Engineer
Location: Richland, WA

We are looking for a data engineer to join our analytics team. Responsibilities include building models, cleaning data and communicating insights. Required skills: Python, Spark, SQL.",2.9,"University of Maryland Medical System
2.9","Richland, WA","Richland, WA",1001 to 5000 employees,1991,Company - Private,IT Services,Information Technology,$1 to $5 million (USD),-1,0,0,89,150,119.5,"University of Maryland Medical System
",WA,1,29,1,0,1,0,0
Director of Data Science,$137K-$220K (Glassdoor est.),"Director of Data Science
Location: Boston, MA

We are looking for a director of data science to join our analytics team. Responsibilities include building models, cleaning data and communicating insights. Required skills: Python, Excel, SQL.",4.3,"CyrusOne
4.3","Boston, MA","Linthicum, MD",5001 to 10000 employees,1870,Nonprofit Organization,Aerospace & Defense,Aerospace & Defense,$1 to $5 million (USD),-1,0,0,137,220,178.5,"CyrusOne
",MA,0,150,1,0,0,0,1
Data Analyst,$56K-$93K (Glassdoor est.),"Data Analyst
Location: Arlington, VA

We are looking for a data analyst to join our analytics team. Responsibilities include building models, cleaning data and communicating insights. Required skills: Python, SQL.",-1.0,Takeda,"Arlington, VA","Arlington, VA",1 to 50 employees,1905,Other Organization,Insurance Carriers,Insurance,$1 to $5 million (USD),-1,0,0,56,93,74.5,Takeda,VA,1,115,1,0,0,0,0
Director of Data Science,$127K-$238K (Glassdoor est.),"Director of Data Science
Location: Chicago, IL

We are looking for a director of data science to join our analytics team. Responsibilities include building models, cleaning data and communicating insights. Required skills: Excel, SQL.",4.1,"Affinity Solutions
4.1","Chicago, IL","Austin, TX",201 to 500 employees,2003,Nonprofit Organization,Aerospace & Defense,Aerospace & Defense,$500 million to $1 billion (USD),"Rochester Regional Health, Novartis",0,0,127,238,182.5,"Affinity Solutions
",IL,0,17,0,0,0,0,1
Data Engineer,$59K-$100K (Glassdoor est.),"Data Engineer
Location: Chicago, IL

We are looking for a data engineer to join our analytics team. Responsibilities include building models, cleaning data and communicating insights. Required skills: Spark, Excel, SQL.",3.6,"MassMutual
3.6","Chicago, IL","Seattle, WA",201 to 500 employees,1931,Government,Energy,"Oil, Gas, Energy & Utilities",$500 million to $1 billion (USD),"PNNL, Tecolote Research",0,0,59,100,79.5,"MassMutual
",IL,0,89,0,0,1,0,1
Data Scientist,$102K-$155K (Glassdoor est.),"Data Scientist
Location: Dallas, TX

We are looking for a data scientist to join our analytics team. Responsibilities include building models, cleaning data and communicating insights. Required skills: Python, Spark, Excel, SQL.",3.5,"Walmart
3.5","Dallas, TX","Arlington, VA",5001 to 10000 employees,2000,Subsidiary or Business Segment,Biotech & Pharmaceuticals,Biotech & Pharmaceuticals,$50 to $100 million (USD),-1,0,0,102,155,128.5,"Walmart
",TX,0,20,1,0,1,0,1
Data Analyst,$61K-$106K (Glassdoor est.),"Data Analyst
Location: Goleta, CA

We are looking for a data analyst to join our analytics team. Responsibilities include building models, cleaning data and communicating insights. Required skills: Excel, SQL.",3.2,"Affinity Solutions
3.2","Goleta, CA","Arlington, VA",51 to 200 employees,1989,Company - Private,Energy,"Oil, Gas, Energy & Utilities",$500 million to $1 billion (USD),-1,0,0,61,106,83.5,"Affinity Solutions
",CA,0,31,0,0,0,0,1
Senior Data Scientist,$117K-$186K (Glassdoor est.),"Senior Data Scientist
Location: Chicago, IL

We are looking for a senior data scientist to join our analytics team. Responsibilities include building models, cleaning data and communicating insights. Required skills: SQL, statistics.",3.2,"KnowBe4
3.2","Chicago, IL","New York, NY",201 to 500 employees,1986,Nonprofit Organization,Energy,"Oil, Gas, Energy & Utilities",$1 to $5 million (USD),-1,0,0,117,186,151.5,"KnowBe4
",IL,0,34,0,0,0,0,0
Data Engineer,$80K-$146K (Glassdoor est.),"Data Engineer
Location: Boston, MA

We are looking for a data engineer to join our analytics team. Responsibilities include building models, cleaning data and communicating insights. Required skills: SQL, statistics.",4.1,"Liberty Mutual
4.1","Boston, MA","Cambridge, MA",5001 to 10000 employees,1936,Other Organization,IT Services,Information Technology,Unknown / Non-Applicable,"Gallup, Blue Cross Blue Shield",0,0,80,146,113.0,"Liberty Mutual
",MA,1,84,0,0,0,0,0
Lead Data Scientist,$120K-$176K (Glassdoor est.),"Lead Data Scientist
Location: Goleta, CA

We are looking for a lead data scientist to join our analytics team. Responsibilities include building models, cleaning data and communicating insights. Required skills: Python, Spark, SQL.",3.1,"Novartis
3.1","Goleta, CA","San Francisco, CA",501 to 1000 employees,1954,Company - Public,Security Services,Business Services,$10+ billion (USD),"Visa, University of Maryland Medical System",0,0,120,176,148.0,"Novartis
",CA,1,66,1,0,1,0,0
Data Scientist,Employer Provided Salary:$84K-$122K,"Data Scientist
Location: New York, NY

We are looking for a data scientist to join our analytics team. Responsibilities include building models, cleaning data and communicating insights. Required skills: AWS, SQL.",3.9,"Numerator
3.9","New York, NY","New York, NY",51 to 200 employees,1839,Company - Private,IT Services,Information Technology,$1 to $5 million (USD),-1,0,1,84,122,103.0,"Numerator
",NY,1,181,0,0,0,1,0
Data Engineer,$64K-$97K (Glassdoor est.),"Data Engineer
Location: Boston, MA

We are looking for a data engineer to join our analytics team. Responsibilities include building models, cleaning data and communicating insights. Required skills: Python, AWS, Excel, SQL.",4.5,"University of Maryland Medical System
4.5","Boston, MA","Cambridge, MA",1 to 50 employees,1902,Government,Advertising & Marketing,Business Services,$50 to $100 million (USD),-1,0,0,64,97,80.5,"University of Maryland Medical System
",MA,1,118,1,0,0,1,1
Data Scientist,$76K-$134K (Glassdoor est.),"Data Scientist
Location: Dallas, TX

We are looking for a data scientist to join our analytics team. Responsibilities include building models, cleaning data and communicating insights. Required skills: Spark, Excel, SQL.",3.5,"ClearOne Advantage
3.5","Dallas, TX","Albuquerque, NM",10000+ employees,1923,Company - Private,Biotech & Pharmaceuticals,Biotech & Pharmaceuticals,$1 to $2 billion (USD),-1,0,0,76,134,105.0,"ClearOne Advantage
",TX,0,97,0,0,1,0,1
Data Engineer,$96K-$148K (Glassdoor est.),"Data Engineer
Location: Arlington, VA

We are looking for a data engineer to join our analytics team. Responsibilities include building models, cleaning data and communicating insights. Required skills: AWS, SQL.",3.5,"University of Maryland Medical System
3.5","Arlington, VA","Arlington, VA",1001 to 5000 employees,1865,Subsidiary or Business Segment,Insurance Carriers,Insurance,$100 to $500 million (USD),-1,0,0,96,148,122.0,"University of Maryland Medical System
",VA,0,155,0,0,0,1,0
Data Scientist,$120K-$169K (Glassdoor est.),"Data Scientist
Location: Arlington, VA

We are looking for a data scientist to join our analytics team. Responsibilities include building models, cleaning data and communicating insights. Required skills: Python, SQL.",3.9,"Pfizer
3.9","Arlington, VA","Clearwater, FL",10000+ employees,1928,Nonprofit Organization,Security Services,Business Services,$10+ billion (USD),"Liberty Mutual, CyrusOne",0,0,120,169,144.5,"Pfizer
",VA,0,92,1,0,0,0,0
Data Scientist,$85K-$135K (Glassdoor est.),"Data Scientist
Location: Arlington, VA

We are looking for a data scientist to join our analytics team. Responsibilities include building models, cleaning data and communicating insights. Required skills: Python, Spark, SQL.",4.3,"Walmart
4.3","Arlington, VA","Arlington, VA",51 to 200 employees,1932,Nonprofit Organization,Security Services,Business Services,Unknown / Non-Applicable,-1,0,0,85,135,110.0,"Walmart
",VA,1,88,1,0,1,0,0
Data Scientist,$73K-$101K (Glassdoor est.),"Data Scientist
Location: Baltimore, MD

We are looking for a data scientist to join our analytics team. Responsibilities include building models, cleaning data and communicating insights. Required skills: Excel, SQL.",4.2,"Pfizer
4.2","Baltimore, MD","Chicago, IL",1 to 50 employees,1962,Government,Internet,Information Technology,$1 to $2 billion (USD),-1,0,0,73,101,87.0,"Pfizer
",MD,0,58,0,0,0,0,1
Data Scientist,$68K-$125K (Glassdoor est.),"Data Scientist
Location: Austin, TX

We are looking for a data scientist to join our analytics team. Responsibilities include building models, cleaning data and communicating insights. Required skills: SQL, statistics.",3.6,"Takeda
3.6","Austin, TX","Baltimore, MD",1001 to 5000 employees,1860,Subsidiary or Business Segment,Security Services,Business Services,$1 to $5 million (USD),-1,0,0,68,125,96.5,"Takeda
",TX,0,160,0,0,0,0,0
Data Engineer,$108K-$174K (Glassdoor est.),"Data Engineer
Location: San Francisco, CA

We are looking for a data engineer to join our analytics team. Responsibilities include building models, cleaning data and communicating insights. Required skills: Python, SQL.",4.2,"Reynolds American
4.2","San Francisco, CA","Richland, WA",201 to 500 employees,1884,Other Organization,Insurance Carriers,Insurance,$10+ billion (USD),"Blue Cross Blue Shield, Visa",0,0,108,174,141.0,"Reynolds American
",CA,0,136,1,0,0,0,0
Lead Data Scientist,$140K-$211K (Glassdoor est.),"Lead Data Scientist
Location: Cambridge, MA

We are looking for a lead data scientist to join our analytics team. Responsibilities include building models, cleaning data and communicating insights. Required skills: Spark, Excel, SQL.",4.6,"Blue Cross Blue Shield
4.6","Cambridge, MA","Cambridge, MA",5001 to 10000 employees,2015,Other Organization,Biotech & Pharmaceuticals,Biotech & Pharmaceuticals,$500 million to $1 billion (USD),-1,0,0,140,211,175.5,"Blue Cross Blue Shield
",MA,1,5,0,0,1,0,1
Lead Data Scientist,$32-$50 Per Hour(Glassdoor est.),"Lead Data Scientist
Location: New York, NY

We are looking for a lead data scientist to join our analytics team. Responsibilities include building models, cleaning data and communicating insights. Required skills: Python, AWS, Excel, SQL.",4.8,"Lockheed Martin
4.8","New York, NY","New York, NY",201 to 500 employees,1947,Company - Public,IT Services,Information Technology,$1 to $5 million (USD),"Guardian Life, Blue Cross Blue Shield",1,0,64,100,82.0,"Lockheed Martin
",NY,1,73,1,0,0,1,1
Research Scientist,$122K-$166K (Glassdoor est.),"Research Scientist
Location: San Jose, CA

We are looking for a research scientist to join our analytics team. Responsibilities include building models, cleaning data and communicating insights. Required skills: Python, Spark, Excel, SQL.",4.6,"Affinity Solutions
4.6","San Jose, CA","Dallas, TX",1001 to 5000 employees,2014,Company - Public,Internet,Information Technology,$10 to $25 million (USD),"Novartis, Visa",0,0,122,166,144.0,"Affinity Solutions
",CA,0,6,1,0,1,0,1
Data Analyst,$72K-$103K (Glassdoor est.),"Data Analyst
Location: Cambridge, MA

We are looking for a data analyst to join our analytics team. Responsibilities include building models, cleaning data and communicating insights. Required skills: Python, Excel, SQL.",4.7,"Reynolds American
4.7","Cambridge, MA","Tampa, FL",5001 to 10000 employees,-1,Company - Public,Computer Hardware & Software,Information Technology,Unknown / Non-Applicable,"Logic20/20, Affinity Solutions",0,0,72,103,87.5,"Reynolds American
",MA,0,-1,1,0,0,0,1
Data Scientist,$80K-$141K (Glassdoor est.),"Data Scientist
Location: Dallas, TX

We are looking for a data scientist to join our analytics team. Responsibilities include building models, cleaning data and communicating insights. Required skills: Python, Spark, SQL.",4.2,"KnowBe4
4.2","Dallas, TX","Dallas, TX",501 to 1000 employees,1842,Company - Private,Insurance Carriers,Insurance,$100 to $500 million (USD),-1,0,0,80,141,110.5,"KnowBe4
",TX,1,178,1,0,1,0,0
Data Scientist,$101K-$186K (Glassdoor est.),"Data Scientist
Location: New York, NY

We are looking for a data scientist to join our analytics team. Responsibilities include building models, cleaning data and communicating insights. Required skills: Python, SQL.",3.2,"IBM
3.2","New York, NY","Chicago, IL",10000+ employees,2010,Government,Health Care Services & Hospitals,Health Care,Unknown / Non-Applicable,-1,0,0,101,186,143.5,"IBM
",NY,0,10,1,0,0,0,0
Research Scientist,$103K-$172K (Glassdoor est.),"Research Scientist
Location: Boston, MA

We are looking for a research scientist to join our analytics team. Responsibilities include building models, cleaning data and communicating insights. Required skills: Python, AWS, SQL.",4.3,"Gallup
4.3","Boston, MA","Cambridge, MA",501 to 1000 employees,1955,Subsidiary or Business Segment,Computer Hardware & Software,Information Technology,$10+ billion (USD),"Tecolote Research, Takeda",0,0,103,172,137.5,"Gallup
",MA,1,65,1,0,0,1,0
Data Scientist,$30-$52 Per Hour(Glassdoor est.),"Data Scientist
Location: Richland, WA

We are looking for a data scientist to join our analytics team. Responsibilities include building models, cleaning data and communicating insights. Required skills: Python, AWS, SQL.",4.1,"Novartis
4.1","Richland, WA","Chicago, IL",5001 to 10000 employees,1844,Government,Energy,"Oil, Gas, Energy & Utilities",$10+ billion (USD),-1,1,0,60,104,82.0,"Novartis
",WA,0,176,1,0,0,1,0
Data Engineer,$63K-$93K (Glassdoor est.),"Data Engineer
Location: Chicago, IL

We are looking for a data engineer to join our analytics team. Responsibilities include building models, cleaning data and communicating insights. Required skills: AWS, Excel, SQL.",3.0,"University of Maryland Medical System
3.0","Chicago, IL","Chicago, IL",201 to 500 employees,2015,Company - Public,Security Services,Business Services,$500 million to $1 billion (USD),"Liberty Mutual, CyrusOne",0,0,63,93,78.0,"University of Maryland Medical System
",IL,1,5,0,0,0,1,1
Senior Data Scientist,$108K-$170K (Glassdoor est.),"Senior Data Scientist
Location: Richland, WA

We are looking for a senior data scientist to join our analytics team. Responsibilities include building models, cleaning data and communicating insights. Required skills: Python, Spark, Excel, SQL.",3.4,"IBM
3.4","Richland, WA","Seattle, WA",1 to 50 employees,1929,Nonprofit Organization,Insurance Carriers,Insurance,$10+ billion (USD),-1,0,0,108,170,139.0,"IBM
",WA,1,91,1,0,1,0,1
Data Scientist,$116K-$179K (Glassdoor est.),"Data Scientist
Location: Boston, MA

We are looking for a data scientist to join our analytics team. Responsibilities include building models, cleaning data and communicating insights. Required skills: Python, Spark, Excel, SQL.",-1.0,KnowBe4,"Boston, MA","Tampa, FL",51 to 200 employees,1946,Nonprofit Organization,Computer Hardware & Software,Information Technology,$1 to $5 million (USD),-1,0,0,116,179,147.5,KnowBe4,MA,0,74,1,0,1,0,1
Data Scientist,$81K-$129K (Glassdoor est.),"Data Scientist
Location: New York, NY

We are looking for a data scientist to join our analytics team. Responsibilities include building models, cleaning data and communicating insights. Required skills: AWS, Excel, SQL.",4.9,"Tecolote Research
4.9","New York, NY","Cambridge, MA",51 to 200 employees,1851,Nonprofit Organization,Energy,"Oil, Gas, Energy & Utilities",$100 to $500 million (USD),-1,0,0,81,129,105.0,"Tecolote Research
",NY,0,169,0,0,0,1,1
Healthcare Data Scientist,$76K-$133K (Glassdoor est.),"Healthcare Data Scientist
Location: New York, NY

We are looking for a healthcare data scientist to join our analytics team. Responsibilities include building models, cleaning data and communicating insights. Required skills: Python, AWS, SQL.",3.9,"Reynolds American
3.9","New York, NY","Arlington, VA",10000+ employees,-1,Company - Public,Advertising & Marketing,Business Services,$1 to $5 million (USD),"Rochester Regional Health, Affinity Solutions",0,0,76,133,104.5,"Reynolds American
",NY,0,-1,1,0,0,1,0
Data Scientist,$78K-$127K (Glassdoor est.),"Data Scientist
Location: Arlington, VA

We are looking for a data scientist to join our analytics team. Responsibilities include building models, cleaning data and communicating insights. Required skills: Excel, SQL.",3.9,"Amazon
3.9","Arlington, VA","Arlington, VA",201 to 500 employees,1939,Company - Private,IT Services,Information Technology,$1 to $2 billion (USD),-1,0,0,78,127,102.5,"Amazon
",VA,1,81,0,0,0,0,1
Senior Data Scientist,$115K-$179K (Glassdoor est.),"Senior Data Scientist
Location: Dallas, TX

We are looking for a senior data scientist to join our analytics team. Responsibilities include building models, cleaning data and communicating insights. Required skills: Spark, SQL.",2.9,"PNNL
2.9","Dallas, TX","Dallas, TX",1001 to 5000 employees,1831,Company - Public,Health Care Services & Hospitals,Health Care,$100 to $500 million (USD),"Tecolote Research, Walmart",0,0,115,179,147.0,"PNNL
",TX,0,189,0,0,1,0,0
Data Scientist,$87K-$138K (Glassdoor est.),"Data Scientist
Location: New York, NY

We are looking for a data scientist to join our analytics team. Responsibilities include building models, cleaning data and communicating insights. Required skills: Spark, Excel, SQL.",4.3,"KnowBe4
4.3","New York, NY","New York, NY",501 to 1000 employees,1895,Government,Internet,Information Technology,$10 to $25 million (USD),"ClearOne Advantage, Pfizer",0,0,87,138,112.5,"KnowBe4
",NY,1,125,0,0,1,0,1
Director of Data Science,$145K-$244K (Glassdoor est.),"Director of Data Science
Location: Clearwater, FL

We are looking for a director of data science to join our analytics team. Responsibilities include building models, cleaning data and communicating insights. Required skills: Python, SQL.",4.5,"Amazon
4.5","Clearwater, FL","Tampa, FL",501 to 1000 employees,1917,Government,Energy,"Oil, Gas, Energy & Utilities",Unknown / Non-Applicable,"PNNL, Gallup",0,0,145,244,194.5,"Amazon
",FL,1,103,1,0,0,0,0
Data Scientist,$79K-$138K (Glassdoor est.),"Data Scientist
Location: Austin, TX

We are looking for a data scientist to join our analytics team. Responsibilities include building models, cleaning data and communicating insights. Required skills: Python, Excel, SQL.",3.6,"IBM
3.6","Austin, TX","Austin, TX",201 to 500 employees,1999,Other Organization,Insurance Carriers,Insurance,$1 to $2 billion (USD),-1,0,0,79,138,108.5,"IBM
",TX,1,21,1,0,0,0,1
Lead Data Scientist,$131K-$207K (Glassdoor est.),"Lead Data Scientist
Location: San Jose, CA

We are looking for a lead data scientist to join our analytics team. Responsibilities include building models, cleaning data and communicating insights. Required skills: Python, AWS, SQL.",3.9,"Blue Cross Blue Shield
3.9","San Jose, CA","Albuquerque, NM",1001 to 5000 employees,1869,Company - Private,Biotech & Pharmaceuticals,Biotech & Pharmaceuticals,$100 to $500 million (USD),-1,0,0,131,207,169.0,"Blue Cross Blue Shield
",CA,0,151,1,0,0,1,0
Data Scientist,$77K-$116K (Glassdoor est.),"Data Scientist
Location: Clearwater, FL

We are looking for a data scientist to join our analytics team. Responsibilities include building models, cleaning data and communicating insights. Required skills: Spark, Excel, SQL.",3.0,"ClearOne Advantage
3.0","Clearwater, FL","Tampa, FL",5001 to 10000 employees,1892,Subsidiary or Business Segment,Aerospace & Defense,Aerospace & Defense,$100 to $500 million (USD),-1,0,0,77,116,96.5,"ClearOne Advantage
",FL,1,128,0,0,1,0,1
Data Scientist,$20-$34 Per Hour(Glassdoor est.),"Data Scientist
Location: San Jose, CA

We are looking for a data scientist to join our analytics team. Responsibilities include building models, cleaning data and communicating insights. Required skills: Python, SQL.",4.2,"Reynolds American
4.2","San Jose, CA","San Francisco, CA",51 to 200 employees,1858,Company - Public,Internet,Information Technology,$50 to $100 million (USD),"Liberty Mutual, IBM",1,1,40,68,54.0,"Reynolds American
",CA,1,162,1,0,0,0,0
Lead Data Scientist,$76K-$116K (Glassdoor est.),"Lead Data Scientist
Location: Arlington, VA

We are looking for a lead data scientist to join our analytics team. Responsibilities include building models, cleaning data and communicating insights. Required skills: Python, SQL.",3.7,"Logic20/20
3.7","Arlington, VA","New York, NY",1 to 50 employees,1998,Company - Private,Computer Hardware & Software,Information Technology,$100 to $500 million (USD),-1,0,0,76,116,96.0,"Logic20/20
",VA,0,22,1,0,0,0,0
Data Analyst,$55K-$87K (Glassdoor est.),"Data Analyst
Location: New York, NY

We are looking for a data analyst to join our analytics team. Responsibilities include building models, cleaning data and communicating insights. Required skills: Python, Excel, SQL.",3.9,"Novartis
3.9","New York, NY","Chicago, IL",1 to 50 employees,1950,Government,Internet,Information Technology,$10 to $25 million (USD),-1,0,0,55,87,71.0,"Novartis
",NY,0,70,1,0,0,0,1
Senior Data Scientist,$127K-$223K (Glassdoor est.),"Senior Data Scientist
Location: San Jose, CA

We are looking for a senior data scientist to join our analytics team. Responsibilities include building models, cleaning data and communicating insights. Required skills: Python, SQL.",3.7,"Takeda
3.7","San Jose, CA","Seattle, WA",201 to 500 employees,1964,Subsidiary or Business Segment,Health Care Services & Hospitals,Health Care,$1 to $5 million (USD),-1,0,0,127,223,175.0,"Takeda
",CA,0,56,1,0,0,0,0
Machine Learning Engineer,$94K-$163K (Glassdoor est.),"Machine Learning Engineer
Location: New York, NY

We are looking for a machine learning engineer to join our analytics team. Responsibilities include building models, cleaning data and communicating insights. Required skills: Python, SQL.",4.3,"Liberty Mutual
4.3","New York, NY","New York, NY",10000+ employees,1887,Company - Private,Health Care Services & Hospitals,Health Care,$50 to $100 million (USD),-1,0,0,94,163,128.5,"Liberty Mutual
",NY,1,133,1,0,0,0,0
Data Analyst,$81K-$132K (Glassdoor est.),"Data Analyst
Location: Cambridge, MA

We are looking for a data analyst to join our analytics team. Responsibilities include building models, cleaning data and communicating insights. Required skills: Excel, SQL.",4.1,"KnowBe4
4.1","Cambridge, MA","Seattle, WA",201 to 500 employees,1855,Company - Private,Insurance Carriers,Insurance,$500 million to $1 billion (USD),-1,0,0,81,132,106.5,"KnowBe4
",MA,0,165,0,0,0,0,1
Data Scientist,$98K-$167K (Glassdoor est.),"Data Scientist
Location: Arlington, VA

We are looking for a data scientist to join our analytics team. Responsibilities include building models, cleaning data and communicating insights. Required skills: SQL, statistics.",3.7,"Gallup
3.7","Arlington, VA","Arlington, VA",201 to 500 employees,1946,Other Organization,Aerospace & Defense,Aerospace & Defense,Unknown / Non-Applicable,-1,0,0,98,167,132.5,"Gallup
",VA,0,74,0,0,0,0,0
Data Scientist,$33K-$58K (Glassdoor est.),"Data Scientist
Location: Cambridge, MA

We are looking for a data scientist to join our analytics team. Responsibilities include building models, cleaning data and communicating insights. Required skills: SQL, statistics.",3.3,"Lockheed Martin
3.3","Cambridge, MA","Arlington, VA",1 to 50 employees,1844,Company - Private,Aerospace & Defense,Aerospace & Defense,$500 million to $1 billion (USD),"Affinity Solutions, Visa",0,0,33,58,45.5,"Lockheed Martin
",MA,0,176,0,0,0,0,0
Research Scientist,$138K-$229K (Glassdoor est.),"Research Scientist
Location: New York, NY

We are looking for a research scientist to join our analytics team. Responsibilities include building models, cleaning data and communicating insights. Required skills: Python, SQL.",3.7,"Logic20/20
3.7","New York, NY","Goleta, CA",1 to 50 employees,1923,Other Organization,Internet,Information Technology,$50 to $100 million (USD),-1,0,0,138,229,183.5,"Logic20/20
",NY,0,97,1,0,0,0,0
Data Analyst,$50K-$88K (Glassdoor est.),"Data Analyst
Location: Austin, TX

We are looking for a data analyst to join our analytics team. Responsibilities include building models, cleaning data and communicating insights. Required skills: Python, Excel, SQL.",3.2,"Affinity Solutions
3.2","Austin, TX","Dallas, TX",1 to 50 employees,1919,Government,Internet,Information Technology,Unknown / Non-Applicable,-1,0,0,50,88,69.0,"Affinity Solutions
",TX,1,101,1,0,0,0,1
Data Scientist,$70K-$118K (Glassdoor est.),"Data Scientist
Location: New York, NY

We are looking for a data scientist to join our analytics team. Responsibilities include building models, cleaning data and communicating insights. Required skills: Spark, AWS, Excel, SQL.",4.4,"PNNL
4.4","New York, NY","San Francisco, CA",5001 to 10000 employees,1943,Nonprofit Organization,Internet,Information Technology,$500 million to $1 billion (USD),-1,0,0,70,118,94.0,"PNNL
",NY,0,77,0,0,1,1,1
Machine Learning Engineer,$106K-$157K (Glassdoor est.),"Machine Learning Engineer
Location: Austin, TX

We are looking for a machine learning engineer to join our analytics team. Responsibilities include building models, cleaning data and communicating insights. Required skills: Python, Spark, Excel, SQL.",4.1,"Liberty Mutual
4.1","Austin, TX","Austin, TX",5001 to 10000 employees,1898,Nonprofit Organization,Security Services,Business Services,$500 million to $1 billion (USD),-1,0,0,106,157,131.5,"Liberty Mutual
",TX,1,122,1,0,1,0,1
Data Scientist,$64K-$109K (Glassdoor est.),"Data Scientist
Location: Cambridge, MA

We are looking for a data scientist to join our analytics team. Responsibilities include building models, cleaning data and communicating insights. Required skills: Python, SQL.",-1.0,IBM,"Cambridge, MA","Boston, MA",1 to 50 employees,1891,Government,Insurance Carriers,Insurance,Unknown / Non-Applicable,-1,0,0,64,109,86.5,IBM,MA,1,129,1,0,0,0,0
Lead Data Scientist,$89K-$155K (Glassdoor est.),"Lead Data Scientist
Location: New York, NY

We are looking for a lead data scientist to join our analytics team. Responsibilities include building models, cleaning data and communicating insights. Required skills: Python, Spark, AWS, SQL.",3.8,"Logic20/20
3.8","New York, NY","New York, NY",501 to 1000 employees,1923,Company - Public,IT Services,Information Technology,$1 to $2 billion (USD),"Visa, IBM",0,0,89,155,122.0,"Logic20/20
",NY,1,97,1,0,1,1,0
Data Analyst,$39K-$63K (Glassdoor est.),"Data Analyst
Location: San Jose, CA

We are looking for a data analyst to join our analytics team. Responsibilities include building models, cleaning data and communicating insights. Required skills: SQL, statistics.",3.2,"Guardian Life
3.2","San Jose, CA","Clearwater, FL",5001 to 10000 employees,-1,Company - Public,Insurance Carriers,Insurance,Unknown / Non-Applicable,-1,0,0,39,63,51.0,"Guardian Life
",CA,0,-1,0,0,0,0,0
Data Analyst,$83K-$131K (Glassdoor est.),"Data Analyst
Location: Arlington, VA

We are looking for a data analyst to join our analytics team. Responsibilities include building models, cleaning data and communicating insights. Required skills: Python, SQL.",4.0,"Reynolds American
4.0","Arlington, VA","Arlington, VA",1 to 50 employees,1989,Subsidiary or Business Segment,Security Services,Business Services,$50 to $100 million (USD),"Rochester Regional Health, MassMutual",0,0,83,131,107.0,"Reynolds American
",VA,1,31,1,0,0,0,0
Data Scientist,$74K-$120K (Glassdoor est.),"Data Scientist
Location: New York, NY

We are looking for a data scientist to join our analytics team. Responsibilities include building models, cleaning data and communicating insights. Required skills: Excel, SQL.",3.4,"MassMutual
3.4","New York, NY","Goleta, CA",1001 to 5000 employees,1894,Company - Public,Biotech & Pharmaceuticals,Biotech & Pharmaceuticals,$50 to $100 million (USD),-1,0,0,74,120,97.0,"MassMutual
",NY,0,126,0,0,0,0,1
Data Scientist,$71K-$118K (Glassdoor est.),"Data Scientist
Location: Austin, TX

We are looking for a data scientist to join our analytics team. Responsibilities include building models, cleaning data and communicating insights. Required skills: Excel, SQL.",3.5,"Affinity Solutions
3.5","Austin, TX","Austin, TX",5001 to 10000 employees,1835,Company - Public,Insurance Carriers,Insurance,Unknown / Non-Applicable,-1,0,0,71,118,94.5,"Affinity Solutions
",TX,1,185,0,0,0,0,1
Lead Data Scientist,$103K-$179K (Glassdoor est.),"Lead Data Scientist
Location: New York, NY

We are looking for a lead data scientist to join our analytics team. Responsibilities include building models, cleaning data and communicating insights. Required skills: Python, SQL.",3.9,"Rochester Regional Health
3.9","New York, NY","New York, NY",51 to 200 employees,1895,Government,Internet,Information Technology,$1 to $5 million (USD),-1,0,0,103,179,141.0,"Rochester Regional Health
",NY,1,125,1,0,0,0,0
Data Scientist,$99K-$172K (Glassdoor est.),"Data Scientist
Location: San Francisco, CA

We are looking for a data scientist to join our analytics team. Responsibilities include building models, cleaning data and communicating insights. Required skills: Python, SQL.",3.4,"Logic20/20
3.4","San Francisco, CA","Seattle, WA",501 to 1000 employees,2009,Other Organization,IT Services,Information Technology,$500 million to $1 billion (USD),-1,0,0,99,172,135.5,"Logic20/20
",CA,0,11,1,0,0,0,0
Senior Data Scientist,$95K-$164K (Glassdoor est.),"Senior Data Scientist
Location: San Jose, CA

We are looking for a senior data scientist to join our analytics team. Responsibilities include building models, cleaning data and communicating insights. Required skills: SQL, statistics.",3.4,"MassMutual
3.4","San Jose, CA","San Francisco, CA",51 to 200 employees,1867,Nonprofit Organization,Internet,Information Technology,$1 to $2 billion (USD),-1,0,0,95,164,129.5,"MassMutual
",CA,1,153,0,0,0,0,0
Lead Data Scientist,$127K-$172K (Glassdoor est.),"Lead Data Scientist
Location: Clearwater, FL

We are looking for a lead data scientist to join our analytics team. Responsibilities include building models, cleaning data and communicating insights. Required skills: Excel, SQL.",2.7,"KnowBe4
2.7","Clearwater, FL","Tampa, FL",10000+ employees,1838,Company - Public,IT Services,Information Technology,$1 to $2 billion (USD),-1,0,0,127,172,149.5,"KnowBe4
",FL,1,182,0,0,0,0,1
Lead Data Scientist,$88K-$162K (Glassdoor est.),"Lead Data Scientist
Location: Arlington, VA

We are looking for a lead data scientist to join our analytics team. Responsibilities include building models, cleaning data and communicating insights. Required skills: AWS, SQL.",3.2,"Novartis
3.2","Arlington, VA","Tampa, FL",5001 to 10000 employees,1925,Nonprofit Organization,Aerospace & Defense,Aerospace & Defense,Unknown / Non-Applicable,-1,0,0,88,162,125.0,"Novartis
",VA,0,95,0,0,0,1,0
Data Scientist,$99K-$162K (Glassdoor est.),"Data Scientist
Location: San Jose, CA

We are looking for a data scientist to join our analytics team. Responsibilities include building models, cleaning data and communicating insights. Required skills: Python, SQL.",3.9,"University of Maryland Medical System
3.9","San Jose, CA","San Francisco, CA",501 to 1000 employees,1894,Company - Public,Security Services,Business Services,$10 to $25 million (USD),-1,0,0,99,162,130.5,"University of Maryland Medical System
",CA,0,126,1,0,0,0,0
Data Scientist,$54K-$89K (Glassdoor est.),"Data Scientist
Location: Tampa, FL

We are looking for a data scientist to join our analytics team. Responsibilities include building models, cleaning data and communicating insights. Required skills: SQL, statistics.",3.8,"PNNL
3.8","Tampa, FL","Clearwater, FL",51 to 200 employees,2002,Company - Private,Internet,Information Technology,$500 million to $1 billion (USD),"KnowBe4, Logic20/20",0,0,54,89,71.5,"PNNL
",FL,1,18,0,0,0,0,0
Data Scientist,$86K-$139K (Glassdoor est.),"Data Scientist
Location: New York, NY

We are looking for a data scientist to join our analytics team. Responsibilities include building models, cleaning data and communicating insights. Required skills: Spark, SQL.",4.1,"Liberty Mutual
4.1","New York, NY","New York, NY",501 to 1000 employees,2005,Other Organization,Security Services,Business Services,$1 to $5 million (USD),"Numerator, Liberty Mutual",0,0,86,139,112.5,"Liberty Mutual
",NY,1,15,0,0,1,0,0
Machine Learning Engineer,$122K-$193K (Glassdoor est.),"Machine Learning Engineer
Location: Austin, TX

We are looking for a machine learning engineer to join our analytics team. Responsibilities include building models, cleaning data and communicating insights. Required skills: Python, SQL.",4.4,"Gallup
4.4","Austin, TX","Dallas, TX",10000+ employees,1924,Other Organization,Biotech & Pharmaceuticals,Biotech & Pharmaceuticals,$10+ billion (USD),-1,0,0,122,193,157.5,"Gallup
",TX,1,96,1,0,0,0,0
Lead Data Scientist,$130K-$209K (Glassdoor est.),"Lead Data Scientist
Location: Chicago, IL

We are looking for a lead data scientist to join our analytics team. Responsibilities include building models, cleaning data and communicating insights. Required skills: Python, Excel, SQL.",3.4,"Pfizer
3.4","Chicago, IL","Chicago, IL",201 to 500 employees,1864,Company - Private,Aerospace & Defense,Aerospace & Defense,$500 million to $1 billion (USD),"Blue Cross Blue Shield, Rochester Regional Health",0,0,130,209,169.5,"Pfizer
",IL,1,156,1,0,0,0,1
Data Scientist,$53K-$83K (Glassdoor est.),"Data Scientist
Location: Dallas, TX

We are looking for a data scientist to join our analytics team. Responsibilities include building models, cleaning data and communicating insights. Required skills: SQL, statistics.",4.2,"Gallup
4.2","Dallas, TX","Boston, MA",1001 to 5000 employees,2018,Subsidiary or Business Segment,Insurance Carriers,Insurance,$10 to $25 million (USD),-1,0,0,53,83,68.0,"Gallup
",TX,0,2,0,0,0,0,0
Senior Data Scientist,$29-$52 Per Hour(Glassdoor est.),"Senior Data Scientist
Location: Richland, WA

We are looking for a senior data scientist to join our analytics team. Responsibilities include building models, cleaning data and communicating insights. Required skills: Excel, SQL.",3.8,"Walmart
3.8","Richland, WA","Arlington, VA",5001 to 10000 employees,1847,Company - Private,Energy,"Oil, Gas, Energy & Utilities",$100 to $500 million (USD),"Rochester Regional Health, Pfizer",1,0,58,104,81.0,"Walmart
",WA,0,173,0,0,0,0,1
Senior Data Scientist,$80K-$142K (Glassdoor est.),"Senior Data Scientist
Location: Cambridge, MA

We are looking for a senior data scientist to join our analytics team. Responsibilities include building models, cleaning data and communicating insights. Required skills: Spark, AWS, SQL.",3.8,"University of Maryland Medical System
3.8","Cambridge, MA","Boston, MA",1 to 50 employees,1968,Nonprofit Organization,Aerospace & Defense,Aerospace & Defense,$500 million to $1 billion (USD),-1,0,0,80,142,111.0,"University of Maryland Medical System
",MA,1,52,0,0,1,1,0
Healthcare Data Scientist,$77K-$116K (Glassdoor est.),"Healthcare Data Scientist
Location: Arlington, VA

We are looking for a healthcare data scientist to join our analytics team. Responsibilities include building models, cleaning data and communicating insights. Required skills: Python, Excel, SQL.",3.5,"ClearOne Advantage
3.5","Arlington, VA","Arlington, VA",1 to 50 employees,2012,Subsidiary or Business Segment,Health Care Services & Hospitals,Health Care,$10 to $25 million (USD),-1,0,0,77,116,96.5,"ClearOne Advantage
",VA,1,8,1,0,0,0,1
Data Analyst,$76K-$130K (Glassdoor est.),"Data Analyst
Location: Arlington, VA

We are looking for a data analyst to join our analytics team. Responsibilities include building models, cleaning data and communicating insights. Required skills: Python, Spark, Excel, SQL.",4.0,"PNNL
4.0","Arlington, VA","Arlington, VA",5001 to 10000 employees,1947,Company - Private,Computer Hardware & Software,Information Technology,$500 million to $1 billion (USD),"ClearOne Advantage, Lockheed Martin",0,0,76,130,103.0,"PNNL
",VA,1,73,1,0,1,0,1
Data Scientist,$100K-$144K (Glassdoor est.),"Data Scientist
Location: Chicago, IL

We are looking for a data scientist to join our analytics team. Responsibilities include building models, cleaning data and communicating insights. Required skills: Python, AWS, SQL.",4.4,"KnowBe4
4.4","Chicago, IL","Chicago, IL",5001 to 10000 employees,1950,Nonprofit Organization,Advertising & Marketing,Business Services,$10 to $25 million (USD),"Takeda, Guardian Life",0,0,100,144,122.0,"KnowBe4
",IL,1,70,1,0,0,1,0
Senior Data Scientist,$93K-$138K (Glassdoor est.),"Senior Data Scientist
Location: Austin, TX

We are looking for a senior data scientist to join our analytics team. Responsibilities include building models, cleaning data and communicating insights. Required skills: Python, Spark, Excel, SQL.",3.4,"PNNL
3.4","Austin, TX","Dallas, TX",1 to 50 employees,1931,Company - Private,Internet,Information Technology,Unknown / Non-Applicable,-1,0,0,93,138,115.5,"PNNL
",TX,1,89,1,0,1,0,1
Data Scientist,$24-$38 Per Hour(Glassdoor est.),"Data Scientist
Location: Albuquerque, NM

We are looking for a data scientist to join our analytics team. Responsibilities include building models, cleaning data and communicating insights. Required skills: Python, AWS, Excel, SQL.",4.7,"PNNL
4.7","Albuquerque, NM","Albuquerque, NM",10000+ employees,1831,Company - Private,Energy,"Oil, Gas, Energy & Utilities",Unknown / Non-Applicable,"Blue Cross Blue Shield, Tecolote Research",1,0,48,76,62.0,"PNNL
",NM,1,189,1,0,0,1,1
Data Analyst,$54K-$86K (Glassdoor est.),"Data Analyst
Location: Baltimore, MD

We are looking for a data analyst to join our analytics team. Responsibilities include building models, cleaning data and communicating insights. Required skills: SQL, statistics.",3.6,"Visa
3.6","Baltimore, MD","Linthicum, MD",51 to 200 employees,2005,Company - Public,Biotech & Pharmaceuticals,Biotech & Pharmaceuticals,$50 to $100 million (USD),"Logic20/20, Takeda",0,0,54,86,70.0,"Visa
",MD,1,15,0,0,0,0,0
Director of Data Science,$157K-$241K (Glassdoor est.),"Director of Data Science
Location: Arlington, VA

We are looking for a director of data science to join our analytics team. Responsibilities include building models, cleaning data and communicating insights. Required skills: Python, Excel, SQL.",3.0,"Tecolote Research
3.0","Arlington, VA","Arlington, VA",1001 to 5000 employees,1975,Other Organization,IT Services,Information Technology,$10+ billion (USD),-1,0,0,157,241,199.0,"Tecolote Research
",VA,1,45,1,0,0,0,1
Data Analyst,$32K-$54K (Glassdoor est.),"Data Analyst
Location: Austin, TX

We are looking for a data analyst to join our analytics team. Responsibilities include building models, cleaning data and communicating insights. Required skills: Python, AWS, SQL.",3.9,"MassMutual
3.9","Austin, TX","Chicago, IL",1001 to 5000 employees,1987,Nonprofit Organization,Security Services,Business Services,$100 to $500 million (USD),-1,0,0,32,54,43.0,"MassMutual
",TX,0,33,1,0,0,1,0
Senior Data Scientist,$120K-$187K (Glassdoor est.),"Senior Data Scientist
Location: Goleta, CA

We are looking for a senior data scientist to join our analytics team. Responsibilities include building models, cleaning data and communicating insights. Required skills: Excel, SQL.",3.9,"Gallup
3.9","Goleta, CA","Goleta, CA",51 to 200 employees,1835,Company - Private,Aerospace & Defense,Aerospace & Defense,$100 to $500 million (USD),-1,0,0,120,187,153.5,"Gallup
",CA,1,185,0,0,0,0,1
Data Analyst,$62K-$95K (Glassdoor est.),"Data Analyst
Location: Cambridge, MA

We are looking for a data analyst to join our analytics team. Responsibilities include building models, cleaning data and communicating insights. Required skills: Python, AWS, Excel, SQL.",4.3,"Affinity Solutions
4.3","Cambridge, MA","Richland, WA",10000+ employees,1945,Government,Aerospace & Defense,Aerospace & Defense,$500 million to $1 billion (USD),-1,0,0,62,95,78.5,"Affinity Solutions
",MA,0,75,1,0,0,1,1
Senior Data Scientist,$140K-$236K (Glassdoor est.),"Senior Data Scientist
Location: San Jose, CA

We are looking for a senior data scientist to join our analytics team. Responsibilities include building models, cleaning data and communicating insights. Required skills: Python, Excel, SQL.",3.3,"Tecolote Research
3.3","San Jose, CA","Clearwater, FL",1 to 50 employees,1840,Nonprofit Organization,Energy,"Oil, Gas, Energy & Utilities",$10+ billion (USD),-1,0,0,140,236,188.0,"Tecolote Research
",CA,0,180,1,0,0,0,1
Machine Learning Engineer,$127K-$199K (Glassdoor est.),"Machine Learning Engineer
Location: San Francisco, CA

We are looking for a machine learning engineer to join our analytics team. Responsibilities include building models, cleaning data and communicating insights. Required skills: SQL, statistics.",3.0,"Walmart
3.0","San Francisco, CA","San Francisco, CA",10000+ employees,1923,Other Organization,Energy,"Oil, Gas, Energy & Utilities",$10 to $25 million (USD),"Pfizer, Reynolds American",0,0,127,199,163.0,"Walmart
",CA,1,97,0,0,0,0,0
Lead Data Scientist,$119K-$212K (Glassdoor est.),"Lead Data Scientist
Location: San Francisco, CA

We are looking for a lead data scientist to join our analytics team. Responsibilities include building models, cleaning data and communicating insights. Required skills: Excel, SQL.",4.3,"Logic20/20
4.3","San Francisco, CA","New York, NY",501 to 1000 employees,1852,Company - Public,Biotech & Pharmaceuticals,Biotech & Pharmaceuticals,$1 to $5 million (USD),-1,0,0,119,212,165.5,"Logic20/20
",CA,0,168,0,0,0,0,1
Data Scientist,$73K-$135K (Glassdoor est.),"Data Scientist
Location: Chicago, IL

We are looking for a data scientist to join our analytics team. Responsibilities include building models, cleaning data and communicating insights. Required skills: Python, Spark, Excel, SQL.",3.5,"ClearOne Advantage
3.5","Chicago, IL","Chicago, IL",5001 to 10000 employees,2017,Subsidiary or Business Segment,Biotech & Pharmaceuticals,Biotech & Pharmaceuticals,$50 to $100 million (USD),-1,0,0,73,135,104.0,"ClearOne Advantage
",IL,1,3,1,0,1,0,1
Director of Data Science,$127K-$195K (Glassdoor est.),"Director of Data Science
Location: New York, NY

We are looking for a director of data science to join our analytics team. Responsibilities include building models, cleaning data and communicating insights. Required skills: Python, Spark, Excel, SQL.",3.5,"Gallup
3.5","New York, NY","Chicago, IL",10000+ employees,1832,Subsidiary or Business Segment,Computer Hardware & Software,Information Technology,$10 to $25 million (USD),-1,0,0,127,195,161.0,"Gallup
",NY,0,188,1,0,1,0,1
Data Engineer,$86K-$144K (Glassdoor est.),"Data Engineer
Location: New York, NY

We are looking for a data engineer to join our analytics team. Responsibilities include building models, cleaning data and communicating insights. Required skills: Python, Excel, SQL.",3.4,"Visa
3.4","New York, NY","New York, NY",5001 to 10000 employees,1969,Government,Security Services,Business Services,$1 to $5 million (USD),"University of Maryland Medical System, Logic20/20",0,0,86,144,115.0,"Visa
",NY,1,51,1,0,0,0,1
Data Scientist,$81K-$133K (Glassdoor est.),"Data Scientist
Location: Boston, MA

We are looking for a data scientist to join our analytics team. Responsibilities include building models, cleaning data and communicating insights. Required skills: SQL, statistics.",4.4,"Affinity Solutions
4.4","Boston, MA","Cambridge, MA",1001 to 5000 employees,1888,Company - Public,Computer Hardware & Software,Information Technology,$10 to $25 million (USD),-1,0,0,81,133,107.0,"Affinity Solutions
",MA,1,132,0,0,0,0,0
Machine Learning Engineer,$119K-$172K (Glassdoor est.),"Machine Learning Engineer
Location: Goleta, CA

We are looking for a machine learning engineer to join our analytics team. Responsibilities include building models, cleaning data and communicating insights. Required skills: Excel, SQL.",2.9,"Pfizer
2.9","Goleta, CA","Austin, TX",51 to 200 employees,1856,Government,Aerospace & Defense,Aerospace & Defense,Unknown / Non-Applicable,"Takeda, Amazon",0,0,119,172,145.5,"Pfizer
",CA,0,164,0,0,0,0,1
Machine Learning Engineer,$77K-$117K (Glassdoor est.),"Machine Learning Engineer
Location: New York, NY

We are looking for a machine learning engineer to join our analytics team. Responsibilities include building models, cleaning data and communicating insights. Required skills: Spark, SQL.",3.6,"Reynolds American
3.6","New York, NY","New York, NY",51 to 200 employees,2008,Company - Private,Biotech & Pharmaceuticals,Biotech & Pharmaceuticals,$500 million to $1 billion (USD),-1,0,0,77,117,97.0,"Reynolds American
",NY,1,12,0,0,1,0,0
Data Scientist,$83K-$134K (Glassdoor est.),"Data Scientist
Location: New York, NY

We are looking for a data scientist to join our analytics team. Responsibilities include building models, cleaning data and communicating insights. Required skills: Python, SQL.",4.0,"Reynolds American
4.0","New York, NY","New York, NY",201 to 500 employees,1869,Other Organization,Security Services,Business Services,$100 to $500 million (USD),-1,0,0,83,134,108.5,"Reynolds American
",NY,1,151,1,0,0,0,0
Data Analyst,$73K-$126K (Glassdoor est.),"Data Analyst
Location: Seattle, WA

We are looking for a data analyst to join our analytics team. Responsibilities include building models, cleaning data and communicating insights. Required skills: Spark, Excel, SQL.",4.7,"KnowBe4
4.7","Seattle, WA","Richland, WA",201 to 500 employees,1989,Other Organization,IT Services,Information Technology,$500 million to $1 billion (USD),"PNNL, Walmart",0,0,73,126,99.5,"KnowBe4
",WA,1,31,0,0,1,0,1
Data Scientist,$70K-$116K (Glassdoor est.),"Data Scientist
Location: Austin, TX

We are looking for a data scientist to join our analytics team. Responsibilities include building models, cleaning data and communicating insights. Required skills: Spark, AWS, SQL.",3.4,"Affinity Solutions
3.4","Austin, TX","Richland, WA",5001 to 10000 employees,1951,Subsidiary or Business Segment,IT Services,Information Technology,Unknown / Non-Applicable,-1,0,0,70,116,93.0,"Affinity Solutions
",TX,0,69,0,0,1,1,0
Data Analyst,$46K-$79K (Glassdoor est.),"Data Analyst
Location: Chicago, IL

We are looking for a data analyst to join our analytics team. Responsibilities include building models, cleaning data and communicating insights. Required skills: Python, AWS, SQL.",3.1,"Blue Cross Blue Shield
3.1","Chicago, IL","New York, NY",10000+ employees,2007,Subsidiary or Business Segment,Computer Hardware & Software,Information Technology,$500 million to $1 billion (USD),-1,0,0,46,79,62.5,"Blue Cross Blue Shield
",IL,0,13,1,0,0,1,0
Data Engineer,$80K-$124K (Glassdoor est.),"Data Engineer
Location: Austin, TX

We are looking for a data engineer to join our analytics team. Responsibilities include building models, cleaning data and communicating insights. Required skills: Python, Spark, Excel, SQL.",4.0,"Guardian Life
4.0","Austin, TX","Albuquerque, NM",201 to 500 employees,1930,Company - Private,Energy,"Oil, Gas, Energy & Utilities",Unknown / Non-Applicable,"MassMutual, Tecolote Research",0,0,80,124,102.0,"Guardian Life
",TX,0,90,1,0,1,0,1
Data Engineer,$74K-$128K (Glassdoor est.),"Data Engineer
Location: New York, NY

We are looking for a data engineer to join our analytics team. Responsibilities include building models, cleaning data and communicating insights. Required skills: Python, Spark, Excel, SQL.",4.4,"Amazon
4.4","New York, NY","New York, NY",51 to 200 employees,1960,Company - Public,IT Services,Information Technology,$1 to $2 billion (USD),"Novartis, IBM",0,0,74,128,101.0,"Amazon
",NY,0,60,1,0,1,0,1
Data Engineer,$75K-$127K (Glassdoor est.),"Data Engineer
Location: Boston, MA

We are looking for a data engineer to join our analytics team. Responsibilities include building models, cleaning data and communicating insights. Required skills: Python, SQL.",3.4,"University of Maryland Medical System
3.4","Boston, MA","Boston, MA",1 to 50 employees,1907,Subsidiary or Business Segment,Energy,"Oil, Gas, Energy & Utilities",$1 to $5 million (USD),-1,0,0,75,127,101.0,"University of Maryland Medical System
",MA,1,113,1,0,0,0,0
Data Scientist,$85K-$152K (Glassdoor est.),"Data Scientist
Location: Cambridge, MA

We are looking for a data scientist to join our analytics team. Responsibilities include building models, cleaning data and communicating insights. Required skills: SQL, statistics.",3.5,"MassMutual
3.5","Cambridge, MA","Cambridge, MA",501 to 1000 employees,1890,Nonprofit Organization,IT Services,Information Technology,Unknown / Non-Applicable,-1,0,0,85,152,118.5,"MassMutual
",MA,1,130,0,0,0,0,0
Data Scientist,$87K-$122K (Glassdoor est.),"Data Scientist
Location: Dallas, TX

We are looking for a data scientist to join our analytics team. Responsibilities include building models, cleaning data and communicating insights. Required skills: SQL, statistics.",3.8,"KnowBe4
3.8","Dallas, TX","Dallas, TX",1 to 50 employees,1897,Government,Advertising & Marketing,Business Services,$10+ billion (USD),-1,0,0,87,122,104.5,"KnowBe4
",TX,1,123,0,0,0,0,0
Data Scientist,$73K-$129K (Glassdoor est.),"Data Scientist
Location: San Francisco, CA

We are looking for a data scientist to join our analytics team. Responsibilities include building models, cleaning data and communicating insights. Required skills: Spark, SQL.",3.2,"Amazon
3.2","San Francisco, CA","Albuquerque, NM",201 to 500 employees,2007,Company - Private,Energy,"Oil, Gas, Energy & Utilities",$10+ billion (USD),-1,0,0,73,129,101.0,"Amazon
",CA,0,13,0,0,1,0,0
Data Scientist,$76K-$140K (Glassdoor est.),"Data Scientist
Location: New York, NY

We are looking for a data scientist to join our analytics team. Responsibilities include building models, cleaning data and communicating insights. Required skills: Python, SQL.",4.6,"Novartis
4.6","New York, NY","Chicago, IL",501 to 1000 employees,-1,Company - Private,Computer Hardware & Software,Information Technology,$100 to $500 million (USD),-1,0,0,76,140,108.0,"Novartis
",NY,0,-1,1,0,0,0,0
Data Scientist,$97K-$159K (Glassdoor est.),"Data Scientist
Location: Arlington, VA

We are looking for a data scientist to join our analytics team. Responsibilities include building models, cleaning data and communicating insights. Required skills: Python, Spark, SQL.",3.6,"ClearOne Advantage
3.6","Arlington, VA","San Jose, CA",51 to 200 employees,1904,Company - Public,Computer Hardware & Software,Information Technology,$1 to $2 billion (USD),"Logic20/20, University of Maryland Medical System",0,0,97,159,128.0,"ClearOne Advantage
",VA,0,116,1,0,1,0,0
Senior Data Scientist,$105K-$193K (Glassdoor est.),"Senior Data Scientist
Location: Tampa, FL

We are looking for a senior data scientist to join our analytics team. Responsibilities include building models, cleaning data and communicating insights. Required skills: SQL, statistics.",3.1,"Takeda
3.1","Tampa, FL","New York, NY",10000+ employees,1865,Company - Public,Computer Hardware & Software,Information Technology,$10+ billion (USD),-1,0,0,105,193,149.0,"Takeda
",FL,0,155,0,0,0,0,0
Data Engineer,$42K-$68K (Glassdoor est.),"Data Engineer
Location: Goleta, CA

We are looking for a data engineer to join our analytics team. Responsibilities include building models, cleaning data and communicating insights. Required skills: SQL, statistics.",3.5,"IBM
3.5","Goleta, CA","Chicago, IL",5001 to 10000 employees,1878,Subsidiary or Business Segment,Health Care Services & Hospitals,Health Care,$100 to $500 million (USD),-1,0,0,42,68,55.0,"IBM
",CA,0,142,0,0,0,0,0
Data Scientist,$82K-$114K (Glassdoor est.),"Data Scientist
Location: Albuquerque, NM

We are looking for a data scientist to join our analytics team. Responsibilities include building models, cleaning data and communicating insights. Required skills: Python, AWS, Excel, SQL.",2.3,"Affinity Solutions
2.3","Albuquerque, NM","Albuquerque, NM",10000+ employees,1974,Government,Energy,"Oil, Gas, Energy & Utilities",$500 million to $1 billion (USD),"University of Maryland Medical System, CyrusOne",0,0,82,114,98.0,"Affinity Solutions
",NM,1,46,1,0,0,1,1
Senior Data Scientist,$133K-$217K (Glassdoor est.),"Senior Data Scientist
Location: Arlington, VA

We are looking for a senior data scientist to join our analytics team. Responsibilities include building models, cleaning data and communicating insights. Required skills: SQL, statistics.",2.9,"Tecolote Research
2.9","Arlington, VA","San Francisco, CA",1 to 50 employees,1899,Company - Private,Biotech & Pharmaceuticals,Biotech & Pharmaceuticals,$1 to $2 billion (USD),-1,0,0,133,217,175.0,"Tecolote Research
",VA,0,121,0,0,0,0,0
Data Scientist,$152K-$230K (Glassdoor est.),"Data Scientist
Location: Goleta, CA

We are looking for a data scientist to join our analytics team. Responsibilities include building models, cleaning data and communicating insights. Required skills: Python, Spark, Excel, SQL.",4.8,"Affinity Solutions
4.8","Goleta, CA","Arlington, VA",201 to 500 employees,1858,Company - Public,Aerospace & Defense,Aerospace & Defense,$100 to $500 million (USD),-1,0,0,152,230,191.0,"Affinity Solutions
",CA,0,162,1,0,1,0,1
Machine Learning Engineer,$77K-$145K (Glassdoor est.),"Machine Learning Engineer
Location: Arlington, VA

We are looking for a machine learning engineer to join our analytics team. Responsibilities include building models, cleaning data and communicating insights. Required skills: AWS, Excel, SQL.",3.6,"Lockheed Martin
3.6","Arlington, VA","Albuquerque, NM",5001 to 10000 employees,1967,Government,Biotech & Pharmaceuticals,Biotech & Pharmaceuticals,$1 to $5 million (USD),-1,0,0,77,145,111.0,"Lockheed Martin
",VA,0,53,0,0,0,1,1
Senior Data Scientist,$59K-$105K (Glassdoor est.),"Senior Data Scientist
Location: New York, NY

We are looking for a senior data scientist to join our analytics team. Responsibilities include building models, cleaning data and communicating insights. Required skills: Python, Excel, SQL.",3.1,"Tecolote Research
3.1","New York, NY","New York, NY",51 to 200 employees,1956,Government,Insurance Carriers,Insurance,$50 to $100 million (USD),-1,0,0,59,105,82.0,"Tecolote Research
",NY,1,64,1,0,0,0,1
Data Scientist,$62K-$103K (Glassdoor est.),"Data Scientist
Location: Austin, TX

We are looking for a data scientist to join our analytics team. Responsibilities include building models, cleaning data and communicating insights. Required skills: Python, SQL.",3.9,"Visa
3.9","Austin, TX","Chicago, IL",1001 to 5000 employees,1946,Other Organization,Energy,"Oil, Gas, Energy & Utilities",$1 to $5 million (USD),-1,0,0,62,103,82.5,"Visa
",TX,0,74,1,0,0,0,0
Healthcare Data Scientist,$78K-$116K (Glassdoor est.),"Healthcare Data Scientist
Location: Arlington, VA

We are looking for a healthcare data scientist to join our analytics team. Responsibilities include building models, cleaning data and communicating insights. Required skills: SQL, statistics.",3.5,"Affinity Solutions
3.5","Arlington, VA","Arlington, VA",501 to 1000 employees,1941,Other Organization,Internet,Information Technology,$10+ billion (USD),"Rochester Regional Health, University of Maryland Medical System",0,0,78,116,97.0,"Affinity Solutions
",VA,1,79,0,0,0,0,0
Data Scientist,$66K-$97K (Glassdoor est.),"Data Scientist
Location: Boston, MA

We are looking for a data scientist to join our analytics team. Responsibilities include building models, cleaning data and communicating insights. Required skills: Python, Excel, SQL.",4.3,"PNNL
4.3","Boston, MA","Cambridge, MA",501 to 1000 employees,1849,Government,Aerospace & Defense,Aerospace & Defense,$100 to $500 million (USD),-1,0,0,66,97,81.5,"PNNL
",MA,0,171,1,0,0,0,1
Lead Data Scientist,$127K-$190K (Glassdoor est.),"Lead Data Scientist
Location: New York, NY

We are looking for a lead data scientist to join our analytics team. Responsibilities include building models, cleaning data and communicating insights. Required skills: Python, Excel, SQL.",3.9,"Logic20/20
3.9","New York, NY","Albuquerque, NM",1 to 50 employees,1915,Company - Private,Biotech & Pharmaceuticals,Biotech & Pharmaceuticals,$100 to $500 million (USD),"Amazon, Numerator",0,0,127,190,158.5,"Logic20/20
",NY,0,105,1,0,0,0,1
Senior Data Scientist,$95K-$177K (Glassdoor est.),"Senior Data Scientist
Location: Albuquerque, NM

We are looking for a senior data scientist to join our analytics team. Responsibilities include building models, cleaning data and communicating insights. Required skills: Python, Excel, SQL.",4.0,"Guardian Life
4.0","Albuquerque, NM","Albuquerque, NM",10000+ employees,1896,Subsidiary or Business Segment,Aerospace & Defense,Aerospace & Defense,Unknown / Non-Applicable,-1,0,0,95,177,136.0,"Guardian Life
",NM,1,124,1,0,0,0,1
Machine Learning Engineer,$86K-$148K (Glassdoor est.),"Machine Learning Engineer
Location: Chicago, IL

We are looking for a machine learning engineer to join our analytics team. Responsibilities include building models, cleaning data and communicating insights. Required skills: Python, Excel, SQL.",-1.0,Tecolote Research,"Chicago, IL","Chicago, IL",51 to 200 employees,1912,Subsidiary or Business Segment,Health Care Services & Hospitals,Health Care,$10 to $25 million (USD),"Rochester Regional Health, ClearOne Advantage",0,0,86,148,117.0,Tecolote Research,IL,1,108,1,0,0,0,1
Senior Data Scientist,$92K-$146K (Glassdoor est.),"Senior Data Scientist
Location: New York, NY

We are looking for a senior data scientist to join our analytics team. Responsibilities include building models, cleaning data and communicating insights. Required skills: Python, SQL.",4.3,"University of Maryland Medical System
4.3","New York, NY","New York, NY",201 to 500 employees,1920,Company - Public,Aerospace & Defense,Aerospace & Defense,$100 to $500 million (USD),-1,0,0,92,146,119.0,"University of Maryland Medical System
",NY,1,100,1,0,0,0,0
Data Scientist,$102K-$171K (Glassdoor est.),"Data Scientist
Location: Boston, MA

We are looking for a data scientist to join our analytics team. Responsibilities include building models, cleaning data and communicating insights. Required skills: Python, Excel, SQL.",3.7,"Numerator
3.7","Boston, MA","Cambridge, MA",5001 to 10000 employees,1868,Other Organization,Energy,"Oil, Gas, Energy & Utilities",$50 to $100 million (USD),-1,0,0,102,171,136.5,"Numerator
",MA,1,152,1,0,0,0,1
Research Scientist,$60K-$99K (Glassdoor est.),"Research Scientist
Location: Chicago, IL

We are looking for a research scientist to join our analytics team. Responsibilities include building models, cleaning data and communicating insights. Required skills: Excel, SQL.",4.0,"Takeda
4.0","Chicago, IL","Chicago, IL",501 to 1000 employees,1975,Subsidiary or Business Segment,Advertising & Marketing,Business Services,Unknown / Non-Applicable,-1,0,0,60,99,79.5,"Takeda
",IL,1,45,0,0,0,0,1
Machine Learning Engineer,$117K-$213K (Glassdoor est.),"Machine Learning Engineer
Location: San Jose, CA

We are looking for a machine learning engineer to join our analytics team. Responsibilities include building models, cleaning data and communicating insights. Required skills: Excel, SQL.",3.7,"Gallup
3.7","San Jose, CA","Boston, MA",201 to 500 employees,1911,Nonprofit Organization,IT Services,Information Technology,$500 million to $1 billion (USD),-1,0,0,117,213,165.0,"Gallup
",CA,0,109,0,0,0,0,1
Data Engineer,$85K-$129K (Glassdoor est.),"Data Engineer
Location: Chicago, IL

We are looking for a data engineer to join our analytics team. Responsibilities include building models, cleaning data and communicating insights. Required skills: Spark, AWS, Excel, SQL.",5.0,"Guardian Life
5.0","Chicago, IL","Chicago, IL",5001 to 10000 employees,1887,Company - Public,Health Care Services & Hospitals,Health Care,$100 to $500 million (USD),-1,0,0,85,129,107.0,"Guardian Life
",IL,1,133,0,0,1,1,1
Data Engineer,$86K-$150K (Glassdoor est.),"Data Engineer
Location: San Francisco, CA

We are looking for a data engineer to join our analytics team. Responsibilities include building models, cleaning data and communicating insights. Required skills: Python, SQL.",3.7,"Numerator
3.7","San Francisco, CA","Albuquerque, NM",1 to 50 employees,1912,Company - Private,Advertising & Marketing,Business Services,Unknown / Non-Applicable,-1,0,0,86,150,118.0,"Numerator
",CA,0,108,1,0,0,0,0
Healthcare Data Scientist,$80K-$111K (Glassdoor est.),"Healthcare Data Scientist
Location: Chicago, IL

We are looking for a healthcare data scientist to join our analytics team. Responsibilities include building models, cleaning data and communicating insights. Required skills: Python, SQL.",3.2,"Novartis
3.2","Chicago, IL","Boston, MA",1 to 50 employees,1960,Government,Energy,"Oil, Gas, Energy & Utilities",$1 to $5 million (USD),-1,0,0,80,111,95.5,"Novartis
",IL,0,60,1,0,0,0,0
Data Scientist,$132K-$215K (Glassdoor est.),"Data Scientist
Location: San Francisco, CA

We are looking for a data scientist to join our analytics team. Responsibilities include building models, cleaning data and communicating insights. Required skills: AWS, SQL.",3.3,"Affinity Solutions
3.3","San Francisco, CA","Goleta, CA",501 to 1000 employees,1914,Company - Private,Insurance Carriers,Insurance,$10 to $25 million (USD),-1,0,0,132,215,173.5,"Affinity Solutions
",CA,1,106,0,0,0,1,0
Data Analyst,$50K-$72K (Glassdoor est.),"Data Analyst
Location: Austin, TX

We are looking for a data analyst to join our analytics team. Responsibilities include building models, cleaning data and communicating insights. Required skills: Excel, SQL.",3.6,"Visa
3.6","Austin, TX","Austin, TX",1 to 50 employees,2005,Subsidiary or Business Segment,Energy,"Oil, Gas, Energy & Utilities",$10 to $25 million (USD),-1,0,0,50,72,61.0,"Visa
",TX,1,15,0,0,0,0,1
Healthcare Data Scientist,$93K-$150K (Glassdoor est.),"Healthcare Data Scientist
Location: Goleta, CA

We are looking for a healthcare data scientist to join our analytics team. Responsibilities include building models, cleaning data and communicating insights. Required skills: SQL, statistics.",4.4,"KnowBe4
4.4","Goleta, CA","New York, NY",1 to 50 employees,1891,Subsidiary or Business Segment,Security Services,Business Services,$50 to $100 million (USD),"Amazon, Walmart",0,0,93,150,121.5,"KnowBe4
",CA,0,129,0,0,0,0,0
Lead Data Scientist,$119K-$188K (Glassdoor est.),"Lead Data Scientist
Location: New York, NY

We are looking for a lead data scientist to join our analytics team. Responsibilities include building models, cleaning data and communicating insights. Required skills: Python, Excel, SQL.",3.4,"ClearOne Advantage
3.4","New York, NY","New York, NY",201 to 500 employees,1838,Company - Private,Health Care Services & Hospitals,Health Care,$10 to $25 million (USD),-1,0,0,119,188,153.5,"ClearOne Advantage
",NY,1,182,1,0,0,0,1
Data Scientist,$71K-$108K (Glassdoor est.),"Data Scientist
Location: Arlington, VA

We are looking for a data scientist to join our analytics team. Responsibilities include building models, cleaning data and communicating insights. Required skills: Spark, AWS, Excel, SQL.",3.4,"Takeda
3.4","Arlington, VA","Arlington, VA",1 to 50 employees,1942,Company - Private,Biotech & Pharmaceuticals,Biotech & Pharmaceuticals,$10 to $25 million (USD),"Amazon, Affinity Solutions",0,0,71,108,89.5,"Takeda
",VA,1,78,0,0,1,1,1
Data Engineer,$138K-$209K (Glassdoor est.),"Data Engineer
Location: Austin, TX

We are looking for a data engineer to join our analytics team. Responsibilities include building models, cleaning data and communicating insights. Required skills: Python, AWS, Excel, SQL.",4.1,"Pfizer
4.1","Austin, TX","Austin, TX",1 to 50 employees,1936,Other Organization,Security Services,Business Services,$1 to $5 million (USD),"Takeda, Walmart",0,0,138,209,173.5,"Pfizer
",TX,1,84,1,0,0,1,1
Data Scientist,$62K-$105K (Glassdoor est.),"Data Scientist
Location: New York, NY

We are looking for a data scientist to join our analytics team. Responsibilities include building models, cleaning data and communicating insights. Required skills: AWS, SQL.",3.7,"Takeda
3.7","New York, NY","New York, NY",51 to 200 employees,1935,Other Organization,Insurance Carriers,Insurance,$10+ billion (USD),-1,0,0,62,105,83.5,"Takeda
",NY,1,85,0,0,0,1,0
Data Engineer,$94K-$167K (Glassdoor est.),"Data Engineer
Location: San Jose, CA

We are looking for a data engineer to join our analytics team. Responsibilities include building models, cleaning data and communicating insights. Required skills: Excel, SQL.",4.0,"University of Maryland Medical System
4.0","San Jose, CA","San Francisco, CA",10000+ employees,1890,Nonprofit Organization,Insurance Carriers,Insurance,$10 to $25 million (USD),"ClearOne Advantage, Walmart",0,0,94,167,130.5,"University of Maryland Medical System
",CA,1,130,0,0,0,0,1
Director of Data Science,$134K-$213K (Glassdoor est.),"Director of Data Science
Location: New York, NY

We are looking for a director of data science to join our analytics team. Responsibilities include building models, cleaning data and communicating insights. Required skills: Python, SQL.",4.1,"ClearOne Advantage
4.1","New York, NY","New York, NY",201 to 500 employees,1959,Other Organization,Computer Hardware & Software,Information Technology,$10+ billion (USD),"Rochester Regional Health, Amazon",0,0,134,213,173.5,"ClearOne Advantage
",NY,1,61,1,0,0,0,0
Lead Data Scientist,$129K-$181K (Glassdoor est.),"Lead Data Scientist
Location: New York, NY

We are looking for a lead data scientist to join our analytics team. Responsibilities include building models, cleaning data and communicating insights. Required skills: Excel, SQL.",3.9,"CyrusOne
3.9","New York, NY","Richland, WA",501 to 1000 employees,1844,Government,Health Care Services & Hospitals,Health Care,$1 to $5 million (USD),"Pfizer, CyrusOne",0,0,129,181,155.0,"CyrusOne
",NY,0,176,0,0,0,0,1
Data Scientist,$81K-$144K (Glassdoor est.),"Data Scientist
Location: Dallas, TX

We are looking for a data scientist to join our analytics team. Responsibilities include building models, cleaning data and communicating insights. Required skills: SQL, statistics.",3.8,"IBM
3.8","Dallas, TX","Arlington, VA",5001 to 10000 employees,1883,Nonprofit Organization,IT Services,Information Technology,$100 to $500 million (USD),-1,0,0,81,144,112.5,"IBM
",TX,0,137,0,0,0,0,0
Data Engineer,$105K-$166K (Glassdoor est.),"Data Engineer
Location: Arlington, VA

We are looking for a data engineer to join our analytics team. Responsibilities include building models, cleaning data and communicating insights. Required skills: Excel, SQL.",3.7,"Walmart
3.7","Arlington, VA","Arlington, VA",51 to 200 employees,1960,Other Organization,Health Care Services & Hospitals,Health Care,$10 to $25 million (USD),-1,0,0,105,166,135.5,"Walmart
",VA,1,60,0,0,0,0,1
Senior Data Scientist,$116K-$183K (Glassdoor est.),"Senior Data Scientist
Location: Goleta, CA

We are looking for a senior data scientist to join our analytics team. Responsibilities include building models, cleaning data and communicating insights. Required skills: Excel, SQL.",4.2,"Affinity Solutions
4.2","Goleta, CA","San Jose, CA",1 to 50 employees,1849,Government,Advertising & Marketing,Business Services,$50 to $100 million (USD),-1,0,0,116,183,149.5,"Affinity Solutions
",CA,1,171,0,0,0,0,1
Data Scientist,$99K-$144K (Glassdoor est.),"Data Scientist
Location: Richland, WA

We are looking for a data scientist to join our analytics team. Responsibilities include building models, cleaning data and communicating insights. Required skills: SQL, statistics.",4.4,"PNNL
4.4","Richland, WA","Seattle, WA",501 to 1000 employees,1892,Nonprofit Organization,Security Services,Business Services,$50 to $100 million (USD),"Takeda, University of Maryland Medical System",0,0,99,144,121.5,"PNNL
",WA,1,128,0,0,0,0,0
Data Scientist,$71K-$116K (Glassdoor est.),"Data Scientist
Location: Boston, MA

We are looking for a data scientist to join our analytics team. Responsibilities include building models, cleaning data and communicating insights. Required skills: AWS, Excel, SQL.",3.3,"Guardian Life
3.3","Boston, MA","Boston, MA",1 to 50 employees,1847,Subsidiary or Business Segment,Insurance Carriers,Insurance,Unknown / Non-Applicable,"CyrusOne, MassMutual",0,0,71,116,93.5,"Guardian Life
",MA,1,173,0,0,0,1,1
Data Scientist,$112K-$158K (Glassdoor est.),"Data Scientist
Location: San Francisco, CA

We are looking for a data scientist to join our analytics team. Responsibilities include building models, cleaning data and communicating insights. Required skills: Python, Excel, SQL.",3.9,"Liberty Mutual
3.9","San Francisco, CA","San Jose, CA",5001 to 10000 employees,1840,Government,Internet,Information Technology,Unknown / Non-Applicable,"Tecolote Research, Numerator",0,0,112,158,135.0,"Liberty Mutual
",CA,1,180,1,0,0,0,1
Data Scientist,$77K-$134K (Glassdoor est.),"Data Scientist
Location: Goleta, CA

We are looking for a data scientist to join our analytics team. Responsibilities include building models, cleaning data and communicating insights. Required skills: Python, AWS, SQL.",4.3,"ClearOne Advantage
4.3","Goleta, CA","Cambridge, MA",10000+ employees,-1,Nonprofit Organization,Aerospace & Defense,Aerospace & Defense,$500 million to $1 billion (USD),"IBM, Guardian Life",0,0,77,134,105.5,"ClearOne Advantage
",CA,0,-1,1,0,0,1,0
Lead Data Scientist,$116K-$201K (Glassdoor est.),"Lead Data Scientist
Location: New York, NY

We are looking for a lead data scientist to join our analytics team. Responsibilities include building models, cleaning data and communicating insights. Required skills: AWS, Excel, SQL.",3.5,"KnowBe4
3.5","New York, NY","Chicago, IL",51 to 200 employees,1839,Company - Private,Security Services,Business Services,$1 to $2 billion (USD),-1,0,0,116,201,158.5,"KnowBe4
",NY,0,181,0,0,0,1,1
Data Scientist,$93K-$139K (Glassdoor est.),"Data Scientist
Location: Clearwater, FL

We are looking for a data scientist to join our analytics team. Responsibilities include building models, cleaning data and communicating insights. Required skills: Excel, SQL.",3.7,"Novartis
3.7","Clearwater, FL","Clearwater, FL",1 to 50 employees,1836,Nonprofit Organization,Aerospace & Defense,Aerospace & Defense,$50 to $100 million (USD),-1,0,0,93,139,116.0,"Novartis
",FL,1,184,0,0,0,0,1
Senior Data Scientist,$106K-$162K (Glassdoor est.),"Senior Data Scientist
Location: New York, NY

We are looking for a senior data scientist to join our analytics team. Responsibilities include building models, cleaning data and communicating insights. Required skills: SQL, statistics.",4.2,"Gallup
4.2","New York, NY","Dallas, TX",201 to 500 employees,1991,Government,Aerospace & Defense,Aerospace & Defense,$100 to $500 million (USD),-1,0,0,106,162,134.0,"Gallup
",NY,0,29,0,0,0,0,0
Data Engineer,$89K-$134K (Glassdoor est.),"Data Engineer
Location: Goleta, CA

We are looking for a data engineer to join our analytics team. Responsibilities include building models, cleaning data and communicating insights. Required skills: Python, Excel, SQL.",4.2,"MassMutual
4.2","Goleta, CA","Arlington, VA",10000+ employees,1967,Subsidiary or Business Segment,Health Care Services & Hospitals,Health Care,$50 to $100 million (USD),-1,0,0,89,134,111.5,"MassMutual
",CA,0,53,1,0,0,0,1
Lead Data Scientist,$110K-$192K (Glassdoor est.),"Lead Data Scientist
Location: Tampa, FL

We are looking for a lead data scientist to join our analytics team. Responsibilities include building models, cleaning data and communicating insights. Required skills: SQL, statistics.",3.3,"Visa
3.3","Tampa, FL","Tampa, FL",501 to 1000 employees,2002,Nonprofit Organization,Insurance Carriers,Insurance,$100 to $500 million (USD),-1,0,0,110,192,151.0,"Visa
",FL,1,18,0,0,0,0,0
Data Scientist,$66K-$120K (Glassdoor est.),"Data Scientist
Location: New York, NY

We are looking for a data scientist to join our analytics team. Responsibilities include building models, cleaning data and communicating insights. Required skills: Spark, Excel, SQL.",4.3,"Lockheed Martin
4.3","New York, NY","New York, NY",5001 to 10000 employees,1852,Subsidiary or Business Segment,Biotech & Pharmaceuticals,Biotech & Pharmaceuticals,$10 to $25 million (USD),"University of Maryland Medical System, Guardian Life",0,0,66,120,93.0,"Lockheed Martin
",NY,1,168,0,0,1,0,1
Senior Data Scientist,$149K-$244K (Glassdoor est.),"Senior Data Scientist
Location: San Francisco, CA

We are looking for a senior data scientist to join our analytics team. Responsibilities include building models, cleaning data and communicating insights. Required skills: Python, Excel, SQL.",2.9,"Novartis
2.9","San Francisco, CA","San Jose, CA",501 to 1000 employees,1882,Company - Public,Insurance Carriers,Insurance,$1 to $5 million (USD),"Pfizer, Tecolote Research",0,0,149,244,196.5,"Novartis
",CA,1,138,1,0,0,0,1
Research Scientist,$120K-$190K (Glassdoor est.),"Research Scientist
Location: Goleta, CA

We are looking for a research scientist to join our analytics team. Responsibilities include building models, cleaning data and communicating insights. Required skills: Python, SQL.",2.9,"Pfizer
2.9","Goleta, CA","San Jose, CA",201 to 500 employees,1891,Company - Public,IT Services,Information Technology,Unknown / Non-Applicable,-1,0,0,120,190,155.0,"Pfizer
",CA,1,129,1,0,0,0,0
Healthcare Data Scientist,$103K-$182K (Glassdoor est.),"Healthcare Data Scientist
Location: San Francisco, CA

We are looking for a healthcare data scientist to join our analytics team. Responsibilities include building models, cleaning data and communicating insights. Required skills: Spark, SQL.",2.9,"Lockheed Martin
2.9","San Francisco, CA","Cambridge, MA",51 to 200 employees,1988,Company - Private,Aerospace & Defense,Aerospace & Defense,Unknown / Non-Applicable,-1,0,0,103,182,142.5,"Lockheed Martin
",CA,0,32,0,0,1,0,0
Healthcare Data Scientist,$64K-$108K (Glassdoor est.),"Healthcare Data Scientist
Location: Richland, WA

We are looking for a healthcare data scientist to join our analytics team. Responsibilities include building models, cleaning data and communicating insights. Required skills: Python, SQL.",4.4,"Lockheed Martin
4.4","Richland, WA","Richland, WA",1 to 50 employees,1970,Company - Private,IT Services,Information Technology,$1 to $2 billion (USD),"Takeda, Gallup",0,0,64,108,86.0,"Lockheed Martin
",WA,1,50,1,0,0,0,0
Data Scientist,$103K-$178K (Glassdoor est.),"Data Scientist
Location: Dallas, TX

We are looking for a data scientist to join our analytics team. Responsibilities include building models, cleaning data and communicating insights. Required skills: Python, AWS, Excel, SQL.",3.7,"Logic20/20
3.7","Dallas, TX","Dallas, TX",201 to 500 employees,1998,Government,IT Services,Information Technology,Unknown / Non-Applicable,-1,0,0,103,178,140.5,"Logic20/20
",TX,1,22,1,0,0,1,1
Data Engineer,$86K-$132K (Glassdoor est.),"Data Engineer
Location: New York, NY

We are looking for a data engineer to join our analytics team. Responsibilities include building models, cleaning data and communicating insights. Required skills: Python, Spark, SQL.",3.1,"Gallup
3.1","New York, NY","New York, NY",51 to 200 employees,-1,Subsidiary or Business Segment,Health Care Services & Hospitals,Health Care,$1 to $5 million (USD),"University of Maryland Medical System, Walmart",0,0,86,132,109.0,"Gallup
",NY,1,-1,1,0,1,0,0
Data Scientist,$112K-$173K (Glassdoor est.),"Data Scientist
Location: Albuquerque, NM

We are looking for a data scientist to join our analytics team. Responsibilities include building models, cleaning data and communicating insights. Required skills: Python, Excel, SQL.",3.0,"Novartis
3.0","Albuquerque, NM","Cambridge, MA",501 to 1000 employees,1989,Company - Public,IT Services,Information Technology,$1 to $2 billion (USD),-1,0,0,112,173,142.5,"Novartis
",NM,0,31,1,0,0,0,1
Data Scientist,$55K-$90K (Glassdoor est.),"Data Scientist
Location: New York, NY

We are looking for a data scientist to join our analytics team. Responsibilities include building models, cleaning data and communicating insights. Required skills: AWS, SQL.",3.7,"Amazon
3.7","New York, NY","New York, NY",1 to 50 employees,1908,Subsidiary or Business Segment,Energy,"Oil, Gas, Energy & Utilities",$500 million to $1 billion (USD),-1,0,0,55,90,72.5,"Amazon
",NY,0,112,0,0,0,1,0
Research Scientist,$69K-$106K (Glassdoor est.),"Research Scientist
Location: New York, NY

We are looking for a research scientist to join our analytics team. Responsibilities include building models, cleaning data and communicating insights. Required skills: Python, Spark, SQL.",3.6,"Novartis
3.6","New York, NY","New York, NY",51 to 200 employees,1966,Other Organization,Aerospace & Defense,Aerospace & Defense,$10 to $25 million (USD),"Logic20/20, CyrusOne",0,0,69,106,87.5,"Novartis
",NY,1,54,1,0,1,0,0
Data Scientist,$87K-$128K (Glassdoor est.),"Data Scientist
Location: San Francisco, CA

We are looking for a data scientist to join our analytics team. Responsibilities include building models, cleaning data and communicating insights. Required skills: Python, SQL.",3.1,"MassMutual
3.1","San Francisco, CA","San Francisco, CA",10000+ employees,1938,Subsidiary or Business Segment,Energy,"Oil, Gas, Energy & Utilities",$1 to $2 billion (USD),-1,0,0,87,128,107.5,"MassMutual
",CA,1,82,1,0,0,0,0
Data Engineer,$21-$37 Per Hour(Glassdoor est.),"Data Engineer
Location: New York, NY

We are looking for a data engineer to join our analytics team. Responsibilities include building models, cleaning data and communicating insights. Required skills: Python, Spark, Excel, SQL.",3.7,"Amazon
3.7","New York, NY","Chicago, IL",5001 to 10000 employees,-1,Company - Public,Security Services,Business Services,$10 to $25 million (USD),-1,1,0,42,74,58.0,"Amazon
",NY,0,-1,1,0,1,0,1
Data Scientist,$80K-$117K (Glassdoor est.),"Data Scientist
Location: San Jose, CA

We are looking for a data scientist to join our analytics team. Responsibilities include building models, cleaning data and communicating insights. Required skills: Python, SQL.",3.4,"Visa
3.4","San Jose, CA","Goleta, CA",5001 to 10000 employees,1881,Company - Private,Insurance Carriers,Insurance,$50 to $100 million (USD),-1,0,0,80,117,98.5,"Visa
",CA,1,139,1,0,0,0,0
Data Scientist,$67K-$113K (Glassdoor est.),"Data Scientist
Location: Chicago, IL

We are looking for a data scientist to join our analytics team. Responsibilities include building models, cleaning data and communicating insights. Required skills: Python, SQL.",3.6,"Liberty Mutual
3.6","Chicago, IL","Austin, TX",1 to 50 employees,1862,Government,Aerospace & Defense,Aerospace & Defense,$50 to $100 million (USD),-1,0,0,67,113,90.0,"Liberty Mutual
",IL,0,158,1,0,0,0,0
Machine Learning Engineer,$106K-$168K (Glassdoor est.),"Machine Learning Engineer
Location: San Francisco, CA

We are looking for a machine learning engineer to join our analytics team. Responsibilities include building models, cleaning data and communicating insights. Required skills: SQL, statistics.",4.0,"Amazon
4.0","San Francisco, CA","New York, NY",1 to 50 employees,1988,Subsidiary or Business Segment,IT Services,Information Technology,$10+ billion (USD),"Gallup, Guardian Life",0,0,106,168,137.0,"Amazon
",CA,0,32,0,0,0,0,0
Data Scientist,$87K-$150K (Glassdoor est.),"Data Scientist
Location: San Francisco, CA

We are looking for a data scientist to join our analytics team. Responsibilities include building models, cleaning data and communicating insights. Required skills: Python, Spark, SQL.",2.7,"CyrusOne
2.7","San Francisco, CA","Dallas, TX",1 to 50 employees,1991,Subsidiary or Business Segment,Security Services,Business Services,$1 to $2 billion (USD),"Amazon, Walmart",0,0,87,150,118.5,"CyrusOne
",CA,0,29,1,0,1,0,0
Healthcare Data Scientist,$79K-$128K (Glassdoor est.),"Healthcare Data Scientist
Location: Boston, MA

We are looking for a healthcare data scientist to join our analytics team. Responsibilities include building models, cleaning data and communicating insights. Required skills: Spark, Excel, SQL.",4.2,"Blue Cross Blue Shield
4.2","Boston, MA","Boston, MA",5001 to 10000 employees,1839,Nonprofit Organization,Aerospace & Defense,Aerospace & Defense,$10+ billion (USD),-1,0,0,79,128,103.5,"Blue Cross Blue Shield
",MA,1,181,0,0,1,0,1
Senior Data Scientist,$129K-$198K (Glassdoor est.),"Senior Data Scientist
Location: New York, NY

We are looking for a senior data scientist to join our analytics team. Responsibilities include building models, cleaning data and communicating insights. Required skills: SQL, statistics.",3.8,"CyrusOne
3.8","New York, NY","New York, NY",10000+ employees,1952,Company - Public,Internet,Information Technology,$1 to $5 million (USD),-1,0,0,129,198,163.5,"CyrusOne
",NY,1,68,0,0,0,0,0
Data Engineer,$94K-$169K (Glassdoor est.),"Data Engineer
Location: San Jose, CA

We are looking for a data engineer to join our analytics team. Responsibilities include building models, cleaning data and communicating insights. Required skills: Excel, SQL.",3.3,"Gallup
3.3","San Jose, CA","Arlington, VA",5001 to 10000 employees,1888,Subsidiary or Business Segment,Security Services,Business Services,Unknown / Non-Applicable,"PNNL, University of Maryland Medical System",0,0,94,169,131.5,"Gallup
",CA,0,132,0,0,0,0,1
Lead Data Scientist,$86K-$152K (Glassdoor est.),"Lead Data Scientist
Location: Linthicum, MD

We are looking for a lead data scientist to join our analytics team. Responsibilities include building models, cleaning data and communicating insights. Required skills: Python, Spark, Excel, SQL.",3.7,"Reynolds American
3.7","Linthicum, MD","Baltimore, MD",5001 to 10000 employees,2017,Other Organization,Computer Hardware & Software,Information Technology,$10+ billion (USD),-1,0,0,86,152,119.0,"Reynolds American
",MD,1,3,1,0,1,0,1
Senior Data Scientist,$73K-$124K (Glassdoor est.),"Senior Data Scientist
Location: Boston, MA

We are looking for a senior data scientist to join our analytics team. Responsibilities include building models, cleaning data and communicating insights. Required skills: SQL, statistics.",3.3,"University of Maryland Medical System
3.3","Boston, MA","Albuquerque, NM",501 to 1000 employees,1933,Subsidiary or Business Segment,Insurance Carriers,Insurance,Unknown / Non-Applicable,"PNNL, Visa",0,0,73,124,98.5,"University of Maryland Medical System
",MA,0,87,0,0,0,0,0
Data Scientist,$84K-$143K (Glassdoor est.),"Data Scientist
Location: Seattle, WA

We are looking for a data scientist to join our analytics team. Responsibilities include building models, cleaning data and communicating insights. Required skills: Python, Excel, SQL.",3.4,"Blue Cross Blue Shield
3.4","Seattle, WA","Seattle, WA",10000+ employees,1951,Nonprofit Organization,Energy,"Oil, Gas, Energy & Utilities",$1 to $5 million (USD),-1,0,0,84,143,113.5,"Blue Cross Blue Shield
",WA,1,69,1,0,0,0,1
Data Scientist,$33K-$58K (Glassdoor est.),"Data Scientist
Location: Tampa, FL

We are looking for a data scientist to join our analytics team. Responsibilities include building models, cleaning data and communicating insights. Required skills: Spark, SQL.",4.4,"Visa
4.4","Tampa, FL","Tampa, FL",1001 to 5000 employees,2017,Other Organization,Biotech & Pharmaceuticals,Biotech & Pharmaceuticals,$1 to $5 million (USD),-1,0,0,33,58,45.5,"Visa
",FL,1,3,0,0,1,0,0
Data Scientist,$100K-$164K (Glassdoor est.),"Data Scientist
Location: Arlington, VA

We are looking for a data scientist to join our analytics team. Responsibilities include building models, cleaning data and communicating insights. Required skills: Python, Excel, SQL.",3.9,"Liberty Mutual
3.9","Arlington, VA","Baltimore, MD",1001 to 5000 employees,-1,Company - Public,Internet,Information Technology,$500 million to $1 billion (USD),-1,0,0,100,164,132.0,"Liberty Mutual
",VA,0,-1,1,0,0,0,1
Data Analyst,$53K-$89K (Glassdoor est.),"Data Analyst
Location: Richland, WA

We are looking for a data analyst to join our analytics team. Responsibilities include building models, cleaning data and communicating insights. Required skills: Python, AWS, SQL.",3.9,"Pfizer
3.9","Richland, WA","Seattle, WA",51 to 200 employees,-1,Other Organization,Internet,Information Technology,$50 to $100 million (USD),"Logic20/20, Tecolote Research",0,0,53,89,71.0,"Pfizer
",WA,1,-1,1,0,0,1,0
Senior Data Scientist,$73K-$117K (Glassdoor est.),"Senior Data Scientist
Location: Boston, MA

We are looking for a senior data scientist to join our analytics team. Responsibilities include building models, cleaning data and communicating insights. Required skills: Python, Excel, SQL.",3.9,"Rochester Regional Health
3.9","Boston, MA","Boston, MA",1 to 50 employees,1899,Nonprofit Organization,Biotech & Pharmaceuticals,Biotech & Pharmaceuticals,$10 to $25 million (USD),"MassMutual, Numerator",0,0,73,117,95.0,"Rochester Regional Health
",MA,1,121,1,0,0,0,1
Data Scientist,$92K-$154K (Glassdoor est.),"Data Scientist
Location: San Jose, CA

We are looking for a data scientist to join our analytics team. Responsibilities include building models, cleaning data and communicating insights. Required skills: AWS, Excel, SQL.",3.8,"Walmart
3.8","San Jose, CA","Boston, MA",1 to 50 employees,1836,Company - Public,Energy,"Oil, Gas, Energy & Utilities",$100 to $500 million (USD),"ClearOne Advantage, Affinity Solutions",0,0,92,154,123.0,"Walmart
",CA,0,184,0,0,0,1,1
Data Scientist,$49K-$80K (Glassdoor est.),"Data Scientist
Location: Cambridge, MA

We are looking for a data scientist to join our analytics team. Responsibilities include building models, cleaning data and communicating insights. Required skills: Excel, SQL.",-1.0,Rochester Regional Health,"Cambridge, MA","Cambridge, MA",1 to 50 employees,1947,Company - Public,Biotech & Pharmaceuticals,Biotech & Pharmaceuticals,$500 million to $1 billion (USD),"Rochester Regional Health, Gallup",0,0,49,80,64.5,Rochester Regional Health,MA,1,73,0,0,0,0,1
Research Scientist,$99K-$156K (Glassdoor est.),"Research Scientist
Location: San Jose, CA

We are looking for a research scientist to join our analytics team. Responsibilities include building models, cleaning data and communicating insights. Required skills: AWS, Excel, SQL.",3.4,"Affinity Solutions
3.4","San Jose, CA","San Francisco, CA",1 to 50 employees,1942,Subsidiary or Business Segment,IT Services,Information Technology,$10+ billion (USD),"MassMutual, Takeda",0,0,99,156,127.5,"Affinity Solutions
",CA,1,78,0,0,0,1,1
Research Scientist,$69K-$120K (Glassdoor est.),"Research Scientist
Location: Cambridge, MA

We are looking for a research scientist to join our analytics team. Responsibilities include building models, cleaning data and communicating insights. Required skills: SQL, statistics.",4.6,"Affinity Solutions
4.6","Cambridge, MA","Linthicum, MD",5001 to 10000 employees,1852,Subsidiary or Business Segment,Security Services,Business Services,Unknown / Non-Applicable,"Gallup, KnowBe4",0,0,69,120,94.5,"Affinity Solutions
",MA,0,168,0,0,0,0,0
Research Scientist,$98K-$169K (Glassdoor est.),"Research Scientist
Location: New York, NY

We are looking for a research scientist to join our analytics team. Responsibilities include building models, cleaning data and communicating insights. Required skills: Python, AWS, SQL.",2.3,"Rochester Regional Health
2.3","New York, NY","New York, NY",51 to 200 employees,1897,Company - Private,Health Care Services & Hospitals,Health Care,$500 million to $1 billion (USD),-1,0,0,98,169,133.5,"Rochester Regional Health
",NY,1,123,1,0,0,1,0
Director of Data Science,$123K-$181K (Glassdoor est.),"Director of Data Science
Location: Boston, MA

We are looking for a director of data science to join our analytics team. Responsibilities include building models, cleaning data and communicating insights. Required skills: Excel, SQL.",3.4,"MassMutual
3.4","Boston, MA","Boston, MA",501 to 1000 employees,1836,Subsidiary or Business Segment,Aerospace & Defense,Aerospace & Defense,$50 to $100 million (USD),-1,0,0,123,181,152.0,"MassMutual
",MA,1,184,0,0,0,0,1
Data Scientist,$77K-$117K (Glassdoor est.),"Data Scientist
Location: New York, NY

We are looking for a data scientist to join our analytics team. Responsibilities include building models, cleaning data and communicating insights. Required skills: Python, SQL.",3.1,"IBM
3.1","New York, NY","San Jose, CA",1001 to 5000 employees,2002,Other Organization,Internet,Information Technology,$10+ billion (USD),-1,0,0,77,117,97.0,"IBM
",NY,0,18,1,0,0,0,0
Data Engineer,$26-$41 Per Hour(Glassdoor est.),"Data Engineer
Location: Richland, WA

We are looking for a data engineer to join our analytics team. Responsibilities include building models, cleaning data and communicating insights. Required skills: Excel, SQL.",3.5,"Takeda
3.5","Richland, WA","Arlington, VA",5001 to 10000 employees,1857,Company - Public,Internet,Information Technology,$50 to $100 million (USD),-1,1,0,52,82,67.0,"Takeda
",WA,0,163,0,0,0,0,1
Director of Data Science,$141K-$220K (Glassdoor est.),"Director of Data Science
Location: Cambridge, MA

We are looking for a director of data science to join our analytics team. Responsibilities include building models, cleaning data and communicating insights. Required skills: Python, Spark, SQL.",4.4,"Gallup
4.4","Cambridge, MA","Boston, MA",1001 to 5000 employees,1866,Nonprofit Organization,Internet,Information Technology,$10 to $25 million (USD),"PNNL, KnowBe4",0,0,141,220,180.5,"Gallup
",MA,1,154,1,0,1,0,0
Senior Data Scientist,$87K-$142K (Glassdoor est.),"Senior Data Scientist
Location: New York, NY

We are looking for a senior data scientist to join our analytics team. Responsibilities include building models, cleaning data and communicating insights. Required skills: Python, SQL.",3.9,"Reynolds American
3.9","New York, NY","New York, NY",51 to 200 employees,-1,Company - Private,Biotech & Pharmaceuticals,Biotech & Pharmaceuticals,$1 to $2 billion (USD),-1,0,0,87,142,114.5,"Reynolds American
",NY,1,-1,1,0,0,0,0
Data Scientist,$80K-$127K (Glassdoor est.),"Data Scientist
Location: New York, NY

We are looking for a data scientist to join our analytics team. Responsibilities include building models, cleaning data and communicating insights. Required skills: Python, SQL.",3.4,"Walmart
3.4","New York, NY","New York, NY",5001 to 10000 employees,1884,Subsidiary or Business Segment,Energy,"Oil, Gas, Energy & Utilities",$50 to $100 million (USD),-1,0,0,80,127,103.5,"Walmart
",NY,1,136,1,0,0,0,0
Data Analyst,$56K-$100K (Glassdoor est.),"Data Analyst
Location: San Francisco, CA

We are looking for a data analyst to join our analytics team. Responsibilities include building models, cleaning data and communicating insights. Required skills: AWS, Excel, SQL.",3.2,"CyrusOne
3.2","San Francisco, CA","Linthicum, MD",501 to 1000 employees,1972,Subsidiary or Business Segment,Security Services,Business Services,$1 to $2 billion (USD),"Affinity Solutions, University of Maryland Medical System",0,0,56,100,78.0,"CyrusOne
",CA,0,48,0,0,0,1,1
Data Scientist,$64K-$110K (Glassdoor est.),"Data Scientist
Location: Austin, TX

We are looking for a data scientist to join our analytics team. Responsibilities include building models, cleaning data and communicating insights. Required skills: Python, Excel, SQL.",2.5,"ClearOne Advantage
2.5","Austin, TX","Austin, TX",201 to 500 employees,1936,Other Organization,Insurance Carriers,Insurance,$500 million to $1 billion (USD),-1,0,0,64,110,87.0,"ClearOne Advantage
",TX,1,84,1,0,0,0,1
Data Engineer,$60K-$109K (Glassdoor est.),"Data Engineer
Location: Chicago, IL

We are looking for a data engineer to join our analytics team. Responsibilities include building models, cleaning data and communicating insights. Required skills: SQL, statistics.",3.7,"Pfizer
3.7","Chicago, IL","Chicago, IL",1 to 50 employees,1999,Company - Public,IT Services,Information Technology,$10+ billion (USD),-1,0,0,60,109,84.5,"Pfizer
",IL,1,21,0,0,0,0,0
Senior Data Scientist,$105K-$170K (Glassdoor est.),"Senior Data Scientist
Location: New York, NY

We are looking for a senior data scientist to join our analytics team. Responsibilities include building models, cleaning data and communicating insights. Required skills: Python, SQL.",3.7,"Numerator
3.7","New York, NY","New York, NY",1 to 50 employees,1874,Nonprofit Organization,Aerospace & Defense,Aerospace & Defense,$10 to $25 million (USD),"Affinity Solutions, Amazon",0,0,105,170,137.5,"Numerator
",NY,1,146,1,0,0,0,0
Data Analyst,$70K-$117K (Glassdoor est.),"Data Analyst
Location: San Francisco, CA

We are looking for a data analyst to join our analytics team. Responsibilities include building models, cleaning data and communicating insights. Required skills: Python, AWS, Excel, SQL.",3.2,"Logic20/20
3.2","San Francisco, CA","Tampa, FL",51 to 200 employees,2007,Subsidiary or Business Segment,Health Care Services & Hospitals,Health Care,$1 to $5 million (USD),"Numerator, IBM",0,0,70,117,93.5,"Logic20/20
",CA,0,13,1,0,0,1,1
Data Scientist,$73K-$122K (Glassdoor est.),"Data Scientist
Location: New York, NY

We are looking for a data scientist to join our analytics team. Responsibilities include building models, cleaning data and communicating insights. Required skills: Python, Excel, SQL.",3.4,"Takeda
3.4","New York, NY","Boston, MA",51 to 200 employees,1909,Other Organization,Biotech & Pharmaceuticals,Biotech & Pharmaceuticals,$10 to $25 million (USD),-1,0,0,73,122,97.5,"Takeda
",NY,0,111,1,0,0,0,1
Data Scientist,$107K-$165K (Glassdoor est.),"Data Scientist
Location: Goleta, CA

We are looking for a data scientist to join our analytics team. Responsibilities include building models, cleaning data and communicating insights. Required skills: Spark, SQL.",4.2,"ClearOne Advantage
4.2","Goleta, CA","Goleta, CA",1001 to 5000 employees,1955,Company - Private,IT Services,Information Technology,$1 to $2 billion (USD),"Rochester Regional Health, Gallup",0,0,107,165,136.0,"ClearOne Advantage
",CA,0,65,0,0,1,0,0
Data Analyst,$61K-$97K (Glassdoor est.),"Data Analyst
Location: San Francisco, CA

We are looking for a data analyst to join our analytics team. Responsibilities include building models, cleaning data and communicating insights. Required skills: Python, SQL.",4.3,"Pfizer
4.3","San Francisco, CA","Goleta, CA",1 to 50 employees,1904,Government,IT Services,Information Technology,$100 to $500 million (USD),"CyrusOne, IBM",0,0,61,97,79.0,"Pfizer
",CA,1,116,1,0,0,0,0
Data Engineer,$61K-$99K (Glassdoor est.),"Data Engineer
Location: New York, NY

We are looking for a data engineer to join our analytics team. Responsibilities include building models, cleaning data and communicating insights. Required skills: SQL, statistics.",4.6,"Reynolds American
4.6","New York, NY","New York, NY",1001 to 5000 employees,2002,Subsidiary or Business Segment,Advertising & Marketing,Business Services,$100 to $500 million (USD),-1,0,0,61,99,80.0,"Reynolds American
",NY,0,18,0,0,0,0,0
Senior Data Scientist,$142K-$213K (Glassdoor est.),"Senior Data Scientist
Location: San Francisco, CA

We are looking for a senior data scientist to join our analytics team. Responsibilities include building models, cleaning data and communicating insights. Required skills: Python, Excel, SQL.",3.8,"Visa
3.8","San Francisco, CA","Clearwater, FL",5001 to 10000 employees,1969,Subsidiary or Business Segment,Energy,"Oil, Gas, Energy & Utilities",$10 to $25 million (USD),"Guardian Life, IBM",0,0,142,213,177.5,"Visa
",CA,0,51,1,0,0,0,1
Data Engineer,$100K-$158K (Glassdoor est.),"Data Engineer
Location: San Jose, CA

We are looking for a data engineer to join our analytics team. Responsibilities include building models, cleaning data and communicating insights. Required skills: Python, Excel, SQL.",3.3,"Reynolds American
3.3","San Jose, CA","San Jose, CA",1001 to 5000 employees,1922,Nonprofit Organization,Health Care Services & Hospitals,Health Care,$100 to $500 million (USD),-1,0,0,100,158,129.0,"Reynolds American
",CA,1,98,1,0,0,0,1
Data Scientist,$65K-$106K (Glassdoor est.),"Data Scientist
Location: Dallas, TX

We are looking for a data scientist to join our analytics team. Responsibilities include building models, cleaning data and communicating insights. Required skills: Excel, SQL.",4.7,"ClearOne Advantage
4.7","Dallas, TX","Tampa, FL",501 to 1000 employees,1921,Company - Public,Advertising & Marketing,Business Services,$10+ billion (USD),-1,0,0,65,106,85.5,"ClearOne Advantage
",TX,0,99,0,0,0,0,1
Senior Data Scientist,$113K-$196K (Glassdoor est.),"Senior Data Scientist
Location: San Jose, CA

We are looking for a senior data scientist to join our analytics team. Responsibilities include building models, cleaning data and communicating insights. Required skills: Python, Spark, Excel, SQL.",3.4,"CyrusOne
3.4","San Jose, CA","San Jose, CA",10000+ employees,1878,Other Organization,Biotech & Pharmaceuticals,Biotech & Pharmaceuticals,$10+ billion (USD),-1,0,0,113,196,154.5,"CyrusOne
",CA,1,142,1,0,1,0,1
Data Engineer,$109K-$161K (Glassdoor est.),"Data Engineer
Location: Dallas, TX

We are looking for a data engineer to join our analytics team. Responsibilities include building models, cleaning data and communicating insights. Required skills: AWS, Excel, SQL.",4.0,"Lockheed Martin
4.0","Dallas, TX","Austin, TX",5001 to 10000 employees,2016,Company - Public,IT Services,Information Technology,Unknown / Non-Applicable,-1,0,0,109,161,135.0,"Lockheed Martin
",TX,1,4,0,0,0,1,1
Data Analyst,$68K-$118K (Glassdoor est.),"Data Analyst
Location: New York, NY

We are looking for a data analyst to join our analytics team. Responsibilities include building models, cleaning data and communicating insights. Required skills: AWS, Excel, SQL.",3.5,"Amazon
3.5","New York, NY","Chicago, IL",5001 to 10000 employees,1879,Nonprofit Organization,IT Services,Information Technology,$10 to $25 million (USD),-1,0,0,68,118,93.0,"Amazon
",NY,0,141,0,0,0,1,1
Data Scientist,$84K-$147K (Glassdoor est.),"Data Scientist
Location: New York, NY

We are looking for a data scientist to join our analytics team. Responsibilities include building models, cleaning data and communicating insights. Required skills: Python, AWS, SQL.",3.8,"Logic20/20
3.8","New York, NY","Richland, WA",10000+ employees,1900,Company - Private,Advertising & Marketing,Business Services,$1 to $5 million (USD),"Blue Cross Blue Shield, Affinity Solutions",0,0,84,147,115.5,"Logic20/20
",NY,0,120,1,0,0,1,0
Data Analyst,$27K-$46K (Glassdoor est.),"Data Analyst
Location: Goleta, CA

We are looking for a data analyst to join our analytics team. Responsibilities include building models, cleaning data and communicating insights. Required skills: SQL, statistics.",4.7,"Logic20/20
4.7","Goleta, CA","Goleta, CA",10000+ employees,1863,Government,Aerospace & Defense,Aerospace & Defense,$500 million to $1 billion (USD),"Rochester Regional Health, Visa",0,0,27,46,36.5,"Logic20/20
",CA,1,157,0,0,0,0,0
Data Analyst,$32K-$53K (Glassdoor est.),"Data Analyst
Location: New York, NY

We are looking for a data analyst to join our analytics team. Responsibilities include building models, cleaning data and communicating insights. Required skills: Excel, SQL.",2.9,"Affinity Solutions
2.9","New York, NY","New York, NY",1 to 50 employees,1856,Company - Private,Insurance Carriers,Insurance,$1 to $5 million (USD),"KnowBe4, IBM",0,0,32,53,42.5,"Affinity Solutions
",NY,0,164,0,0,0,0,1
Research Scientist,$76K-$121K (Glassdoor est.),"Research Scientist
Location: Albuquerque, NM

We are looking for a research scientist to join our analytics team. Responsibilities include building models, cleaning data and communicating insights. Required skills: Spark, Excel, SQL.",3.7,"Blue Cross Blue Shield
3.7","Albuquerque, NM","Albuquerque, NM",5001 to 10000 employees,1975,Company - Public,Aerospace & Defense,Aerospace & Defense,$1 to $5 million (USD),-1,0,0,76,121,98.5,"Blue Cross Blue Shield
",NM,1,45,0,0,1,0,1
Data Scientist,$89K-$146K (Glassdoor est.),"Data Scientist
Location: New York, NY

We are looking for a data scientist to join our analytics team. Responsibilities include building models, cleaning data and communicating insights. Required skills: Python, AWS, Excel, SQL.",4.2,"Logic20/20
4.2","New York, NY","Richland, WA",51 to 200 employees,1942,Government,Aerospace & Defense,Aerospace & Defense,Unknown / Non-Applicable,-1,0,0,89,146,117.5,"Logic20/20
",NY,0,78,1,0,0,1,1
Machine Learning Engineer,$99K-$166K (Glassdoor est.),"Machine Learning Engineer
Location: Cambridge, MA

We are looking for a machine learning engineer to join our analytics team. Responsibilities include building models, cleaning data and communicating insights. Required skills: Python, Excel, SQL.",4.4,"Rochester Regional Health
4.4","Cambridge, MA","Cambridge, MA",5001 to 10000 employees,2016,Other Organization,Internet,Information Technology,$50 to $100 million (USD),-1,0,0,99,166,132.5,"Rochester Regional Health
",MA,1,4,1,0,0,0,1
Data Scientist,$74K-$140K (Glassdoor est.),"Data Scientist
Location: Arlington, VA

We are looking for a data scientist to join our analytics team. Responsibilities include building models, cleaning data and communicating insights. Required skills: Python, Excel, SQL.",4.5,"Visa
4.5","Arlington, VA","Arlington, VA",51 to 200 employees,1925,Company - Private,Biotech & Pharmaceuticals,Biotech & Pharmaceuticals,$500 million to $1 billion (USD),-1,0,0,74,140,107.0,"Visa
",VA,1,95,1,0,0,0,1
Data Analyst,$41K-$63K (Glassdoor est.),"Data Analyst
Location: Boston, MA

We are looking for a data analyst to join our analytics team. Responsibilities include building models, cleaning data and communicating insights. Required skills: Python, Excel, SQL.",3.9,"Reynolds American
3.9","Boston, MA","Linthicum, MD",501 to 1000 employees,1948,Other Organization,Security Services,Business Services,$10+ billion (USD),-1,0,0,41,63,52.0,"Reynolds American
",MA,0,72,1,0,0,0,1
Data Engineer,$60K-$109K (Glassdoor est.),"Data Engineer
Location: Boston, MA

We are looking for a data engineer to join our analytics team. Responsibilities include building models, cleaning data and communicating insights. Required skills: Python, AWS, SQL.",3.0,"IBM
3.0","Boston, MA","Boston, MA",501 to 1000 employees,1964,Company - Private,Biotech & Pharmaceuticals,Biotech & Pharmaceuticals,$1 to $5 million (USD),-1,0,0,60,109,84.5,"IBM
",MA,1,56,1,0,0,1,0
Data Scientist,$73K-$121K (Glassdoor est.),"Data Scientist
Location: New York, NY

We are looking for a data scientist to join our analytics team. Responsibilities include building models, cleaning data and communicating insights. Required skills: Excel, SQL.",3.6,"University of Maryland Medical System
3.6","New York, NY","New York, NY",201 to 500 employees,1917,Nonprofit Organization,Biotech & Pharmaceuticals,Biotech & Pharmaceuticals,$1 to $5 million (USD),"Affinity Solutions, Gallup",0,0,73,121,97.0,"University of Maryland Medical System
",NY,1,103,0,0,0,0,1
Senior Data Scientist,$138K-$212K (Glassdoor est.),"Senior Data Scientist
Location: New York, NY

We are looking for a senior data scientist to join our analytics team. Responsibilities include building models, cleaning data and communicating insights. Required skills: AWS, SQL.",4.1,"Takeda
4.1","New York, NY","New York, NY",501 to 1000 employees,1925,Government,Aerospace & Defense,Aerospace & Defense,$500 million to $1 billion (USD),-1,0,0,138,212,175.0,"Takeda
",NY,1,95,0,0,0,1,0
Data Analyst,$32K-$47K (Glassdoor est.),"Data Analyst
Location: Austin, TX

We are looking for a data analyst to join our analytics team. Responsibilities include building models, cleaning data and communicating insights. Required skills: Python, SQL.",3.4,"University of Maryland Medical System
3.4","Austin, TX","Austin, TX",5001 to 10000 employees,1907,Government,Aerospace & Defense,Aerospace & Defense,Unknown / Non-Applicable,-1,0,0,32,47,39.5,"University of Maryland Medical System
",TX,1,113,1,0,0,0,0
Research Scientist,$95K-$161K (Glassdoor est.),"Research Scientist
Location: Arlington, VA

We are looking for a research scientist to join our analytics team. Responsibilities include building models, cleaning data and communicating insights. Required skills: Excel, SQL.",3.0,"Blue Cross Blue Shield
3.0","Arlington, VA","Arlington, VA",201 to 500 employees,-1,Nonprofit Organization,Insurance Carriers,Insurance,$1 to $5 million (USD),"KnowBe4, Logic20/20",0,0,95,161,128.0,"Blue Cross Blue Shield
",VA,1,-1,0,0,0,0,1
Director of Data Science,$157K-$264K (Glassdoor est.),"Director of Data Science
Location: Goleta, CA

We are looking for a director of data science to join our analytics team. Responsibilities include building models, cleaning data and communicating insights. Required skills: Spark, SQL.",3.7,"Affinity Solutions
3.7","Goleta, CA","San Jose, CA",1 to 50 employees,1830,Company - Public,Insurance Carriers,Insurance,$1 to $2 billion (USD),-1,0,0,157,264,210.5,"Affinity Solutions
",CA,1,190,0,0,1,0,0
Data Engineer,$60K-$112K (Glassdoor est.),"Data Engineer
Location: Dallas, TX

We are looking for a data engineer to join our analytics team. Responsibilities include building models, cleaning data and communicating insights. Required skills: Excel, SQL.",2.9,"Affinity Solutions
2.9","Dallas, TX","Austin, TX",51 to 200 employees,1968,Company - Public,Biotech & Pharmaceuticals,Biotech & Pharmaceuticals,Unknown / Non-Applicable,-1,0,0,60,112,86.0,"Affinity Solutions
",TX,1,52,0,0,0,0,1
Data Scientist,$107K-$177K (Glassdoor est.),"Data Scientist
Location: Clearwater, FL

We are looking for a data scientist to join our analytics team. Responsibilities include building models, cleaning data and communicating insights. Required skills: Python, SQL.",3.7,"Logic20/20
3.7","Clearwater, FL","Clearwater, FL",51 to 200 employees,1915,Nonprofit Organization,Biotech & Pharmaceuticals,Biotech & Pharmaceuticals,$500 million to $1 billion (USD),"Visa, KnowBe4",0,0,107,177,142.0,"Logic20/20
",FL,1,105,1,0,0,0,0
Data Analyst,$34-$52 Per Hour(Glassdoor est.),"Data Analyst
Location: Tampa, FL

We are looking for a data analyst to join our analytics team. Responsibilities include building models, cleaning data and communicating insights. Required skills: Spark, Excel, SQL.",4.0,"MassMutual
4.0","Tampa, FL","Clearwater, FL",501 to 1000 employees,1867,Company - Public,Aerospace & Defense,Aerospace & Defense,$10 to $25 million (USD),-1,1,0,68,104,86.0,"MassMutual
",FL,1,153,0,0,1,0,1
Healthcare Data Scientist,$71K-$122K (Glassdoor est.),"Healthcare Data Scientist
Location: Cambridge, MA

We are looking for a healthcare data scientist to join our analytics team. Responsibilities include building models, cleaning data and communicating insights. Required skills: Python, Excel, SQL.",4.0,"KnowBe4
4.0","Cambridge, MA","Cambridge, MA",5001 to 10000 employees,1943,Company - Public,Health Care Services & Hospitals,Health Care,$1 to $2 billion (USD),-1,0,0,71,122,96.5,"KnowBe4
",MA,1,77,1,0,0,0,1
Senior Data Scientist,$141K-$214K (Glassdoor est.),"Senior Data Scientist
Location: Linthicum, MD

We are looking for a senior data scientist to join our analytics team. Responsibilities include building models, cleaning data and communicating insights. Required skills: Python, AWS, Excel, SQL.",4.6,"Blue Cross Blue Shield
4.6","Linthicum, MD","Baltimore, MD",501 to 1000 employees,-1,Government,Aerospace & Defense,Aerospace & Defense,$1 to $2 billion (USD),-1,0,0,141,214,177.5,"Blue Cross Blue Shield
",MD,1,-1,1,0,0,1,1
Data Scientist,$74K-$107K (Glassdoor est.),"Data Scientist
Location: Chicago, IL

We are looking for a data scientist to join our analytics team. Responsibilities include building models, cleaning data and communicating insights. Required skills: Python, SQL.",3.1,"Tecolote Research
3.1","Chicago, IL","Chicago, IL",1001 to 5000 employees,1890,Other Organization,Insurance Carriers,Insurance,$50 to $100 million (USD),-1,0,0,74,107,90.5,"Tecolote Research
",IL,1,130,1,0,0,0,0
Data Scientist,$83K-$129K (Glassdoor est.),"Data Scientist
Location: Tampa, FL

We are looking for a data scientist to join our analytics team. Responsibilities include building models, cleaning data and communicating insights. Required skills: Python, Excel, SQL.",4.0,"University of Maryland Medical System
4.0","Tampa, FL","Clearwater, FL",10000+ employees,1980,Government,Insurance Carriers,Insurance,$10+ billion (USD),"Reynolds American, Lockheed Martin",0,0,83,129,106.0,"University of Maryland Medical System
",FL,1,40,1,0,0,0,1
Senior Data Scientist,Employer Provided Salary:$151K-$241K,"Senior Data Scientist
Location: Cambridge, MA

We are looking for a senior data scientist to join our analytics team. Responsibilities include building models, cleaning data and communicating insights. Required skills: AWS, SQL.",3.1,"Liberty Mutual
3.1","Cambridge, MA","Arlington, VA",501 to 1000 employees,1875,Government,Internet,Information Technology,$50 to $100 million (USD),"Blue Cross Blue Shield, Visa",0,1,151,241,196.0,"Liberty Mutual
",MA,0,145,0,0,0,1,0
Data Analyst,$66K-$121K (Glassdoor est.),"Data Analyst
Location: Boston, MA

We are looking for a data analyst to join our analytics team. Responsibilities include building models, cleaning data and communicating insights. Required skills: Excel, SQL.",2.8,"ClearOne Advantage
2.8","Boston, MA","Tampa, FL",501 to 1000 employees,1986,Company - Private,Insurance Carriers,Insurance,$10+ billion (USD),"Liberty Mutual, CyrusOne",0,0,66,121,93.5,"ClearOne Advantage
",MA,0,34,0,0,0,0,1
Senior Data Scientist,$119K-$195K (Glassdoor est.),"Senior Data Scientist
Location: Cambridge, MA

We are looking for a senior data scientist to join our analytics team. Responsibilities include building models, cleaning data and communicating insights. Required skills: Python, Excel, SQL.",4.3,"Visa
4.3","Cambridge, MA","San Francisco, CA",501 to 1000 employees,1929,Government,IT Services,Information Technology,Unknown / Non-Applicable,-1,0,0,119,195,157.0,"Visa
",MA,0,91,1,0,0,0,1
Data Scientist,$84K-$133K (Glassdoor est.),"Data Scientist
Location: Seattle, WA

We are looking for a data scientist to join our analytics team. Responsibilities include building models, cleaning data and communicating insights. Required skills: Spark, SQL.",3.9,"Takeda
3.9","Seattle, WA","Albuquerque, NM",501 to 1000 employees,1946,Other Organization,Computer Hardware & Software,Information Technology,Unknown / Non-Applicable,"Visa, University of Maryland Medical System",0,0,84,133,108.5,"Takeda
",WA,0,74,0,0,1,0,0
Data Scientist,$105K-$169K (Glassdoor est.),"Data Scientist
Location: Linthicum, MD

We are looking for a data scientist to join our analytics team. Responsibilities include building models, cleaning data and communicating insights. Required skills: Python, AWS, Excel, SQL.",3.9,"Liberty Mutual
3.9","Linthicum, MD","Albuquerque, NM",1001 to 5000 employees,1937,Government,Advertising & Marketing,Business Services,$100 to $500 million (USD),"IBM, Rochester Regional Health",0,0,105,169,137.0,"Liberty Mutual
",MD,0,83,1,0,0,1,1
Research Scientist,$89K-$135K (Glassdoor est.),"Research Scientist
Location: New York, NY

We are looking for a research scientist to join our analytics team. Responsibilities include building models, cleaning data and communicating insights. Required skills: Excel, SQL.",3.7,"Numerator
3.7","New York, NY","New York, NY",1 to 50 employees,1833,Company - Private,Advertising & Marketing,Business Services,$500 million to $1 billion (USD),-1,0,0,89,135,112.0,"Numerator
",NY,1,187,0,0,0,0,1
Director of Data Science,$129K-$224K (Glassdoor est.),"Director of Data Science
Location: Goleta, CA

We are looking for a director of data science to join our analytics team. Responsibilities include building models, cleaning data and communicating insights. Required skills: Python, SQL.",3.6,"IBM
3.6","Goleta, CA","Richland, WA",201 to 500 employees,1934,Company - Private,Health Care Services & Hospitals,Health Care,$500 million to $1 billion (USD),"University of Maryland Medical System, Liberty Mutual",0,0,129,224,176.5,"IBM
",CA,0,86,1,0,0,0,0
Data Scientist,$109K-$158K (Glassdoor est.),"Data Scientist
Location: San Francisco, CA

We are looking for a data scientist to join our analytics team. Responsibilities include building models, cleaning data and communicating insights. Required skills: SQL, statistics.",3.8,"Blue Cross Blue Shield
3.8","San Francisco, CA","Clearwater, FL",5001 to 10000 employees,1851,Government,Biotech & Pharmaceuticals,Biotech & Pharmaceuticals,$50 to $100 million (USD),-1,0,0,109,158,133.5,"Blue Cross Blue Shield
",CA,0,169,0,0,0,0,0
Research Scientist,$33K-$59K (Glassdoor est.),"Research Scientist
Location: Chicago, IL

We are looking for a research scientist to join our analytics team. Responsibilities include building models, cleaning data and communicating insights. Required skills: AWS, SQL.",3.6,"Amazon
3.6","Chicago, IL","Chicago, IL",10000+ employees,1864,Company - Private,IT Services,Information Technology,$1 to $5 million (USD),"Blue Cross Blue Shield, Takeda",0,0,33,59,46.0,"Amazon
",IL,0,156,0,0,0,1,0
Director of Data Science,$134K-$199K (Glassdoor est.),"Director of Data Science
Location: Baltimore, MD

We are looking for a director of data science to join our analytics team. Responsibilities include building models, cleaning data and communicating insights. Required skills: Python, Excel, SQL.",4.2,"Lockheed Martin
4.2","Baltimore, MD","Arlington, VA",501 to 1000 employees,2013,Other Organization,Biotech & Pharmaceuticals,Biotech & Pharmaceuticals,$10+ billion (USD),-1,0,0,134,199,166.5,"Lockheed Martin
",MD,0,7,1,0,0,0,1
Healthcare Data Scientist,$39K-$64K (Glassdoor est.),"Healthcare Data Scientist
Location: Richland, WA

We are looking for a healthcare data scientist to join our analytics team. Responsibilities include building models, cleaning data and communicating insights. Required skills: Python, AWS, Excel, SQL.",3.8,"Amazon
3.8","Richland, WA","Richland, WA",501 to 1000 employees,2008,Subsidiary or Business Segment,Computer Hardware & Software,Information Technology,Unknown / Non-Applicable,-1,0,0,39,64,51.5,"Amazon
",WA,1,12,1,0,0,1,1
Senior Data Scientist,$101K-$163K (Glassdoor est.),"Senior Data Scientist
Location: Richland, WA

We are looking for a senior data scientist to join our analytics team. Responsibilities include building models, cleaning data and communicating insights. Required skills: AWS, SQL.",-1.0,ClearOne Advantage,"Richland, WA","Albuquerque, NM",1 to 50 employees,1836,Company - Private,Health Care Services & Hospitals,Health Care,$10 to $25 million (USD),"Affinity Solutions, Gallup",0,0,101,163,132.0,ClearOne Advantage,WA,0,184,0,0,0,1,0
Lead Data Scientist,$143K-$231K (Glassdoor est.),"Lead Data Scientist
Location: Goleta, CA

We are looking for a lead data scientist to join our analytics team. Responsibilities include building models, cleaning data and communicating insights. Required skills: Python, Spark, AWS, Excel, SQL.",4.5,"Lockheed Martin
4.5","Goleta, CA","Goleta, CA",201 to 500 employees,1930,Subsidiary or Business Segment,Security Services,Business Services,$10 to $25 million (USD),-1,0,0,143,231,187.0,"Lockheed Martin
",CA,1,90,1,0,1,1,1
Director of Data Science,$155K-$252K (Glassdoor est.),"Director of Data Science
Location: Seattle, WA

We are looking for a director of data science to join our analytics team. Responsibilities include building models, cleaning data and communicating insights. Required skills: Python, AWS, Excel, SQL.",3.8,"Numerator
3.8","Seattle, WA","Seattle, WA",1 to 50 employees,1959,Nonprofit Organization,Aerospace & Defense,Aerospace & Defense,$1 to $2 billion (USD),-1,0,0,155,252,203.5,"Numerator
",WA,1,61,1,0,0,1,1
Machine Learning Engineer,$61K-$115K (Glassdoor est.),"Machine Learning Engineer
Location: Arlington, VA

We are looking for a machine learning engineer to join our analytics team. Responsibilities include building models, cleaning data and communicating insights. Required skills: SQL, statistics.",3.5,"Novartis
3.5","Arlington, VA","Arlington, VA",1001 to 5000 employees,1852,Company - Public,Biotech & Pharmaceuticals,Biotech & Pharmaceuticals,$50 to $100 million (USD),-1,0,0,61,115,88.0,"Novartis
",VA,1,168,0,0,0,0,0
Data Analyst,$48K-$80K (Glassdoor est.),"Data Analyst
Location: Cambridge, MA

We are looking for a data analyst to join our analytics team. Responsibilities include building models, cleaning data and communicating insights. Required skills: Excel, SQL.",3.9,"Novartis
3.9","Cambridge, MA","Boston, MA",501 to 1000 employees,1981,Government,Security Services,Business Services,$500 million to $1 billion (USD),-1,0,0,48,80,64.0,"Novartis
",MA,1,39,0,0,0,0,1
Data Scientist,$70K-$120K (Glassdoor est.),"Data Scientist
Location: New York, NY

We are looking for a data scientist to join our analytics team. Responsibilities include building models, cleaning data and communicating insights. Required skills: Spark, SQL.",3.7,"Liberty Mutual
3.7","New York, NY","San Francisco, CA",10000+ employees,1941,Nonprofit Organization,Aerospace & Defense,Aerospace & Defense,$100 to $500 million (USD),-1,0,0,70,120,95.0,"Liberty Mutual
",NY,0,79,0,0,1,0,0
Healthcare Data Scientist,$67K-$115K (Glassdoor est.),"Healthcare Data Scientist
Location: Chicago, IL

We are looking for a healthcare data scientist to join our analytics team. Responsibilities include building models, cleaning data and communicating insights. Required skills: Python, Excel, SQL.",3.7,"Amazon
3.7","Chicago, IL","Arlington, VA",501 to 1000 employees,1952,Government,IT Services,Information Technology,Unknown / Non-Applicable,"University of Maryland Medical System, Logic20/20",0,0,67,115,91.0,"Amazon
",IL,0,68,1,0,0,0,1
Research Scientist,$116K-$215K (Glassdoor est.),"Research Scientist
Location: San Francisco, CA

We are looking for a research scientist to join our analytics team. Responsibilities include building models, cleaning data and communicating insights. Required skills: Python, SQL.",3.7,"Liberty Mutual
3.7","San Francisco, CA","Goleta, CA",201 to 500 employees,1949,Company - Public,Aerospace & Defense,Aerospace & Defense,$10 to $25 million (USD),-1,0,0,116,215,165.5,"Liberty Mutual
",CA,1,71,1,0,0,0,0
Data Scientist,$93K-$141K (Glassdoor est.),"Data Scientist
Location: San Francisco, CA

We are looking for a data scientist to join our analytics team. Responsibilities include building models, cleaning data and communicating insights. Required skills: AWS, SQL.",2.9,"University of Maryland Medical System
2.9","San Francisco, CA","San Jose, CA",5001 to 10000 employees,1887,Company - Public,IT Services,Information Technology,$500 million to $1 billion (USD),"Blue Cross Blue Shield, Novartis",0,0,93,141,117.0,"University of Maryland Medical System
",CA,1,133,0,0,0,1,0
Data Scientist,$39K-$68K (Glassdoor est.),"Data Scientist
Location: New York, NY

We are looking for a data scientist to join our analytics team. Responsibilities include building models, cleaning data and communicating insights. Required skills: Python, Spark, SQL.",3.4,"Tecolote Research
3.4","New York, NY","Boston, MA",201 to 500 employees,1972,Other Organization,Advertising & Marketing,Business Services,$500 million to $1 billion (USD),-1,0,0,39,68,53.5,"Tecolote Research
",NY,0,48,1,0,1,0,0
Data Scientist,$97K-$162K (Glassdoor est.),"Data Scientist
Location: Goleta, CA

We are looking for a data scientist to join our analytics team. Responsibilities include building models, cleaning data and communicating insights. Required skills: Python, SQL.",3.6,"CyrusOne
3.6","Goleta, CA","San Francisco, CA",10000+ employees,1957,Company - Public,Insurance Carriers,Insurance,$1 to $2 billion (USD),-1,0,0,97,162,129.5,"CyrusOne
",CA,1,63,1,0,0,0,0
Data Engineer,$135K-$223K (Glassdoor est.),"Data Engineer
Location: Cambridge, MA

We are looking for a data engineer to join our analytics team. Responsibilities include building models, cleaning data and communicating insights. Required skills: Python, AWS, Excel, SQL.",4.4,"Pfizer
4.4","Cambridge, MA","Boston, MA",501 to 1000 employees,1849,Company - Private,Biotech & Pharmaceuticals,Biotech & Pharmaceuticals,$1 to $2 billion (USD),"Guardian Life, ClearOne Advantage",0,0,135,223,179.0,"Pfizer
",MA,1,171,1,0,0,1,1
Data Engineer,$93K-$144K (Glassdoor est.),"Data Engineer
Location: Goleta, CA

We are looking for a data engineer to join our analytics team. Responsibilities include building models, cleaning data and communicating insights. Required skills: Python, AWS, SQL.",2.8,"University of Maryland Medical System
2.8","Goleta, CA","Richland, WA",1001 to 5000 employees,1907,Company - Public,Internet,Information Technology,$1 to $5 million (USD),-1,0,0,93,144,118.5,"University of Maryland Medical System
",CA,0,113,1,0,0,1,0
Data Engineer,$115K-$202K (Glassdoor est.),"Data Engineer
Location: New York, NY

We are looking for a data engineer to join our analytics team. Responsibilities include building models, cleaning data and communicating insights. Required skills: SQL, statistics.",3.8,"KnowBe4
3.8","New York, NY","New York, NY",5001 to 10000 employees,1983,Subsidiary or Business Segment,Aerospace & Defense,Aerospace & Defense,$500 million to $1 billion (USD),-1,0,0,115,202,158.5,"KnowBe4
",NY,1,37,0,0,0,0,0
Research Scientist,$91K-$133K (Glassdoor est.),"Research Scientist
Location: New York, NY

We are looking for a research scientist to join our analytics team. Responsibilities include building models, cleaning data and communicating insights. Required skills: Python, Spark, SQL.",4.1,"Takeda
4.1","New York, NY","Baltimore, MD",501 to 1000 employees,1896,Subsidiary or Business Segment,Insurance Carriers,Insurance,$50 to $100 million (USD),-1,0,0,91,133,112.0,"Takeda
",NY,0,124,1,0,1,0,0
Data Scientist,$116K-$185K (Glassdoor est.),"Data Scientist
Location: New York, NY

We are looking for a data scientist to join our analytics team. Responsibilities include building models, cleaning data and communicating insights. Required skills: Python, Excel, SQL.",-1.0,Tecolote Research,"New York, NY","Cambridge, MA",1001 to 5000 employees,1886,Subsidiary or Business Segment,IT Services,Information Technology,$1 to $5 million (USD),-1,0,0,116,185,150.5,Tecolote Research,NY,0,134,1,0,0,0,1
Data Engineer,$92K-$162K (Glassdoor est.),"Data Engineer
Location: Goleta, CA

We are looking for a data engineer to join our analytics team. Responsibilities include building models, cleaning data and communicating insights. Required skills: Python, AWS, Excel, SQL.",4.0,"Rochester Regional Health
4.0","Goleta, CA","San Francisco, CA",5001 to 10000 employees,1921,Company - Public,Insurance Carriers,Insurance,$10+ billion (USD),-1,0,0,92,162,127.0,"Rochester Regional Health
",CA,1,99,1,0,0,1,1
Director of Data Science,$138K-$192K (Glassdoor est.),"Director of Data Science
Location: New York, NY

We are looking for a director of data science to join our analytics team. Responsibilities include building models, cleaning data and communicating insights. Required skills: Python, Excel, SQL.",3.3,"Takeda
3.3","New York, NY","Clearwater, FL",5001 to 10000 employees,1975,Other Organization,Health Care Services & Hospitals,Health Care,$50 to $100 million (USD),-1,0,0,138,192,165.0,"Takeda
",NY,0,45,1,0,0,0,1
Data Engineer,$76K-$120K (Glassdoor est.),"Data Engineer
Location: Dallas, TX

We are looking for a data engineer to join our analytics team. Responsibilities include building models, cleaning data and communicating insights. Required skills: Python, Excel, SQL.",3.5,"Blue Cross Blue Shield
3.5","Dallas, TX","Linthicum, MD",10000+ employees,1995,Subsidiary or Business Segment,Aerospace & Defense,Aerospace & Defense,$50 to $100 million (USD),-1,0,0,76,120,98.0,"Blue Cross Blue Shield
",TX,0,25,1,0,0,0,1
Research Scientist,$97K-$155K (Glassdoor est.),"Research Scientist
Location: San Francisco, CA

We are looking for a research scientist to join our analytics team. Responsibilities include building models, cleaning data and communicating insights. Required skills: SQL, statistics.",4.1,"CyrusOne
4.1","San Francisco, CA","San Jose, CA",1 to 50 employees,1997,Nonprofit Organization,Energy,"Oil, Gas, Energy & Utilities",$10+ billion (USD),-1,0,0,97,155,126.0,"CyrusOne
",CA,1,23,0,0,0,0,0
Senior Data Scientist,$55K-$84K (Glassdoor est.),"Senior Data Scientist
Location: New York, NY

We are looking for a senior data scientist to join our analytics team. Responsibilities include building models, cleaning data and communicating insights. Required skills: Excel, SQL.",4.1,"Reynolds American
4.1","New York, NY","New York, NY",5001 to 10000 employees,1905,Company - Private,Computer Hardware & Software,Information Technology,$50 to $100 million (USD),"Lockheed Martin, Walmart",0,0,55,84,69.5,"Reynolds American
",NY,1,115,0,0,0,0,1
Machine Learning Engineer,$120K-$224K (Glassdoor est.),"Machine Learning Engineer
Location: San Francisco, CA

We are looking for a machine learning engineer to join our analytics team. Responsibilities include building models, cleaning data and communicating insights. Required skills: Python, Spark, SQL.",3.3,"Walmart
3.3","San Francisco, CA","San Francisco, CA",1 to 50 employees,1842,Nonprofit Organization,Insurance Carriers,Insurance,$500 million to $1 billion (USD),-1,0,0,120,224,172.0,"Walmart
",CA,1,178,1,0,1,0,0
Machine Learning Engineer,$137K-$242K (Glassdoor est.),"Machine Learning Engineer
Location: San Francisco, CA

We are looking for a machine learning engineer to join our analytics team. Responsibilities include building models, cleaning data and communicating insights. Required skills: Python, AWS, Excel, SQL.",4.0,"CyrusOne
4.0","San Francisco, CA","Goleta, CA",51 to 200 employees,1992,Other Organization,Computer Hardware & Software,Information Technology,$100 to $500 million (USD),"PNNL, Reynolds American",0,0,137,242,189.5,"CyrusOne
",CA,1,28,1,0,0,1,1
Data Engineer,$57K-$107K (Glassdoor est.),"Data Engineer
Location: Cambridge, MA

We are looking for a data engineer to join our analytics team. Responsibilities include building models, cleaning data and communicating insights. Required skills: Python, Excel, SQL.",3.3,"Affinity Solutions
3.3","Cambridge, MA","Dallas, TX",5001 to 10000 employees,2012,Subsidiary or Business Segment,IT Services,Information Technology,$500 million to $1 billion (USD),-1,0,0,57,107,82.0,"Affinity Solutions
",MA,0,8,1,0,0,0,1
Senior Data Scientist,$109K-$179K (Glassdoor est.),"Senior Data Scientist
Location: New York, NY

We are looking for a senior data scientist to join our analytics team. Responsibilities include building models, cleaning data and communicating insights. Required skills: Python, Excel, SQL.",3.1,"Tecolote Research
3.1","New York, NY","New York, NY",501 to 1000 employees,1929,Company - Private,Security Services,Business Services,$10 to $25 million (USD),-1,0,0,109,179,144.0,"Tecolote Research
",NY,1,91,1,0,0,0,1
Data Scientist,$42K-$63K (Glassdoor est.),"Data Scientist
Location: New York, NY

We are looking for a data scientist to join our analytics team. Responsibilities include building models, cleaning data and communicating insights. Required skills: Python, AWS, SQL.",4.1,"Novartis
4.1","New York, NY","New York, NY",1001 to 5000 employees,1914,Government,Energy,"Oil, Gas, Energy & Utilities",$1 to $2 billion (USD),"Numerator, Amazon",0,0,42,63,52.5,"Novartis
",NY,1,106,1,0,0,1,0
Data Scientist,$130K-$211K (Glassdoor est.),"Data Scientist
Location: Goleta, CA

We are looking for a data scientist to join our analytics team. Responsibilities include building models, cleaning data and communicating insights. Required skills: Python, SQL.",4.4,"Affinity Solutions
4.4","Goleta, CA","Richland, WA",201 to 500 employees,1863,Other Organization,Energy,"Oil, Gas, Energy & Utilities",$10+ billion (USD),-1,0,0,130,211,170.5,"Affinity Solutions
",CA,0,157,1,0,0,0,0
Data Scientist,$50K-$92K (Glassdoor est.),"Data Scientist
Location: Dallas, TX

We are looking for a data scientist to join our analytics team. Responsibilities include building models, cleaning data and communicating insights. Required skills: Python, Spark, Excel, SQL.",3.9,"Walmart
3.9","Dallas, TX","Baltimore, MD",1 to 50 employees,1854,Other Organization,Advertising & Marketing,Business Services,$10 to $25 million (USD),-1,0,0,50,92,71.0,"Walmart
",TX,0,166,1,0,1,0,1
Data Scientist,$91K-$138K (Glassdoor est.),"Data Scientist
Location: Goleta, CA

We are looking for a data scientist to join our analytics team. Responsibilities include building models, cleaning data and communicating insights. Required skills: Excel, SQL.",3.8,"Amazon
3.8","Goleta, CA","Richland, WA",1 to 50 employees,1844,Other Organization,Security Services,Business Services,Unknown / Non-Applicable,-1,0,0,91,138,114.5,"Amazon
",CA,0,176,0,0,0,0,1
Senior Data Scientist,$125K-$177K (Glassdoor est.),"Senior Data Scientist
Location: Linthicum, MD

We are looking for a senior data scientist to join our analytics team. Responsibilities include building models, cleaning data and communicating insights. Required skills: Python, Excel, SQL.",4.3,"IBM
4.3","Linthicum, MD","New York, NY",1001 to 5000 employees,1886,Company - Public,Insurance Carriers,Insurance,$10 to $25 million (USD),-1,0,0,125,177,151.0,"IBM
",MD,0,134,1,0,0,0,1
Machine Learning Engineer,$126K-$194K (Glassdoor est.),"Machine Learning Engineer
Location: New York, NY

We are looking for a machine learning engineer to join our analytics team. Responsibilities include building models, cleaning data and communicating insights. Required skills: SQL, statistics.",3.3,"ClearOne Advantage
3.3","New York, NY","New York, NY",1 to 50 employees,1980,Company - Private,Health Care Services & Hospitals,Health Care,$1 to $5 million (USD),"Blue Cross Blue Shield, Pfizer",0,0,126,194,160.0,"ClearOne Advantage
",NY,1,40,0,0,0,0,0
Data Scientist,$91K-$150K (Glassdoor est.),"Data Scientist
Location: Dallas, TX

We are looking for a data scientist to join our analytics team. Responsibilities include building models, cleaning data and communicating insights. Required skills: Python, Spark, SQL.",3.5,"Pfizer
3.5","Dallas, TX","Austin, TX",51 to 200 employees,1862,Nonprofit Organization,Health Care Services & Hospitals,Health Care,$1 to $5 million (USD),"Blue Cross Blue Shield, Lockheed Martin",0,0,91,150,120.5,"Pfizer
",TX,1,158,1,0,1,0,0
Director of Data Science,$164K-$276K (Glassdoor est.),"Director of Data Science
Location: San Francisco, CA

We are looking for a director of data science to join our analytics team. Responsibilities include building models, cleaning data and communicating insights. Required skills: Python, Spark, Excel, SQL.",4.4,"IBM
4.4","San Francisco, CA","Chicago, IL",501 to 1000 employees,2012,Company - Private,Advertising & Marketing,Business Services,$1 to $5 million (USD),"Logic20/20, KnowBe4",0,0,164,276,220.0,"IBM
",CA,0,8,1,0,1,0,1
Data Analyst,$77K-$117K (Glassdoor est.),"Data Analyst
Location: New York, NY

We are looking for a data analyst to join our analytics team. Responsibilities include building models, cleaning data and communicating insights. Required skills: AWS, SQL.",3.6,"ClearOne Advantage
3.6","New York, NY","New York, NY",501 to 1000 employees,1999,Other Organization,Energy,"Oil, Gas, Energy & Utilities",$1 to $2 billion (USD),"Tecolote Research, Reynolds American",0,0,77,117,97.0,"ClearOne Advantage
",NY,1,21,0,0,0,1,0
Research Scientist,$95K-$148K (Glassdoor est.),"Research Scientist
Location: Goleta, CA

We are looking for a research scientist to join our analytics team. Responsibilities include building models, cleaning data and communicating insights. Required skills: AWS, Excel, SQL.",3.5,"Tecolote Research
3.5","Goleta, CA","San Jose, CA",501 to 1000 employees,-1,Subsidiary or Business Segment,Insurance Carriers,Insurance,$500 million to $1 billion (USD),-1,0,0,95,148,121.5,"Tecolote Research
",CA,1,-1,0,0,0,1,1
Data Analyst,$55K-$90K (Glassdoor est.),"Data Analyst
Location: San Francisco, CA

We are looking for a data analyst to join our analytics team. Responsibilities include building models, cleaning data and communicating insights. Required skills: AWS, SQL.",2.8,"Amazon
2.8","San Francisco, CA","San Francisco, CA",10000+ employees,1983,Nonprofit Organization,Health Care Services & Hospitals,Health Care,$500 million to $1 billion (USD),-1,0,0,55,90,72.5,"Amazon
",CA,1,37,0,0,0,1,0
Data Analyst,$30K-$47K (Glassdoor est.),"Data Analyst
Location: Arlington, VA

We are looking for a data analyst to join our analytics team. Responsibilities include building models, cleaning data and communicating insights. Required skills: SQL, statistics.",4.2,"Guardian Life
4.2","Arlington, VA","Arlington, VA",1 to 50 employees,1987,Company - Public,Security Services,Business Services,$500 million to $1 billion (USD),"Gallup, KnowBe4",0,0,30,47,38.5,"Guardian Life
",VA,1,33,0,0,0,0,0
Data Scientist,$90K-$156K (Glassdoor est.),"Data Scientist
Location: New York, NY

We are looking for a data scientist to join our analytics team. Responsibilities include building models, cleaning data and communicating insights. Required skills: Excel, SQL.",4.2,"Lockheed Martin
4.2","New York, NY","New York, NY",501 to 1000 employees,1988,Government,Health Care Services & Hospitals,Health Care,Unknown / Non-Applicable,"Reynolds American, Lockheed Martin",0,0,90,156,123.0,"Lockheed Martin
",NY,0,32,0,0,0,0,1
Data Scientist,$79K-$133K (Glassdoor est.),"Data Scientist
Location: Tampa, FL

We are looking for a data scientist to join our analytics team. Responsibilities include building models, cleaning data and communicating insights. Required skills: Python, Excel, SQL.",4.6,"Affinity Solutions
4.6","Tampa, FL","Clearwater, FL",501 to 1000 employees,1967,Company - Private,Biotech & Pharmaceuticals,Biotech & Pharmaceuticals,$50 to $100 million (USD),-1,0,0,79,133,106.0,"Affinity Solutions
",FL,1,53,1,0,0,0,1
Research Scientist,$80K-$140K (Glassdoor est.),"Research Scientist
Location: San Jose, CA

We are looking for a research scientist to join our analytics team. Responsibilities include building models, cleaning data and communicating insights. Required skills: Excel, SQL.",4.1,"University of Maryland Medical System
4.1","San Jose, CA","San Francisco, CA",51 to 200 employees,1971,Company - Private,IT Services,Information Technology,$1 to $5 million (USD),-1,0,0,80,140,110.0,"University of Maryland Medical System
",CA,1,49,0,0,0,0,1
Lead Data Scientist,$125K-$227K (Glassdoor est.),"Lead Data Scientist
Location: Arlington, VA

We are looking for a lead data scientist to join our analytics team. Responsibilities include building models, cleaning data and communicating insights. Required skills: Python, SQL.",3.9,"ClearOne Advantage
3.9","Arlington, VA","Arlington, VA",10000+ employees,1983,Company - Private,Health Care Services & Hospitals,Health Care,$10+ billion (USD),"Reynolds American, Pfizer",0,0,125,227,176.0,"ClearOne Advantage
",VA,1,37,1,0,0,0,0
Data Scientist,$113K-$181K (Glassdoor est.),"Data Scientist
Location: Linthicum, MD

We are looking for a data scientist to join our analytics team. Responsibilities include building models, cleaning data and communicating insights. Required skills: Python, Spark, Excel, SQL.",3.6,"Pfizer
3.6","Linthicum, MD","Arlington, VA",5001 to 10000 employees,1856,Subsidiary or Business Segment,Energy,"Oil, Gas, Energy & Utilities",$50 to $100 million (USD),-1,0,0,113,181,147.0,"Pfizer
",MD,0,164,1,0,1,0,1
Data Scientist,$72K-$119K (Glassdoor est.),"Data Scientist
Location: Richland, WA

We are looking for a data scientist to join our analytics team. Responsibilities include building models, cleaning data and communicating insights. Required skills: Python, Excel, SQL.",4.3,"Takeda
4.3","Richland, WA","Seattle, WA",201 to 500 employees,1985,Nonprofit Organization,Aerospace & Defense,Aerospace & Defense,$10+ billion (USD),-1,0,0,72,119,95.5,"Takeda
",WA,1,35,1,0,0,0,1
Data Scientist,$71K-$130K (Glassdoor est.),"Data Scientist
Location: Seattle, WA

We are looking for a data scientist to join our analytics team. Responsibilities include building models, cleaning data and communicating insights. Required skills: Python, Excel, SQL.",3.6,"Tecolote Research
3.6","Seattle, WA","Linthicum, MD",51 to 200 employees,1860,Other Organization,Aerospace & Defense,Aerospace & Defense,$1 to $5 million (USD),"MassMutual, Rochester Regional Health",0,0,71,130,100.5,"Tecolote Research
",WA,0,160,1,0,0,0,1
Senior Data Scientist,$101K-$166K (Glassdoor est.),"Senior Data Scientist
Location: Dallas, TX

We are looking for a senior data scientist to join our analytics team. Responsibilities include building models, cleaning data and communicating insights. Required skills: AWS, Excel, SQL.",4.4,"Visa
4.4","Dallas, TX","Dallas, TX",51 to 200 employees,1917,Company - Private,Security Services,Business Services,$500 million to $1 billion (USD),-1,0,0,101,166,133.5,"Visa
",TX,1,103,0,0,0,1,1
Data Scientist,$91K-$138K (Glassdoor est.),"Data Scientist
Location: Boston, MA

We are looking for a data scientist to join our analytics team. Responsibilities include building models, cleaning data and communicating insights. Required skills: SQL, statistics.",3.8,"Takeda
3.8","Boston, MA","Cambridge, MA",1 to 50 employees,2013,Company - Public,Security Services,Business Services,$50 to $100 million (USD),-1,0,0,91,138,114.5,"Takeda
",MA,1,7,0,0,0,0,0
Senior Data Scientist,$79K-$118K (Glassdoor est.),"Senior Data Scientist
Location: Chicago, IL

We are looking for a senior data scientist to join our analytics team. Responsibilities include building models, cleaning data and communicating insights. Required skills: Python, Spark, AWS, Excel, SQL.",4.0,"PNNL
4.0","Chicago, IL","Chicago, IL",1 to 50 employees,2004,Company - Private,Insurance Carriers,Insurance,Unknown / Non-Applicable,"Lockheed Martin, Reynolds American",0,0,79,118,98.5,"PNNL
",IL,1,16,1,0,1,1,1
Data Analyst,$22-$36 Per Hour(Glassdoor est.),"Data Analyst
Location: San Jose, CA

We are looking for a data analyst to join our analytics team. Responsibilities include building models, cleaning data and communicating insights. Required skills: Python, AWS, Excel, SQL.",3.4,"Visa
3.4","San Jose, CA","Goleta, CA",5001 to 10000 employees,1925,Nonprofit Organization,Computer Hardware & Software,Information Technology,$50 to $100 million (USD),-1,1,0,44,72,58.0,"Visa
",CA,1,95,1,0,0,1,1
Senior Data Scientist,$104K-$161K (Glassdoor est.),"Senior Data Scientist
Location: Albuquerque, NM

We are looking for a senior data scientist to join our analytics team. Responsibilities include building models, cleaning data and communicating insights. Required skills: Python, SQL.",3.9,"Lockheed Martin
3.9","Albuquerque, NM","Arlington, VA",1 to 50 employees,2016,Company - Public,Energy,"Oil, Gas, Energy & Utilities",$1 to $5 million (USD),"CyrusOne, Rochester Regional Health",0,0,104,161,132.5,"Lockheed Martin
",NM,0,4,1,0,0,0,0
Data Engineer,$71K-$134K (Glassdoor est.),"Data Engineer
Location: New York, NY

We are looking for a data engineer to join our analytics team. Responsibilities include building models, cleaning data and communicating insights. Required skills: Python, SQL.",3.9,"Blue Cross Blue Shield
3.9","New York, NY","New York, NY",501 to 1000 employees,1880,Other Organization,Internet,Information Technology,$10+ billion (USD),-1,0,0,71,134,102.5,"Blue Cross Blue Shield
",NY,1,140,1,0,0,0,0
Data Scientist,$55K-$82K (Glassdoor est.),"Data Scientist
Location: Seattle, WA

We are looking for a data scientist to join our analytics team. Responsibilities include building models, cleaning data and communicating insights. Required skills: Spark, AWS, SQL.",4.2,"Visa
4.2","Seattle, WA","Arlington, VA",201 to 500 employees,-1,Subsidiary or Business Segment,Aerospace & Defense,Aerospace & Defense,$50 to $100 million (USD),"University of Maryland Medical System, Gallup",0,0,55,82,68.5,"Visa
",WA,0,-1,0,0,1,1,0
Data Analyst,$73K-$140K (Glassdoor est.),"Data Analyst
Location: Boston, MA

We are looking for a data analyst to join our analytics team. Responsibilities include building models, cleaning data and communicating insights. Required skills: Python, Spark, SQL.",4.1,"Reynolds American
4.1","Boston, MA","Albuquerque, NM",501 to 1000 employees,1910,Government,Advertising & Marketing,Business Services,$10+ billion (USD),-1,0,0,73,140,106.5,"Reynolds American
",MA,0,110,1,0,1,0,0
Lead Data Scientist,$89K-$128K (Glassdoor est.),"Lead Data Scientist
Location: Boston, MA

We are looking for a lead data scientist to join our analytics team. Responsibilities include building models, cleaning data and communicating insights. Required skills: Excel, SQL.",3.5,"Pfizer
3.5","Boston, MA","Boston, MA",5001 to 10000 employees,-1,Government,Computer Hardware & Software,Information Technology,$10+ billion (USD),"Amazon, Lockheed Martin",0,0,89,128,108.5,"Pfizer
",MA,1,-1,0,0,0,0,1
Data Analyst,$62K-$103K (Glassdoor est.),"Data Analyst
Location: San Francisco, CA

We are looking for a data analyst to join our analytics team. Responsibilities include building models, cleaning data and communicating insights. Required skills: Excel, SQL.",4.0,"Gallup
4.0","San Francisco, CA","San Jose, CA",1 to 50 employees,2004,Company - Public,Security Services,Business Services,$500 million to $1 billion (USD),"Novartis, Blue Cross Blue Shield",0,0,62,103,82.5,"Gallup
",CA,1,16,0,0,0,0,1
Data Engineer,$91K-$160K (Glassdoor est.),"Data Engineer
Location: San Francisco, CA

We are looking for a data engineer to join our analytics team. Responsibilities include building models, cleaning data and communicating insights. Required skills: Spark, SQL.",3.4,"MassMutual
3.4","San Francisco, CA","Arlington, VA",501 to 1000 employees,1988,Nonprofit Organization,Security Services,Business Services,$10+ billion (USD),"IBM, Takeda",0,0,91,160,125.5,"MassMutual
",CA,0,32,0,0,1,0,0
Data Scientist,$61K-$101K (Glassdoor est.),"Data Scientist
Location: Cambridge, MA

We are looking for a data scientist to join our analytics team. Responsibilities include building models, cleaning data and communicating insights. Required skills: SQL, statistics.",3.0,"Visa
3.0","Cambridge, MA","Goleta, CA",1 to 50 employees,2016,Government,Security Services,Business Services,$100 to $500 million (USD),-1,0,0,61,101,81.0,"Visa
",MA,0,4,0,0,0,0,0
Data Engineer,$99K-$159K (Glassdoor est.),"Data Engineer
Location: Goleta, CA

We are looking for a data engineer to join our analytics team. Responsibilities include building models, cleaning data and communicating insights. Required skills: Python, Excel, SQL.",3.4,"Amazon
3.4","Goleta, CA","Goleta, CA",5001 to 10000 employees,1838,Company - Private,Aerospace & Defense,Aerospace & Defense,$50 to $100 million (USD),"CyrusOne, Reynolds American",0,0,99,159,129.0,"Amazon
",CA,1,182,1,0,0,0,1
Data Analyst,$50K-$88K (Glassdoor est.),"Data Analyst
Location: Cambridge, MA

We are looking for a data analyst to join our analytics team. Responsibilities include building models, cleaning data and communicating insights. Required skills: Spark, AWS, SQL.",4.1,"Numerator
4.1","Cambridge, MA","Chicago, IL",10000+ employees,1981,Other Organization,IT Services,Information Technology,Unknown / Non-Applicable,-1,0,0,50,88,69.0,"Numerator
",MA,0,39,0,0,1,1,0
Data Scientist,$65K-$110K (Glassdoor est.),"Data Scientist
Location: New York, NY

We are looking for a data scientist to join our analytics team. Responsibilities include building models, cleaning data and communicating insights. Required skills: AWS, Excel, SQL.",2.9,"Pfizer
2.9","New York, NY","New York, NY",1001 to 5000 employees,2016,Government,Security Services,Business Services,$50 to $100 million (USD),"Lockheed Martin, Gallup",0,0,65,110,87.5,"Pfizer
",NY,1,4,0,0,0,1,1
Lead Data Scientist,$119K-$199K (Glassdoor est.),"Lead Data Scientist
Location: Clearwater, FL

We are looking for a lead data scientist to join our analytics team. Responsibilities include building models, cleaning data and communicating insights. Required skills: Python, SQL.",3.9,"Guardian Life
3.9","Clearwater, FL","Clearwater, FL",10000+ employees,1853,Company - Private,Advertising & Marketing,Business Services,$1 to $2 billion (USD),-1,0,0,119,199,159.0,"Guardian Life
",FL,1,167,1,0,0,0,0
Data Scientist,$97K-$158K (Glassdoor est.),"Data Scientist
Location: San Francisco, CA

We are looking for a data scientist to join our analytics team. Responsibilities include building models, cleaning data and communicating insights. Required skills: Python, Spark, Excel, SQL.",4.5,"CyrusOne
4.5","San Francisco, CA","San Jose, CA",10000+ employees,2006,Company - Public,Security Services,Business Services,$10 to $25 million (USD),-1,0,0,97,158,127.5,"CyrusOne
",CA,1,14,1,0,1,0,1
Data Scientist,$86K-$128K (Glassdoor est.),"Data Scientist
Location: New York, NY

We are looking for a data scientist to join our analytics team. Responsibilities include building models, cleaning data and communicating insights. Required skills: Python, Spark, SQL.",3.5,"Pfizer
3.5","New York, NY","New York, NY",501 to 1000 employees,1842,Company - Private,Biotech & Pharmaceuticals,Biotech & Pharmaceuticals,Unknown / Non-Applicable,-1,0,0,86,128,107.0,"Pfizer
",NY,1,178,1,0,1,0,0
Research Scientist,$33-$53 Per Hour(Glassdoor est.),"Research Scientist
Location: Austin, TX

We are looking for a research scientist to join our analytics team. Responsibilities include building models, cleaning data and communicating insights. Required skills: Python, Excel, SQL.",3.2,"Amazon
3.2","Austin, TX","Austin, TX",10000+ employees,1995,Subsidiary or Business Segment,Computer Hardware & Software,Information Technology,$100 to $500 million (USD),"Numerator, Visa",1,0,66,106,86.0,"Amazon
",TX,1,25,1,0,0,0,1
Data Engineer,$83K-$132K (Glassdoor est.),"Data Engineer
Location: Seattle, WA

We are looking for a data engineer to join our analytics team. Responsibilities include building models, cleaning data and communicating insights. Required skills: SQL, statistics.",4.2,"University of Maryland Medical System
4.2","Seattle, WA","Tampa, FL",10000+ employees,1962,Nonprofit Organization,Computer Hardware & Software,Information Technology,$1 to $5 million (USD),"Visa, IBM",0,0,83,132,107.5,"University of Maryland Medical System
",WA,0,58,0,0,0,0,0
Lead Data Scientist,$91K-$153K (Glassdoor est.),"Lead Data Scientist
Location: Cambridge, MA

We are looking for a lead data scientist to join our analytics team. Responsibilities include building models, cleaning data and communicating insights. Required skills: Python, Spark, SQL.",4.0,"KnowBe4
4.0","Cambridge, MA","Cambridge, MA",1001 to 5000 employees,1954,Company - Private,Biotech & Pharmaceuticals,Biotech & Pharmaceuticals,$1 to $2 billion (USD),-1,0,0,91,153,122.0,"KnowBe4
",MA,1,66,1,0,1,0,0
Data Scientist,$79K-$125K (Glassdoor est.),"Data Scientist
Location: Linthicum, MD

We are looking for a data scientist to join our analytics team. Responsibilities include building models, cleaning data and communicating insights. Required skills: Spark, Excel, SQL.",3.3,"CyrusOne
3.3","Linthicum, MD","Tampa, FL",51 to 200 employees,1956,Government,Health Care Services & Hospitals,Health Care,$10 to $25 million (USD),-1,0,0,79,125,102.0,"CyrusOne
",MD,0,64,0,0,1,0,1
Data Analyst,$76K-$122K (Glassdoor est.),"Data Analyst
Location: Seattle, WA

We are looking for a data analyst to join our analytics team. Responsibilities include building models, cleaning data and communicating insights. Required skills: Python, AWS, Excel, SQL.",3.6,"CyrusOne
3.6","Seattle, WA","Richland, WA",201 to 500 employees,1933,Nonprofit Organization,Security Services,Business Services,Unknown / Non-Applicable,-1,0,0,76,122,99.0,"CyrusOne
",WA,1,87,1,0,0,1,1
Senior Data Scientist,$78K-$129K (Glassdoor est.),"Senior Data Scientist
Location: Boston, MA

We are looking for a senior data scientist to join our analytics team. Responsibilities include building models, cleaning data and communicating insights. Required skills: Python, Excel, SQL.",3.9,"Novartis
3.9","Boston, MA","Tampa, FL",1 to 50 employees,1834,Other Organization,Security Services,Business Services,$50 to $100 million (USD),"Takeda, Visa",0,0,78,129,103.5,"Novartis
",MA,0,186,1,0,0,0,1
Data Analyst,$63K-$111K (Glassdoor est.),"Data Analyst
Location: San Francisco, CA

We are looking for a data analyst to join our analytics team. Responsibilities include building models, cleaning data and communicating insights. Required skills: Python, Excel, SQL.",3.6,"MassMutual
3.6","San Francisco, CA","San Jose, CA",10000+ employees,1983,Subsidiary or Business Segment,Energy,"Oil, Gas, Energy & Utilities",$500 million to $1 billion (USD),-1,0,0,63,111,87.0,"MassMutual
",CA,1,37,1,0,0,0,1
Data Scientist,$71K-$112K (Glassdoor est.),"Data Scientist
Location: San Francisco, CA

We are looking for a data scientist to join our analytics team. Responsibilities include building models, cleaning data and communicating insights. Required skills: Python, AWS, SQL.",3.9,"CyrusOne
3.9","San Francisco, CA","Cambridge, MA",1001 to 5000 employees,1868,Company - Private,Advertising & Marketing,Business Services,Unknown / Non-Applicable,-1,0,0,71,112,91.5,"CyrusOne
",CA,0,152,1,0,0,1,0
Data Engineer,$83K-$138K (Glassdoor est.),"Data Engineer
Location: Chicago, IL

We are looking for a data engineer to join our analytics team. Responsibilities include building models, cleaning data and communicating insights. Required skills: SQL, statistics.",4.5,"Visa
4.5","Chicago, IL","Linthicum, MD",10000+ employees,2005,Company - Public,Aerospace & Defense,Aerospace & Defense,$10+ billion (USD),-1,0,0,83,138,110.5,"Visa
",IL,0,15,0,0,0,0,0
Data Scientist,$106K-$180K (Glassdoor est.),"Data Scientist
Location: San Francisco, CA

We are looking for a data scientist to join our analytics team. Responsibilities include building models, cleaning data and communicating insights. Required skills: Python, SQL.",2.9,"Amazon
2.9","San Francisco, CA","San Francisco, CA",201 to 500 employees,1850,Other Organization,Advertising & Marketing,Business Services,$1 to $5 million (USD),-1,0,0,106,180,143.0,"Amazon
",CA,1,170,1,0,0,0,0
Data Analyst,$51K-$80K (Glassdoor est.),"Data Analyst
Location: Linthicum, MD

We are looking for a data analyst to join our analytics team. Responsibilities include building models, cleaning data and communicating insights. Required skills: Python, Spark, AWS, Excel, SQL.",3.8,"Rochester Regional Health
3.8","Linthicum, MD","Baltimore, MD",51 to 200 employees,1929,Other Organization,Security Services,Business Services,$1 to $5 million (USD),-1,0,0,51,80,65.5,"Rochester Regional Health
",MD,1,91,1,0,1,1,1
Senior Data Scientist,$131K-$192K (Glassdoor est.),"Senior Data Scientist
Location: Goleta, CA

We are looking for a senior data scientist to join our analytics team. Responsibilities include building models, cleaning data and communicating insights. Required skills: Spark, SQL.",4.2,"Lockheed Martin
4.2","Goleta, CA","San Francisco, CA",51 to 200 employees,1894,Subsidiary or Business Segment,Internet,Information Technology,$50 to $100 million (USD),-1,0,0,131,192,161.5,"Lockheed Martin
",CA,1,126,0,0,1,0,0
Data Scientist,$79K-$125K (Glassdoor est.),"Data Scientist
Location: New York, NY

We are looking for a data scientist to join our analytics team. Responsibilities include building models, cleaning data and communicating insights. Required skills: SQL, statistics.",3.6,"Amazon
3.6","New York, NY","New York, NY",1 to 50 employees,2001,Government,Biotech & Pharmaceuticals,Biotech & Pharmaceuticals,$1 to $5 million (USD),-1,0,0,79,125,102.0,"Amazon
",NY,1,19,0,0,0,0,0
Data Scientist,$71K-$105K (Glassdoor est.),"Data Scientist
Location: San Francisco, CA

We are looking for a data scientist to join our analytics team. Responsibilities include building models, cleaning data and communicating insights. Required skills: Excel, SQL.",4.7,"Reynolds American
4.7","San Francisco, CA","San Francisco, CA",10000+ employees,1972,Company - Private,Aerospace & Defense,Aerospace & Defense,$100 to $500 million (USD),-1,0,0,71,105,88.0,"Reynolds American
",CA,1,48,0,0,0,0,1
Data Scientist,$131K-$190K (Glassdoor est.),"Data Scientist
Location: San Jose, CA

We are looking for a data scientist to join our analytics team. Responsibilities include building models, cleaning data and communicating insights. Required skills: Python, AWS, SQL.",4.2,"Affinity Solutions
4.2","San Jose, CA","Boston, MA",5001 to 10000 employees,1863,Company - Public,Health Care Services & Hospitals,Health Care,$100 to $500 million (USD),"Walmart, Affinity Solutions",0,0,131,190,160.5,"Affinity Solutions
",CA,0,157,1,0,0,1,0
Data Scientist,$64K-$114K (Glassdoor est.),"Data Scientist
Location: Goleta, CA

We are looking for a data scientist to join our analytics team. Responsibilities include building models, cleaning data and communicating insights. Required skills: AWS, SQL.",4.5,"Affinity Solutions
4.5","Goleta, CA","Tampa, FL",201 to 500 employees,1925,Company - Private,Energy,"Oil, Gas, Energy & Utilities",Unknown / Non-Applicable,"Affinity Solutions, Logic20/20",0,0,64,114,89.0,"Affinity Solutions
",CA,0,95,0,0,0,1,0
Senior Data Scientist,$108K-$179K (Glassdoor est.),"Senior Data Scientist
Location: San Jose, CA

We are looking for a senior data scientist to join our analytics team. Responsibilities include building models, cleaning data and communicating insights. Required skills: Python, Excel, SQL.",3.8,"Walmart
3.8","San Jose, CA","San Francisco, CA",201 to 500 employees,1959,Company - Public,Computer Hardware & Software,Information Technology,$10+ billion (USD),-1,0,0,108,179,143.5,"Walmart
",CA,0,61,1,0,0,0,1
Lead Data Scientist,$112K-$186K (Glassdoor est.),"Lead Data Scientist
Location: Arlington, VA

We are looking for a lead data scientist to join our analytics team. Responsibilities include building models, cleaning data and communicating insights. Required skills: Python, SQL.",3.5,"Visa
3.5","Arlington, VA","New York, NY",5001 to 10000 employees,1830,Subsidiary or Business Segment,Security Services,Business Services,$500 million to $1 billion (USD),-1,0,0,112,186,149.0,"Visa
",VA,0,190,1,0,0,0,0
Machine Learning Engineer,$103K-$174K (Glassdoor est.),"Machine Learning Engineer
Location: Boston, MA

We are looking for a machine learning engineer to join our analytics team. Responsibilities include building models, cleaning data and communicating insights. Required skills: Python, Excel, SQL.",3.2,"Gallup
3.2","Boston, MA","Arlington, VA",501 to 1000 employees,1992,Company - Private,Security Services,Business Services,$1 to $2 billion (USD),"Rochester Regional Health, Affinity Solutions",0,0,103,174,138.5,"Gallup
",MA,0,28,1,0,0,0,1
Senior Data Scientist,$125K-$185K (Glassdoor est.),"Senior Data Scientist
Location: New York, NY

We are looking for a senior data scientist to join our analytics team. Responsibilities include building models, cleaning data and communicating insights. Required skills: Python, Spark, Excel, SQL.",4.1,"IBM
4.1","New York, NY","Baltimore, MD",501 to 1000 employees,1912,Company - Public,Computer Hardware & Software,Information Technology,$500 million to $1 billion (USD),-1,0,0,125,185,155.0,"IBM
",NY,0,108,1,0,1,0,1
Data Scientist,$88K-$135K (Glassdoor est.),"Data Scientist
Location: San Francisco, CA

We are looking for a data scientist to join our analytics team. Responsibilities include building models, cleaning data and communicating insights. Required skills: Excel, SQL.",3.2,"PNNL
3.2","San Francisco, CA","San Francisco, CA",1001 to 5000 employees,1949,Other Organization,Biotech & Pharmaceuticals,Biotech & Pharmaceuticals,$50 to $100 million (USD),"Lockheed Martin, Blue Cross Blue Shield",0,0,88,135,111.5,"PNNL
",CA,0,71,0,0,0,0,1
Data Scientist,$77K-$128K (Glassdoor est.),"Data Scientist
Location: Boston, MA

We are looking for a data scientist to join our analytics team. Responsibilities include building models, cleaning data and communicating insights. Required skills: AWS, Excel, SQL.",4.2,"Affinity Solutions
4.2","Boston, MA","Chicago, IL",501 to 1000 employees,1982,Company - Private,Advertising & Marketing,Business Services,$10 to $25 million (USD),"Visa, KnowBe4",0,0,77,128,102.5,"Affinity Solutions
",MA,0,38,0,0,0,1,1
Director of Data Science,$135K-$195K (Glassdoor est.),"Director of Data Science
Location: New York, NY

We are looking for a director of data science to join our analytics team. Responsibilities include building models, cleaning data and communicating insights. Required skills: Python, Excel, SQL.",3.4,"CyrusOne
3.4","New York, NY","New York, NY",1001 to 5000 employees,1944,Company - Public,Computer Hardware & Software,Information Technology,Unknown / Non-Applicable,-1,0,0,135,195,165.0,"CyrusOne
",NY,1,76,1,0,0,0,1
Data Scientist,$94K-$167K (Glassdoor est.),"Data Scientist
Location: Arlington, VA

We are looking for a data scientist to join our analytics team. Responsibilities include building models, cleaning data and communicating insights. Required skills: Python, Excel, SQL.",4.3,"Guardian Life
4.3","Arlington, VA","Arlington, VA",1 to 50 employees,1977,Company - Public,Advertising & Marketing,Business Services,$100 to $500 million (USD),-1,0,0,94,167,130.5,"Guardian Life
",VA,1,43,1,0,0,0,1
Director of Data Science,$126K-$218K (Glassdoor est.),"Director of Data Science
Location: New York, NY

We are looking for a director of data science to join our analytics team. Responsibilities include building models, cleaning data and communicating insights. Required skills: AWS, Excel, SQL.",3.1,"Reynolds American
3.1","New York, NY","New York, NY",1 to 50 employees,1895,Government,Security Services,Business Services,$500 million to $1 billion (USD),-1,0,0,126,218,172.0,"Reynolds American
",NY,1,125,0,0,0,1,1
Data Engineer,Employer Provided Salary:$61K-$112K,"Data Engineer
Location: New York, NY

We are looking for a data engineer to join our analytics team. Responsibilities include building models, cleaning data and communicating insights. Required skills: Spark, R Studio, SQL.",3.0,"Reynolds American
3.0","New York, NY","Goleta, CA",10000+ employees,2013,Nonprofit Organization,Advertising & Marketing,Business Services,$10+ billion (USD),-1,0,1,61,112,86.5,"Reynolds American
",NY,0,7,0,1,1,0,0
Senior Data Scientist,$84K-$142K (Glassdoor est.),"Senior Data Scientist
Location: Arlington, VA

We are looking for a senior data scientist to join our analytics team. Responsibilities include building models, cleaning data and communicating insights. Required skills: Python, Spark, AWS, SQL.",3.6,"Walmart
3.6","Arlington, VA","Cambridge, MA",1 to 50 employees,1889,Government,Health Care Services & Hospitals,Health Care,$1 to $5 million (USD),"Visa, University of Maryland Medical System",0,0,84,142,113.0,"Walmart
",VA,0,131,1,0,1,1,0
Senior Data Scientist,$89K-$159K (Glassdoor est.),"Senior Data Scientist
Location: Boston, MA

We are looking for a senior data scientist to join our analytics team. Responsibilities include building models, cleaning data and communicating insights. Required skills: Spark, SQL.",3.2,"Affinity Solutions
3.2","Boston, MA","Boston, MA",1 to 50 employees,-1,Other Organization,IT Services,Information Technology,Unknown / Non-Applicable,"Pfizer, Visa",0,0,89,159,124.0,"Affinity Solutions
",MA,1,-1,0,0,1,0,0
Data Scientist,$60K-$96K (Glassdoor est.),"Data Scientist
Location: San Jose, CA

We are looking for a data scientist to join our analytics team. Responsibilities include building models, cleaning data and communicating insights. Required skills: Python, AWS, Excel, SQL.",4.3,"Tecolote Research
4.3","San Jose, CA","San Jose, CA",1 to 50 employees,1946,Company - Public,Energy,"Oil, Gas, Energy & Utilities",Unknown / Non-Applicable,"PNNL, IBM",0,0,60,96,78.0,"Tecolote Research
",CA,1,74,1,0,0,1,1
Research Scientist,$107K-$202K (Glassdoor est.),"Research Scientist
Location: Goleta, CA

We are looking for a research scientist to join our analytics team. Responsibilities include building models, cleaning data and communicating insights. Required skills: AWS, SQL.",3.4,"Tecolote Research
3.4","Goleta, CA","Seattle, WA",1 to 50 employees,1932,Other Organization,Computer Hardware & Software,Information Technology,$50 to $100 million (USD),-1,0,0,107,202,154.5,"Tecolote Research
",CA,0,88,0,0,0,1,0
Data Scientist,$112K-$184K (Glassdoor est.),"Data Scientist
Location: Tampa, FL

We are looking for a data scientist to join our analytics team. Responsibilities include building models, cleaning data and communicating insights. Required skills: Excel, SQL.",2.7,"Gallup
2.7","Tampa, FL","Boston, MA",10000+ employees,1840,Company - Private,Insurance Carriers,Insurance,$100 to $500 million (USD),-1,0,0,112,184,148.0,"Gallup
",FL,0,180,0,0,0,0,1
Machine Learning Engineer,$125K-$226K (Glassdoor est.),"Machine Learning Engineer
Location: Austin, TX

We are looking for a machine learning engineer to join our analytics team. Responsibilities include building models, cleaning data and communicating insights. Required skills: Python, SQL.",3.1,"Walmart
3.1","Austin, TX","Linthicum, MD",10000+ employees,1931,Government,Health Care Services & Hospitals,Health Care,$100 to $500 million (USD),"Affinity Solutions, MassMutual",0,0,125,226,175.5,"Walmart
",TX,0,89,1,0,0,0,0
Data Engineer,$97K-$150K (Glassdoor est.),"Data Engineer
Location: Albuquerque, NM

We are looking for a data engineer to join our analytics team. Responsibilities include building models, cleaning data and communicating insights. Required skills: Python, Spark, SQL.",4.8,"Novartis
4.8","Albuquerque, NM","Albuquerque, NM",1 to 50 employees,1915,Subsidiary or Business Segment,Advertising & Marketing,Business Services,$10+ billion (USD),-1,0,0,97,150,123.5,"Novartis
",NM,1,105,1,0,1,0,0
Senior Data Scientist,$129K-$197K (Glassdoor est.),"Senior Data Scientist
Location: New York, NY

We are looking for a senior data scientist to join our analytics team. Responsibilities include building models, cleaning data and communicating insights. Required skills: Python, AWS, SQL.",3.7,"Pfizer
3.7","New York, NY","New York, NY",201 to 500 employees,-1,Company - Private,Computer Hardware & Software,Information Technology,$10+ billion (USD),"Numerator, Novartis",0,0,129,197,163.0,"Pfizer
",NY,1,-1,1,0,0,1,0
Data Engineer,$69K-$101K (Glassdoor est.),"Data Engineer
Location: Cambridge, MA

We are looking for a data engineer to join our analytics team. Responsibilities include building models, cleaning data and communicating insights. Required skills: Excel, SQL.",3.1,"Gallup
3.1","Cambridge, MA","Boston, MA",1001 to 5000 employees,1952,Government,Advertising & Marketing,Business Services,$50 to $100 million (USD),-1,0,0,69,101,85.0,"Gallup
",MA,0,68,0,0,0,0,1
Data Scientist,$64K-$113K (Glassdoor est.),"Data Scientist
Location: Richland, WA

We are looking for a data scientist to join our analytics team. Responsibilities include building models, cleaning data and communicating insights. Required skills: SQL, statistics.",3.1,"Guardian Life
3.1","Richland, WA","Baltimore, MD",201 to 500 employees,1997,Company - Private,Security Services,Business Services,$500 million to $1 billion (USD),"Numerator, Novartis",0,0,64,113,88.5,"Guardian Life
",WA,0,23,0,0,0,0,0
Data Scientist,$95K-$148K (Glassdoor est.),"Data Scientist
Location: New York, NY

We are looking for a data scientist to join our analytics team. Responsibilities include building models, cleaning data and communicating insights. Required skills: Python, AWS, Excel, SQL.",4.1,"Reynolds American
4.1","New York, NY","Goleta, CA",1 to 50 employees,1995,Government,Energy,"Oil, Gas, Energy & Utilities",$500 million to $1 billion (USD),-1,0,0,95,148,121.5,"Reynolds American
",NY,0,25,1,0,0,1,1
Director of Data Science,$135K-$222K (Glassdoor est.),"Director of Data Science
Location: Boston, MA

We are looking for a director of data science to join our analytics team. Responsibilities include building models, cleaning data and communicating insights. Required skills: Spark, Excel, SQL.",3.3,"Liberty Mutual
3.3","Boston, MA","Cambridge, MA",1001 to 5000 employees,1987,Other Organization,IT Services,Information Technology,$1 to $5 million (USD),"ClearOne Advantage, Affinity Solutions",0,0,135,222,178.5,"Liberty Mutual
",MA,1,33,0,0,1,0,1
Senior Data Scientist,$123K-$191K (Glassdoor est.),"Senior Data Scientist
Location: Albuquerque, NM

We are looking for a senior data scientist to join our analytics team. Responsibilities include building models, cleaning data and communicating insights. Required skills: Python, AWS, Excel, SQL.",3.7,"IBM
3.7","Albuquerque, NM","Albuquerque, NM",201 to 500 employees,1995,Government,Internet,Information Technology,$1 to $5 million (USD),-1,0,0,123,191,157.0,"IBM
",NM,1,25,1,0,0,1,1
Data Analyst,$60K-$93K (Glassdoor est.),"Data Analyst
Location: Arlington, VA

We are looking for a data analyst to join our analytics team. Responsibilities include building models, cleaning data and communicating insights. Required skills: AWS, Excel, SQL.",3.6,"Amazon
3.6","Arlington, VA","Arlington, VA",201 to 500 employees,1893,Company - Private,Internet,Information Technology,$1 to $2 billion (USD),-1,0,0,60,93,76.5,"Amazon
",VA,1,127,0,0,0,1,1
Data Scientist,$113K-$165K (Glassdoor est.),"Data Scientist
Location: Goleta, CA

We are looking for a data scientist to join our analytics team. Responsibilities include building models, cleaning data and communicating insights. Required skills: Python, SQL.",3.4,"Amazon
3.4","Goleta, CA","Chicago, IL",10000+ employees,2004,Nonprofit Organization,Biotech & Pharmaceuticals,Biotech & Pharmaceuticals,$10+ billion (USD),-1,0,0,113,165,139.0,"Amazon
",CA,0,16,1,0,0,0,0
Data Analyst,$54K-$87K (Glassdoor est.),"Data Analyst
Location: New York, NY

We are looking for a data analyst to join our analytics team. Responsibilities include building models, cleaning data and communicating insights. Required skills: Python, SQL.",4.2,"Guardian Life
4.2","New York, NY","Albuquerque, NM",1 to 50 employees,-1,Company - Private,Health Care Services & Hospitals,Health Care,$50 to $100 million (USD),-1,0,0,54,87,70.5,"Guardian Life
",NY,0,-1,1,0,0,0,0
Data Engineer,$113K-$197K (Glassdoor est.),"Data Engineer
Location: Goleta, CA

We are looking for a data engineer to join our analytics team. Responsibilities include building models, cleaning data and communicating insights. Required skills: Excel, SQL.",4.1,"Lockheed Martin
4.1","Goleta, CA","Baltimore, MD",501 to 1000 employees,1872,Company - Private,Biotech & Pharmaceuticals,Biotech & Pharmaceuticals,$100 to $500 million (USD),"Takeda, IBM",0,0,113,197,155.0,"Lockheed Martin
",CA,0,148,0,0,0,0,1
Lead Data Scientist,$85K-$145K (Glassdoor est.),"Lead Data Scientist
Location: San Francisco, CA

We are looking for a lead data scientist to join our analytics team. Responsibilities include building models, cleaning data and communicating insights. Required skills: Excel, SQL.",3.0,"Affinity Solutions
3.0","San Francisco, CA","Seattle, WA",1 to 50 employees,1864,Subsidiary or Business Segment,Health Care Services & Hospitals,Health Care,$100 to $500 million (USD),"Blue Cross Blue Shield, MassMutual",0,0,85,145,115.0,"Affinity Solutions
",CA,0,156,0,0,0,0,1
Data Scientist,$104K-$156K (Glassdoor est.),"Data Scientist
Location: Boston, MA

We are looking for a data scientist to join our analytics team. Responsibilities include building models, cleaning data and communicating insights. Required skills: Python, Spark, Excel, SQL.",4.1,"Logic20/20
4.1","Boston, MA","Boston, MA",10000+ employees,1948,Company - Private,Health Care Services & Hospitals,Health Care,$100 to $500 million (USD),"MassMutual, IBM",0,0,104,156,130.0,"Logic20/20
",MA,1,72,1,0,1,0,1
Lead Data Scientist,$103K-$152K (Glassdoor est.),"Lead Data Scientist
Location: Boston, MA

We are looking for a lead data scientist to join our analytics team. Responsibilities include building models, cleaning data and communicating insights. Required skills: SQL, statistics.",2.8,"IBM
2.8","Boston, MA","Boston, MA",5001 to 10000 employees,1926,Nonprofit Organization,IT Services,Information Technology,$10 to $25 million (USD),-1,0,0,103,152,127.5,"IBM
",MA,1,94,0,0,0,0,0
Data Scientist,$78K-$143K (Glassdoor est.),"Data Scientist
Location: Cambridge, MA

We are looking for a data scientist to join our analytics team. Responsibilities include building models, cleaning data and communicating insights. Required skills: SQL, statistics.",3.6,"Gallup
3.6","Cambridge, MA","Seattle, WA",51 to 200 employees,1955,Company - Public,IT Services,Information Technology,$500 million to $1 billion (USD),-1,0,0,78,143,110.5,"Gallup
",MA,0,65,0,0,0,0,0
Machine Learning Engineer,$121K-$204K (Glassdoor est.),"Machine Learning Engineer
Location: Dallas, TX

We are looking for a machine learning engineer to join our analytics team. Responsibilities include building models, cleaning data and communicating insights. Required skills: Python, SQL.",4.6,"Liberty Mutual
4.6","Dallas, TX","Dallas, TX",5001 to 10000 employees,1970,Company - Private,Health Care Services & Hospitals,Health Care,$100 to $500 million (USD),-1,0,0,121,204,162.5,"Liberty Mutual
",TX,1,50,1,0,0,0,0
Machine Learning Engineer,$91K-$153K (Glassdoor est.),"Machine Learning Engineer
Location: Goleta, CA

We are looking for a machine learning engineer to join our analytics team. Responsibilities include building models, cleaning data and communicating insights. Required skills: SQL, statistics.",3.9,"Takeda
3.9","Goleta, CA","San Jose, CA",1001 to 5000 employees,1880,Subsidiary or Business Segment,Biotech & Pharmaceuticals,Biotech & Pharmaceuticals,$50 to $100 million (USD),"ClearOne Advantage, Visa",0,0,91,153,122.0,"Takeda
",CA,1,140,0,0,0,0,0
Lead Data Scientist,$89K-$126K (Glassdoor est.),"Lead Data Scientist
Location: Goleta, CA

We are looking for a lead data scientist to join our analytics team. Responsibilities include building models, cleaning data and communicating insights. Required skills: Spark, Excel, SQL.",3.5,"CyrusOne
3.5","Goleta, CA","San Jose, CA",1001 to 5000 employees,-1,Company - Public,Aerospace & Defense,Aerospace & Defense,$10 to $25 million (USD),"Takeda, Reynolds American",0,0,89,126,107.5,"CyrusOne
",CA,1,-1,0,0,1,0,1
Data Scientist,$44K-$69K (Glassdoor est.),"Data Scientist
Location: New York, NY

We are looking for a data scientist to join our analytics team. Responsibilities include building models, cleaning data and communicating insights. Required skills: Excel, SQL.",3.2,"KnowBe4
3.2","New York, NY","New York, NY",10000+ employees,1974,Government,Biotech & Pharmaceuticals,Biotech & Pharmaceuticals,$100 to $500 million (USD),-1,0,0,44,69,56.5,"KnowBe4
",NY,1,46,0,0,0,0,1
Healthcare Data Scientist,$58K-$96K (Glassdoor est.),"Healthcare Data Scientist
Location: Chicago, IL

We are looking for a healthcare data scientist to join our analytics team. Responsibilities include building models, cleaning data and communicating insights. Required skills: Python, SQL.",3.6,"Guardian Life
3.6","Chicago, IL","Chicago, IL",51 to 200 employees,2016,Subsidiary or Business Segment,Energy,"Oil, Gas, Energy & Utilities",Unknown / Non-Applicable,"Numerator, Logic20/20",0,0,58,96,77.0,"Guardian Life
",IL,1,4,1,0,0,0,0
Data Scientist,$63K-$102K (Glassdoor est.),"Data Scientist
Location: Albuquerque, NM

We are looking for a data scientist to join our analytics team. Responsibilities include building models, cleaning data and communicating insights. Required skills: Python, AWS, Excel, SQL.",4.5,"Lockheed Martin
4.5","Albuquerque, NM","Albuquerque, NM",10000+ employees,1973,Company - Public,Advertising & Marketing,Business Services,$500 million to $1 billion (USD),-1,0,0,63,102,82.5,"Lockheed Martin
",NM,1,47,1,0,0,1,1
Lead Data Scientist,$34-$52 Per Hour(Glassdoor est.),"Lead Data Scientist
Location: Cambridge, MA

We are looking for a lead data scientist to join our analytics team. Responsibilities include building models, cleaning data and communicating insights. Required skills: Excel, SQL.",3.7,"Pfizer
3.7","Cambridge, MA","Richland, WA",501 to 1000 employees,1894,Subsidiary or Business Segment,Advertising & Marketing,Business Services,$10 to $25 million (USD),-1,1,0,68,104,86.0,"Pfizer
",MA,0,126,0,0,0,0,1
Data Engineer,$22-$38 Per Hour(Glassdoor est.),"Data Engineer
Location: Goleta, CA

We are looking for a data engineer to join our analytics team. Responsibilities include building models, cleaning data and communicating insights. Required skills: Excel, SQL.",3.2,"ClearOne Advantage
3.2","Goleta, CA","Cambridge, MA",51 to 200 employees,1958,Company - Private,IT Services,Information Technology,$500 million to $1 billion (USD),-1,1,0,44,76,60.0,"ClearOne Advantage
",CA,0,62,0,0,0,0,1
Data Engineer,$77K-$126K (Glassdoor est.),"Data Engineer
Location: Tampa, FL

We are looking for a data engineer to join our analytics team. Responsibilities include building models, cleaning data and communicating insights. Required skills: Excel, SQL.",3.2,"Rochester Regional Health
3.2","Tampa, FL","Clearwater, FL",5001 to 10000 employees,1853,Nonprofit Organization,Computer Hardware & Software,Information Technology,$100 to $500 million (USD),"IBM, Amazon",0,0,77,126,101.5,"Rochester Regional Health
",FL,1,167,0,0,0,0,1
Data Engineer,$72K-$126K (Glassdoor est.),"Data Engineer
Location: New York, NY

We are looking for a data engineer to join our analytics team. Responsibilities include building models, cleaning data and communicating insights. Required skills: Python, Excel, SQL.",4.3,"Visa
4.3","New York, NY","Clearwater, FL",1 to 50 employees,1941,Company - Public,Internet,Information Technology,$1 to $2 billion (USD),-1,0,0,72,126,99.0,"Visa
",NY,0,79,1,0,0,0,1
Research Scientist,$104K-$157K (Glassdoor est.),"Research Scientist
Location: Austin, TX

We are looking for a research scientist to join our analytics team. Responsibilities include building models, cleaning data and communicating insights. Required skills: Python, Spark, Excel, SQL.",2.9,"Walmart
2.9","Austin, TX","Dallas, TX",10000+ employees,1864,Subsidiary or Business Segment,Advertising & Marketing,Business Services,$100 to $500 million (USD),-1,0,0,104,157,130.5,"Walmart
",TX,1,156,1,0,1,0,1
Senior Data Scientist,$70K-$118K (Glassdoor est.),"Senior Data Scientist
Location: Chicago, IL

We are looking for a senior data scientist to join our analytics team. Responsibilities include building models, cleaning data and communicating insights. Required skills: Python, Spark, SQL.",4.1,"KnowBe4
4.1","Chicago, IL","Albuquerque, NM",51 to 200 employees,1843,Company - Public,Aerospace & Defense,Aerospace & Defense,Unknown / Non-Applicable,"MassMutual, Takeda",0,0,70,118,94.0,"KnowBe4
",IL,0,177,1,0,1,0,0
Data Scientist,$105K-$167K (Glassdoor est.),"Data Scientist
Location: Goleta, CA

We are looking for a data scientist to join our analytics team. Responsibilities include building models, cleaning data and communicating insights. Required skills: SQL, statistics.",4.1,"PNNL
4.1","Goleta, CA","San Jose, CA",1001 to 5000 employees,2017,Subsidiary or Business Segment,Aerospace & Defense,Aerospace & Defense,$500 million to $1 billion (USD),"CyrusOne, Liberty Mutual",0,0,105,167,136.0,"PNNL
",CA,1,3,0,0,0,0,0
Senior Data Scientist,$72K-$116K (Glassdoor est.),"Senior Data Scientist
Location: Cambridge, MA

We are looking for a senior data scientist to join our analytics team. Responsibilities include building models, cleaning data and communicating insights. Required skills: Excel, SQL.",3.8,"Blue Cross Blue Shield
3.8","Cambridge, MA","Boston, MA",1001 to 5000 employees,1941,Subsidiary or Business Segment,Security Services,Business Services,$1 to $2 billion (USD),-1,0,0,72,116,94.0,"Blue Cross Blue Shield
",MA,1,79,0,0,0,0,1
Data Engineer,$48K-$80K (Glassdoor est.),"Data Engineer
Location: Chicago, IL

We are looking for a data engineer to join our analytics team. Responsibilities include building models, cleaning data and communicating insights. Required skills: SQL, statistics.",5.0,"Logic20/20
5.0","Chicago, IL","Chicago, IL",201 to 500 employees,1906,Subsidiary or Business Segment,Security Services,Business Services,$1 to $5 million (USD),"Rochester Regional Health, Tecolote Research",0,0,48,80,64.0,"Logic20/20
",IL,1,114,0,0,0,0,0
Senior Data Scientist,$66K-$97K (Glassdoor est.),"Senior Data Scientist
Location: Boston, MA

We are looking for a senior data scientist to join our analytics team. Responsibilities include building models, cleaning data and communicating insights. Required skills: Spark, SQL.",4.0,"Rochester Regional Health
4.0","Boston, MA","Boston, MA",201 to 500 employees,1833,Other Organization,Security Services,Business Services,$1 to $5 million (USD),-1,0,0,66,97,81.5,"Rochester Regional Health
",MA,1,187,0,0,1,0,0
Data Scientist,$33-$50 Per Hour(Glassdoor est.),"Data Scientist
Location: New York, NY

We are looking for a data scientist to join our analytics team. Responsibilities include building models, cleaning data and communicating insights. Required skills: SQL, statistics.",4.4,"Rochester Regional Health
4.4","New York, NY","New York, NY",1 to 50 employees,1925,Other Organization,Computer Hardware & Software,Information Technology,$1 to $2 billion (USD),"Affinity Solutions, CyrusOne",1,0,66,100,83.0,"Rochester Regional Health
",NY,0,95,0,0,0,0,0
Research Scientist,$79K-$118K (Glassdoor est.),"Research Scientist
Location: Goleta, CA

We are looking for a research scientist to join our analytics team. Responsibilities include building models, cleaning data and communicating insights. Required skills: SQL, statistics.",3.9,"Reynolds American
3.9","Goleta, CA","Goleta, CA",5001 to 10000 employees,1880,Government,Security Services,Business Services,$10+ billion (USD),-1,0,0,79,118,98.5,"Reynolds American
",CA,1,140,0,0,0,0,0
Data Scientist,$93K-$156K (Glassdoor est.),"Data Scientist
Location: Boston, MA

We are looking for a data scientist to join our analytics team. Responsibilities include building models, cleaning data and communicating insights. Required skills: Python, AWS, SQL.",5.0,"IBM
5.0","Boston, MA","Cambridge, MA",1001 to 5000 employees,1838,Subsidiary or Business Segment,Insurance Carriers,Insurance,$1 to $5 million (USD),"Pfizer, MassMutual",0,0,93,156,124.5,"IBM
",MA,1,182,1,0,0,1,0
Lead Data Scientist,$115K-$177K (Glassdoor est.),"Lead Data Scientist
Location: Arlington, VA

We are looking for a lead data scientist to join our analytics team. Responsibilities include building models, cleaning data and communicating insights. Required skills: Python, Spark, SQL.",3.3,"PNNL
3.3","Arlington, VA","Arlington, VA",1 to 50 employees,1918,Subsidiary or Business Segment,Internet,Information Technology,$100 to $500 million (USD),-1,0,0,115,177,146.0,"PNNL
",VA,1,102,1,0,1,0,0
Research Scientist,$73K-$116K (Glassdoor est.),"Research Scientist
Location: Tampa, FL

We are looking for a research scientist to join our analytics team. Responsibilities include building models, cleaning data and communicating insights. Required skills: Excel, SQL.",4.2,"Gallup
4.2","Tampa, FL","Tampa, FL",201 to 500 employees,1957,Company - Public,Energy,"Oil, Gas, Energy & Utilities",$10+ billion (USD),-1,0,0,73,116,94.5,"Gallup
",FL,1,63,0,0,0,0,1
Senior Data Scientist,$100K-$185K (Glassdoor est.),"Senior Data Scientist
Location: Goleta, CA

We are looking for a senior data scientist to join our analytics team. Responsibilities include building models, cleaning data and communicating insights. Required skills: SQL, statistics.",4.3,"PNNL
4.3","Goleta, CA","San Francisco, CA",1001 to 5000 employees,1997,Company - Public,Biotech & Pharmaceuticals,Biotech & Pharmaceuticals,$1 to $5 million (USD),-1,0,0,100,185,142.5,"PNNL
",CA,1,23,0,0,0,0,0
Data Engineer,$71K-$113K (Glassdoor est.),"Data Engineer
Location: San Francisco, CA

We are looking for a data engineer to join our analytics team. Responsibilities include building models, cleaning data and communicating insights. Required skills: Spark, Excel, SQL.",3.9,"Affinity Solutions
3.9","San Francisco, CA","San Jose, CA",5001 to 10000 employees,1841,Company - Public,Security Services,Business Services,$100 to $500 million (USD),-1,0,0,71,113,92.0,"Affinity Solutions
",CA,1,179,0,0,1,0,1
Data Analyst,$58K-$92K (Glassdoor est.),"Data Analyst
Location: New York, NY

We are looking for a data analyst to join our analytics team. Responsibilities include building models, cleaning data and communicating insights. Required skills: Python, Excel, SQL.",3.8,"PNNL
3.8","New York, NY","New York, NY",51 to 200 employees,1979,Company - Public,Internet,Information Technology,$10+ billion (USD),-1,0,0,58,92,75.0,"PNNL
",NY,1,41,1,0,0,0,1
Data Engineer,$64K-$116K (Glassdoor est.),"Data Engineer
Location: Cambridge, MA

We are looking for a data engineer to join our analytics team. Responsibilities include building models, cleaning data and communicating insights. Required skills: Spark, SQL.",3.7,"Blue Cross Blue Shield
3.7","Cambridge, MA","Chicago, IL",501 to 1000 employees,1869,Company - Private,Security Services,Business Services,$500 million to $1 billion (USD),-1,0,0,64,116,90.0,"Blue Cross Blue Shield
",MA,0,151,0,0,1,0,0
Lead Data Scientist,$132K-$184K (Glassdoor est.),"Lead Data Scientist
Location: Goleta, CA

We are looking for a lead data scientist to join our analytics team. Responsibilities include building models, cleaning data and communicating insights. Required skills: Python, Spark, SQL.",3.1,"Blue Cross Blue Shield
3.1","Goleta, CA","San Francisco, CA",201 to 500 employees,1905,Nonprofit Organization,Security Services,Business Services,$50 to $100 million (USD),-1,0,0,132,184,158.0,"Blue Cross Blue Shield
",CA,1,115,1,0,1,0,0
Senior Data Scientist,$107K-$178K (Glassdoor est.),"Senior Data Scientist
Location: Boston, MA

We are looking for a senior data scientist to join our analytics team. Responsibilities include building models, cleaning data and communicating insights. Required skills: Spark, Excel, SQL.",3.5,"Takeda
3.5","Boston, MA","Boston, MA",1 to 50 employees,1870,Nonprofit Organization,Insurance Carriers,Insurance,$10 to $25 million (USD),"Logic20/20, KnowBe4",0,0,107,178,142.5,"Takeda
",MA,1,150,0,0,1,0,1
Senior Data Scientist,$88K-$138K (Glassdoor est.),"Senior Data Scientist
Location: San Jose, CA

We are looking for a senior data scientist to join our analytics team. Responsibilities include building models, cleaning data and communicating insights. Required skills: Excel, SQL.",3.5,"Guardian Life
3.5","San Jose, CA","Baltimore, MD",1001 to 5000 employees,1996,Company - Private,IT Services,Information Technology,Unknown / Non-Applicable,-1,0,0,88,138,113.0,"Guardian Life
",CA,0,24,0,0,0,0,1
